线路,方向记录,站名,原平台ID,状态,说明
番60路,番60路(化龙驾驶人考场--地铁新造站),化龙教练场,BV11018446,skip,无同族平台距车来了坐标≤80m(最近12636949)
南沙49路,南沙49路(三姓路--大岗公交总站),黄阁大道中站,BV09026668,skip,车来了无此站数据
番141路,番141路(江南路站--市桥汽车站),黄阁大道中站,BV09026668,skip,车来了无此站数据
南沙65路,南沙65路(市桥汽车站--潭洲车站),潭洲市场站,BV09302206,skip,无同族平台距车来了坐标≤80m(最近232)
南沙65路,南沙65路(潭洲车站--市桥汽车站),潭洲市场站,BV09302206,skip,无同族平台距车来了坐标≤80m(最近207)
番142路,番142路(潭洲车站--市桥汽车站),潭洲市场站,BV09302206,skip,无同族平台距车来了坐标≤80m(最近194)
莞616路,莞616路(富民路--黄埔新港),华阳湖路口,BV10494263,skip,车来了无此站数据
花都113路,花都113路(皮革城站--田美上庄),美国工业园,BV10015587,skip,车来了无此站数据
莞619路,莞619路(城际麻涌站--城际麻涌站),华阳湖路口,BV10494263,skip,车来了无此站数据
莞619路,莞619路(城际麻涌站--城际麻涌站),华阳湖路口,BV10494263,skip,车来了无此站数据
728路,728路(地铁龙归站总站--良田村委总站),北太路柏塘村口站,BV11166353,skip,无同族平台距车来了坐标≤80m(最近603)
837路,837路(太和总站--江高小塘总站),鹤龙四路(龙兴西路口)2,BV09226081,applied,"鹤龙四路(龙兴西路口)1站(原行知学院站)(24m,距几何26m)"
南55路,南55路(高铁庆盛站--新兴村委总站),高铁庆盛站1,BV09410623,skip,车来了无此站数据
222路,222路(芳村丰年路总站--地铁五羊邨站总站),西塱,BV11687844,skip,方向记录中无此站
69路,69路(汾水小区总站--大塘总站),西塱,BV11687844,skip,方向记录中无此站
70路,70路(水秀一路总站--沥滘总站),西塱,BV11687844,skip,方向记录中无此站
91路,91路(南方茶叶市场总站--珠光路总站),西塱,BV11687844,skip,方向记录中无此站
夜103路,夜103路(穗盐路总站--地铁江泰路站总站),西塱,BV11687844,skip,方向记录中无此站
广565路,广565路(穗盐路总站--瑞宝乡总站),西塱,BV11687844,skip,方向记录中无此站
302A路,302A路(广州火车东站总站--雅居乐总站),林和西路,BV11688381,skip,方向记录中无此站
从906路,从906路(从化汽车站总站--龙新村委),灌村中学,BV11115207,skip,车来了无此站数据
夜74路,夜74路(广州火车东站总站--太和总站(沙亭岗村)),太和文化广场,BV09005242,skip,无同族平台距车来了坐标≤80m(最近148)
6路,6路(天河北公交总站--黄沙总站),广州体院,BV09375062,skip,方向记录中无此站
985路,985路(太和总站--地铁高增站总站),太和文化广场,BV09005242,skip,无同族平台距车来了坐标≤80m(最近148)
夜86路,夜86路(太和总站--地铁龙归站总站),太和文化广场,BV09005242,applied,"太和文化广场2(7m,距几何11m)"
莞615路,莞615路(中堂城轨站--中堂城轨站),中堂路口,BV10262823,skip,无同族平台距车来了坐标≤80m(最近179)
南36路,南36路(西樵幼儿园站--东涌湖公交总站),太石工业区站,BV09305166,skip,车来了无此站数据
番5路,番5路(大罗村(市广路)--太石工业区总站),太石工业区站,BV09305166,skip,车来了无此站数据
番5路长线,番5路长线(大罗村(市广路)--太石村委),太石工业区,BV09305166,skip,车来了无此站数据
335路,335路(科学城彩频路总站--云埔一路总站),云埔工业区,BV11687962,skip,无同族平台距车来了坐标≤80m(最近455)
增城4路,增城4路(横塱村委--康健公司),横塱村,BV10015371,skip,无同族平台距车来了坐标≤80m(最近696)
番5路,番5路(太石工业区总站--大罗村(市广路)站),太石工业区站,BV09305166,skip,车来了无此站数据
广974路,广974路(金沙洲码头总站--山口园路站),金沙洲路站,BV11688450,skip,车来了无此站数据
246路,246路(太和(丰泰横路)总站--广州火车东站总站),太和文化广场,BV09005242,applied,"太和文化广场2(7m,距几何2m)"
53路,53路(杨桃公园总站--宝岗大道总站),宝岗大道北,BV10016120,skip,无同族平台距车来了坐标≤80m(最近340)
973路,973路(太和(丰泰横路)总站--兴丰村总站),太和文化广场,BV09005242,applied,"太和文化广场2(7m,距几何2m)"
976路,976路(竹三村总站--太和总站),太和文化广场,BV09005242,applied,"太和文化广场2(7m,距几何2m)"
夜74路,夜74路(太和总站(沙亭岗村)--广州火车东站总站),太和文化广场,BV09005242,applied,"太和文化广场2(7m,距几何2m)"
825路,825路(江高总站(大松岗)--广州佐航花都雅瑶恒通汽车站总站),雄丰路口站,BV11688084,skip,车来了无此站数据
南沙18路,南沙18路(蕉门地铁(区政府)站--南沙湾总站),金岭南路站,BV10015855,skip,无同族平台距车来了坐标≤80m(最近792)
南沙49路,南沙49路(大岗公交总站--三姓路站),金岭南路站,BV10015855,skip,无同族平台距车来了坐标≤80m(最近792)
番141路,番141路(市桥汽车站--江南路站),金岭南路站,BV10015855,skip,车来了无此站数据
825路,825路(江高总站(大松岗)--广州佐航花都雅瑶恒通汽车站总站),郭塘站,BV09245330,skip,车来了无此站数据
825路,825路(雅瑶公交总站--江高总站),郭塘,BV09245330,skip,车来了无此站数据
增城39路,增城39路(仙村公交总站--尚东阳光),仙村路口站,BV11690284,skip,无同族平台距车来了坐标≤80m(最近140)
B24路,B24路(车陂总站--黄埔低空经济创新中心总站),车陂南站,BV10014565,skip,无同族平台距车来了坐标≤80m(最近227)
番182路,番182路(沙溪大道东总站--周山岗总站),地铁会江站,BV10023162,skip,无同族平台距车来了坐标≤80m(最近2164)
541路,541路(恒宝广场总站--汇景新城东总站),白云路站,BV11688476,applied,"白云路1(17m,距几何27m)"
夜39路,夜39路(恒宝广场总站--科韵路总站),白云路站,BV11688476,applied,"白云路1(17m,距几何27m)"
广231路,广231路(和顺车站总站--广州火车站(草暖公园)总站),金沙洲路,BV11688450,applied,"金沙洲路2(12m,距几何3m)"
广277路,广277路(沙面新城总站--西塱社区总站),西塱,BV11687844,skip,方向记录中无此站
503路,503路(天河客运站总站--杨桃公园总站),车陂南,BV10014565,skip,无同族平台距车来了坐标≤80m(最近227)
广276路,广276路(万科四季花城总站--南洲北路总站),金沙洲路,BV11688450,skip,方向记录中无此站
471路,471路(石湖镇东路总站--草庄村总站),太和文化广场,BV09005242,skip,车来了无此站数据
976路,976路(太和总站--竹三村总站),太和文化广场,BV09005242,skip,无同族平台距车来了坐标≤80m(最近148)
南50路,南50路(励业染厂站--鱼窝头二中站),太石工业区站,BV09305166,skip,车来了无此站数据
番150路,番150路(儿童公园总站--鱼窝头车站),太石工业区站,BV09305166,skip,无同族平台距车来了坐标≤80m(最近678)
帽峰山旅游专线1线,帽峰山旅游专线1线(太和地铁站A口--帽峰山森林公园),太和文化广场,BV09005242,skip,车来了无此站数据
21路,21路(解放北路总站(应元路口)--均禾工业区总站(清湖村)),平沙,BV11688453,skip,车来了坐标距原平台仅13m，无需换台
广974路班车,广974路班车(城西花园站--东秀路总站),金沙洲路,BV11688450,skip,方向记录中无此站
广夜91路,广夜91路(金沙洲码头总站--西华村总站),金沙洲路,BV11688450,skip,方向记录中无此站
广231路,广231路(广州火车站总站--和顺车站总站),金沙洲路,BV11688450,skip,方向记录中无此站
126路,126路(凰岗总站--天河客运站总站),元岗路,BV10016357,skip,无同族平台距车来了坐标≤80m(最近223)
夜90路,夜90路(凰岗总站--天河客运站总站),元岗路,BV10016357,skip,无同族平台距车来了坐标≤80m(最近223)
从408路,从408路(爱群村委--鳌头公交总站),龙潭路口,BV10877113,skip,无同族平台距车来了坐标≤80m(最近179)
21路,21路(均禾工业区总站(清湖村)--解放北路总站(应元路口)),清湖村口,BV11690766,skip,方向记录中无此站
566路,566路(永和总站--黄埔新城(沙步一横路)总站),云埔工业区,BV11687962,skip,无同族平台距车来了坐标≤80m(最近455)
花18路,花18路(中建映花悦府--新和村),花都广场,BV10016943,applied,"花都广场(区政府)(22m,距几何11m)"
花18路,花18路(新和村--中建映花悦府),花都广场,BV10016943,applied,"花都广场(区政府)(22m,距几何16m)"
339路,339路(地铁鱼珠站总站--萝岗香雪总站),开泰大道(新阳路口),BV11466898,applied,"开泰大道(开达路口)(4m,距几何11m)"
302路,302路(广州火车东站总站--市桥汽车站总站),林和西路,BV11688381,skip,方向记录中无此站
363路,363路(广州火车东站总站--穗港码头总站),林和西路,BV11688381,skip,方向记录中无此站
45路,45路(广州火车东站总站--小洲总站),林和西路,BV11688381,skip,方向记录中无此站
夜74路,夜74路(广州火车东站总站--太和总站(沙亭岗村)),林和西路,BV11688381,skip,方向记录中无此站
广283路,广283路(万科四季花城总站--广州火车东站总站),金沙洲路,BV11688450,applied,"金沙洲路1(25m,距几何20m)"
广高峰快线30路,广高峰快线30路(万科四季花城总站--体育中心),金沙洲路,BV11688450,skip,方向记录中无此站
广12路,广12路(万科四季花城总站--二沙岛西总站),金沙洲路,BV11688450,skip,方向记录中无此站
667路,667路(地铁江夏站总站--地铁江夏站总站),空港大道,BV11621666,skip,车来了无此站数据
番5路长线,番5路长线(太石工业区总站--大罗村(市广路)),太石工业区,BV09305166,skip,车来了无此站数据
花85路,花85路(天湖峰境总站--广州北站总站),花都广场,BV10016943,applied,"花都广场(区政府)(35m,距几何15m)"
579路,579路(南岗万达广场总站--中海誉城总站),开创大道口,BV10884933,skip,车来了无此站数据
884路,884路(天健创意园总站--广州火车东站总站),元岗路,BV10016357,skip,车来了无此站数据
南1路B,南1路B(海力花园站--广州船坞总站),金岭南路站,BV10015855,skip,车来了无此站数据
453A路,453A路(沿河路总站--沿河路总站),东晖路,BV10703778,skip,车来了无此站数据
453A路,453A路(沿河路总站--沿河路总站),东晖路,BV10703778,skip,车来了无此站数据
番28B路,番28B路(大刀沙村尾--前锋总站),地铁石碁南站(前锋村),BV09339921,skip,车来了无此站数据
番182路,番182路(周山岗总站--沙溪大道东总站),地铁会江站,BV10023162,skip,无同族平台距车来了坐标≤80m(最近2157)
南55路,南55路(高铁庆盛站--新兴村委总站),亭角村站,BV10015929,skip,车来了无此站数据
高峰快线24路,高峰快线24路(广州火车东站总站--港湾一村),林和西路,BV11688381,skip,方向记录中无此站
11路,11路(广州火车东站总站--大元帅府总站),林和西路,BV11688381,skip,方向记录中无此站
214路,214路(广州火车东站总站--新塘总站),林和西路,BV11688381,skip,方向记录中无此站
246路,246路(太和(丰泰横路)总站--广州火车东站总站),林和西路,BV11688381,skip,方向记录中无此站
41路,41路(广州火车东站总站--汇景北路总站),林和西路站,BV11688381,skip,方向记录中无此站
884路,884路(天健创意园总站--广州火车东站总站),林和西路,BV11688381,skip,方向记录中无此站
B19路,B19路(广州火车东站总站--杨桃公园总站),林和西路,BV11688381,skip,方向记录中无此站
B20路,B20路(广州火车东站总站--天河儿童公园北门总站),林和西路,BV11688381,skip,方向记录中无此站
广283路,广283路(广州火车东站总站--万科四季花城总站),林和西路,BV11688381,skip,方向记录中无此站
佛276路/佛276,佛276路/佛276(干)路(东方广场北门--罗冲围客运站),金沙洲路,BV11688450,skip,方向记录中无此站
夜122路,夜122路(白沙(中海金沙湾)总站--永泰新村总站),金沙洲路站,BV11688450,skip,方向记录中无此站
广424路,广424路(白沙总站--白云文化广场总站),金沙洲路站,BV11688450,applied,"金沙洲路2(12m,距几何5m)"
32路,32路(黄石路总站--华工大总站),远景路,BV11688397,skip,方向记录中无此站
58路,58路(时代玫瑰园总站--广医一院总站(靖海路)),远景路,BV11688397,skip,方向记录中无此站
旅游公交2线,旅游公交2线(珠江帝景苑总站--中山八路总站),滨江东路,BV10018259,skip,无同族平台距车来了坐标≤80m(最近1789)
从化921路,从化921路(花林湖畔总站--地铁东风站),明珠管委会,BV10017884,skip,车来了无此站数据
南沙70路,南沙70路(蕉门公交总站--市桥汽车站),汽车城地铁站,BV10016577,skip,车来了无此站数据
番202路旅游专线,番202路旅游专线(大学城科学中心总站--大学城体育中心总站),综合商业北区,BV10013797,skip,无同族平台距车来了坐标≤80m(最近107)
南沙4路,南沙4路(蕉门公交总站--滨海公园站),金岭南路站,BV10015855,skip,无同族平台距车来了坐标≤80m(最近792)
569路,569路(沿河路总站--萝岗香雪总站),东晖路,BV10703778,applied,"东晖路(夏园农民公寓)(4m,距几何4m)"
旅游公交3线,旅游公交3线(中成路总站--琶洲石基村总站),林和西路,BV11688381,skip,方向记录中无此站
从3路,从3路(花林湖畔总站--上游路总站),明珠管委会,BV10017884,skip,车来了坐标距原平台仅100m，无需换台
南沙1路,南沙1路(蕉门公交总站--广州船坞总站),金岭南路站,BV10015855,skip,车来了无此站数据
花15路,花15路(飞鹅岭地铁总站--赤坭西莲塘村委总站),四角围,BV09404948,skip,车来了无此站数据
花15B路,花15B路(飞鹅岭地铁总站--塱头村),四角围,BV09404948,skip,车来了无此站数据
花5路,花5路(站前路公交总站--炭步总站),四角围,BV09404948,skip,无同族平台距车来了坐标≤80m(最近317)
广283路班车,广283路班车(白沙(中海金沙湾)总站--天河公交场总站),金沙洲路,BV11688450,applied,"金沙洲路1(25m,距几何27m)"
264路,264路(广仁路总站--仑头总站),海印桥南,BV11688474,skip,方向记录中无此站
541路,541路(汇景新城东总站--恒宝广场总站),白云路,BV11688476,skip,方向记录中无此站
夜39路,夜39路(科韵路总站--恒宝广场总站),白云路,BV11688476,skip,方向记录中无此站
42路,42路(白沙总站--白沙(中海金沙湾)总站),金沙洲路站,BV11688450,skip,车来了无此站数据
从21路长线,从21路长线(珠江学院(东北门)--地铁东风站),西街口,BV11492267,skip,车来了无此站数据
从夜3路,从夜3路(从化汽车站总站--地铁东风站总站),西街口,BV11492267,skip,无同族平台距车来了坐标≤80m(最近634)
佛276路/佛276,佛276路/佛276(干)路(罗冲围客运站--东方广场北门总站),金沙洲路,BV11688450,skip,方向记录中无此站
夜122路,夜122路(永泰新村总站--白沙(中海金沙湾)总站),金沙洲路,BV11688450,skip,方向记录中无此站
76路,76路(东山总站(东华北路)--百顺北路总站),集贤苑教师新村,BV11482216,skip,无同族平台距车来了坐标≤80m(最近309)
83路,83路(白云山制药厂总站--广汕路(科景路口)总站),元岗路,BV10016357,skip,无同族平台距车来了坐标≤80m(最近223)
从21路长线,从21路长线(地铁东风站--珠江学院(东北门)),西街口,BV11492267,skip,车来了无此站数据
从夜3路,从夜3路(地铁东风站总站--从化汽车站总站),西街口,BV11492267,skip,无同族平台距车来了坐标≤80m(最近634)
656路,656路(龙归城总站--地铁嘉禾望岗站总站),集贤苑教师新村,BV11482216,skip,车来了无此站数据
大学城专线3路,大学城专线3路(广东药学院总站--大学城总站(中部枢纽)),仑头村,BV10019621,skip,车来了无此站数据
莞616路,莞616路(黄埔新港--富民路),华阳湖路口,BV10494263,skip,车来了无此站数据
夜107路,夜107路(石井(广东兵工厂旧址)站--白云路总站),解放南路站,BV11688454,skip,方向记录中无此站
南沙70路,南沙70路(市桥汽车站--蕉门公交总站),汽车城地铁站,BV10016577,skip,车来了无此站数据
35路,35路(文德路总站--大学城科学中心总站),白云路,BV11688476,applied,"白云路1(17m,距几何27m)"
506路,506路(科韵路总站--永和总站),科学城路口,BV11467027,skip,无同族平台距车来了坐标≤80m(最近369)
569路,569路(萝岗香雪总站--沿河路总站),东晖路,BV10703778,applied,"东晖路(夏园农民公寓)(58m,距几何8m)"
496路,496路(科韵路总站--科学城(揽月路)总站),科学城路口,BV11467027,skip,无同族平台距车来了坐标≤80m(最近369)
979路,979路(良田村委总站--马洞森林公园总站),钟落潭高校园,BV11166864,skip,无同族平台距车来了坐标≤80m(最近182)
981路,981路(永泰新村总站--机场路总站),空港大道,BV11621666,skip,车来了无此站数据
夜76路,夜76路(太和总站--罗冲围总站(松南路)),空港大道,BV11621666,skip,车来了无此站数据
189路,189路(石榴岗总站--机场路总站),江海大道中,BV11687940,applied,"江海大道中总站(5m,距几何8m)"
206路,206路(新滘东路总站--滘口客运站总站),江海大道中站,BV11687940,applied,"江海大道中总站(5m,距几何8m)"
37路,37路(赤沙总站--东山口总站),江海大道中,BV11687940,applied,"江海大道中总站(5m,距几何8m)"
增城34路,增城34路(二汽石滩客运站--214站),仙村路口,BV11690284,skip,无同族平台距车来了坐标≤80m(最近142)
209路,209路(坦尾总站--广州火车东站总站),南方大厦,BV11688451,skip,方向记录中无此站
996路,996路(水秀二路总站--水秀二路总站),增南路口,BV10018580,skip,无同族平台距车来了坐标≤80m(最近214)
增城3路,增城3路(百花山庄--职教园区公交站),荔城三中,BV10020763,skip,无同族平台距车来了坐标≤80m(最近153)
广283路班车,广283路班车(天河公交场总站--白沙总站),金沙洲路站,BV11688450,skip,方向记录中无此站
广424路,广424路(白云文化广场总站--白沙总站),金沙洲路,BV11688450,skip,方向记录中无此站
南沙4路,南沙4路(18:30后)(南沙资讯科技园站--蕉门公交总站),金洲地铁站,BV10015863,skip,车来了无此站数据
夜81路,夜81路(车陂总站--广汕路(科景路口)总站),科学城路口,BV11467027,skip,无同族平台距车来了坐标≤80m(最近369)
花109路,花109路(融创公交总站--胡忠儿童医院),花都广场,BV10016943,skip,车来了无此站数据
南夜4路,南夜4路(金洲地铁站--地铁广隆站),金岭南路站,BV10015855,skip,车来了无此站数据
夜4路,夜4路(恒福路总站--海珠客运站总站),白云宾馆,BV11009137,skip,无同族平台距车来了坐标≤80m(最近242)
番夜5路,番夜5路(广州南站总站--奥园广场总站),钻汇广场东门,BV09200219,skip,车来了无此站数据
268路,268路(白云花园总站--泮塘总站),远景路,BV11688397,skip,方向记录中无此站
58A路,58A路(唐阁村总站--解放北路总站(应元路口)),远景路,BV11688397,skip,方向记录中无此站
花15B路,花15B路(塱头村--飞鹅岭地铁口总站),四角围,BV09404948,skip,车来了无此站数据
556路,556路(文化公园总站--石井总站),南方大厦,BV11688451,skip,方向记录中无此站
夜26路,夜26路(文化公园总站--石井),南方大厦,BV11688451,skip,方向记录中无此站
夜7路,夜7路(纸厂横马路总站--广州火车站总站),南方大厦,BV11688451,skip,方向记录中无此站
南沙54路,南沙54路(滨海公园--雁洲村总站),黄阁大道中站,BV09026668,skip,无同族平台距车来了坐标≤80m(最近184)
花5路,花5路(炭步总站--站前路公交总站),四角围,BV09404948,skip,无同族平台距车来了坐标≤80m(最近317)
56路,56路(天平架总站--光塔路总站),中山纪念堂,BV09404373,skip,方向记录中无此站
30路,30路(龙洞总站--东山广场总站),地铁植物园站,BV10855094,skip,无同族平台距车来了坐标≤80m(最近399)
793路,793路(龙归城总站--司法学校总站),鹤龙四路(龙兴西路口),BV09196447,applied,"鹤龙四路(龙兴西路口)1站(原行知学院站)(24m,距几何26m)"
979路,979路(马洞森林公园总站--良田村委总站),钟落潭高校园,BV11166864,skip,无同族平台距车来了坐标≤80m(最近224)
425路,425路(百顺北路总站--石井总站),联和2,BV09226063,skip,方向记录中无此站
南53路,南53路(南沙儿童公园站--南沙湾总站),万达广场站,BV10381619,skip,车来了无此站数据
39路,39路(龙洞总站--天河公交场总站),地铁植物园站,BV10855094,skip,无同族平台距车来了坐标≤80m(最近399)
夜10路,夜10路(龙洞总站--东山口总站),地铁植物园站,BV10855094,skip,无同族平台距车来了坐标≤80m(最近399)
264路,264路(仑头总站--广仁路总站),海印桥南,BV11688474,skip,方向记录中无此站
31路,31路(南石西(地铁棣园站)总站--解放北路总站(应元路口)),南方大厦,BV11688451,skip,方向记录中无此站
38路,38路(文化公园总站--时代玫瑰园总站),南方大厦,BV11688451,skip,方向记录中无此站
523路,523路(江高总站--广州白云站公交总站),联和2,BV09226063,skip,方向记录中无此站
743路,743路(百顺北路(岭南新世界)总站--汇侨新城总站),联和2,BV09226063,skip,方向记录中无此站
番96路,番96路(市桥汽车站--大石中学总站),钟村市场,BV11689053,skip,车来了无此站数据
703路,703路(机场路总站--荔红路总站),平沙路口,BV09000463,skip,车来了无此站数据
夜87路,夜87路(机场路总站--广州北站(秀全大道)),平沙路口,BV09000463,skip,无同族平台距车来了坐标≤80m(最近350)
54路,54路(中科院化学所总站--东华南路总站),白云路,BV11688476,applied,"白云路1(17m,距几何28m)"
226路,226路(大塘总站--恒宝广场总站),华贵路口,BV10016189,skip,无同族平台距车来了坐标≤80m(最近176)
541路,541路(汇景新城东总站--恒宝广场总站),华贵路口,BV10016189,skip,无同族平台距车来了坐标≤80m(最近176)
夜39路,夜39路(科韵路总站--恒宝广场总站),华贵路口,BV10016189,skip,无同族平台距车来了坐标≤80m(最近176)
660路环线,660路环线(广外总站--广外总站),黄石东路(云城西路口)站,BV11688425,skip,车来了无此站数据
广424路,广424路(白云文化广场总站--白沙总站),黄石东路(云城西路口)站,BV11688425,skip,无同族平台距车来了坐标≤80m(最近124)
706路,706路(广州北站(秀全大道)--东山广场总站),联和2,BV09226063,skip,方向记录中无此站
448路,448路(奥林匹克体育中心总站--科林路总站),科学城路口,BV11467027,skip,车来了无此站数据
夜13路,夜13路(梅东路总站--天河儿童公园北门总站),锦城花园,BV11171452,applied,"锦城花园总站(东风东)(80m,距几何23m)"
花都113路,花都113路(田美上庄--皮革城站),美国工业园,BV10015587,skip,车来了无此站数据
B22路,B22路(五羊邨总站--广州科学城总站(长安村)),科学城路口,BV11467027,skip,无同族平台距车来了坐标≤80m(最近369)
367路,367路(火村东总站--中海誉城总站),开源大道,BV09067478,skip,无同族平台距车来了坐标≤80m(最近223)
397路,397路(萝岗香雪总站--丹水坑风景区总站),开源大道,BV09067478,skip,无同族平台距车来了坐标≤80m(最近260)
940路,940路(南岗万达广场总站--小塱总站),开创大道口,BV10884933,skip,无同族平台距车来了坐标≤80m(最近2482)
707路,707路(神山--人和总站),东镜市场站,BV11688085,skip,无同族平台距车来了坐标≤80m(最近462)
393路,393路(黄埔低空经济创新中心总站--连云路总站),开泰大道(开源路口),BV09237474,skip,车来了无此站数据
495路,495路(琶洲塔公交总站--玉树新村总站),车陂南站,BV10014565,skip,无同族平台距车来了坐标≤80m(最近227)
