方向记录,匹配状态,原因/车来了方向
10路(恒福路总站--昌岗路总站),已匹配,23/23
10路(昌岗路总站--恒福路总站),已匹配,24/24
11路(大元帅府总站--广州火车东站总站),已匹配,19/20
11路(广州火车东站总站--大元帅府总站),已匹配,23/24
121A路(珠江帝景苑总站--芳和花园总站),已匹配,29/30
121A路(芳和花园总站--珠江帝景苑总站),已匹配,32/33
121路(珠江帝景苑总站--西塱社区总站),已匹配,25/27
121路(西塱社区总站--珠江帝景苑总站),已匹配,29/32
122路(丽江花园总站--广州火车东站总站),已匹配,18/18
122路(广州火车东站总站--丽江花园总站),已匹配,15/15
124路(云苑新村总站--滘口客运站总站),已匹配,17/17
124路(滘口客运站总站--云苑新村总站),已匹配,17/17
125路(丽江花园总站--花园酒店站),已匹配,20/20
125路(花园酒店站--丽江花园总站),已匹配,19/19
126路(凰岗总站--天河客运站总站),已匹配,33/33
126路(天河客运站总站--凰岗总站),已匹配,34/34
128路(海印桥总站--珠岛花园总站),已匹配,23/23
128路(珠岛花园总站--海印桥总站),已匹配,21/21
129路(南国奥林匹克花园总站--锦城花园(东风东)总站),已匹配,28/31
129路(锦城花园总站(东风东)--南国奥林匹克花园总站),已匹配,31/31
12A路环线(万科四季花城总站--万科四季花城总站),未匹配,missing
130路(华景新城总站--大塘总站),已匹配,20/20
130路(大塘总站--华景新城总站),已匹配,21/21
131A路(赤岗总站--赤岗总站),已匹配,32/34
131B路(赤岗总站--赤岗总站),已匹配,35/37
133路(中山八路总站--龙口西(穗园小区)总站),已匹配,20/20
133路(龙口西(穗园小区)总站--中山八路总站),已匹配,21/21
134路(一德西总站--泽德花苑总站),已匹配,21/21
134路(泽德花苑总站--一德西总站),已匹配,18/18
136路(南湖总站--天河公交场总站),已匹配,22/22
136路(天河公交场总站--南湖总站),已匹配,23/23
137路(广州火车东站总站--新洲码头总站),已匹配,25/25
137路(新洲码头总站--广州火车东站总站),已匹配,23/23
138路(东莞庄总站--华成路总站),已匹配,16/16
138路(华成路总站--东莞庄总站),已匹配,16/16
140路(元岗总站--员村总站),已匹配,24/24
140路(员村总站--元岗总站),已匹配,23/23
14路(广卫路总站--赤沙总站),已匹配,25/25
14路(赤沙总站--广卫路总站),已匹配,24/24
15路(汾水小区总站--西华路尾总站),已匹配,14/14
15路(西华路尾总站--汾水小区总站),已匹配,13/13
16路(凤凰岗总站--天平架总站),已匹配,24/24
16路(天平架总站--凤凰岗总站),已匹配,19/19
175路(同德围总站--广州火车东站总站),已匹配,23/23
175路(广州火车东站总站--同德围总站),已匹配,25/25
176路(广州火车站总站--潭村总站),已匹配,21/21
176路(潭村总站--广州火车站总站),已匹配,24/24
179路(上步总站--白云山制药厂总站),已匹配,33/33
179路(白云山制药厂总站--上步总站),已匹配,32/32
17路(凰岗总站--德星路总站),已匹配,25/26
17路(德星路总站--凰岗总站),已匹配,27/27
180路(南洲路总站(小洲南路口)--解放北路总站(应元路口)),已匹配,30/30
180路(解放北路总站(应元路口)--南洲路总站(小洲南路口)),已匹配,33/33
181路(坑口地铁站总站--景泰坑总站),未匹配,missing
181路(景泰坑临时总站--坑口地铁站总站),未匹配,missing
182路(云苑新村总站--逸景翠园总站),已匹配,25/26
182路(逸景翠园总站--云苑新村总站),已匹配,25/27
183路(广州火车东站总站--汾水小区总站),已匹配,28/28
183路(汾水小区总站--广州火车东站总站),已匹配,29/30
184路(大塘总站--横枝岗总站),已匹配,23/23
184路(横枝岗总站--大塘总站),已匹配,25/25
185路(泽德花苑总站--锦城花园总站(东风东)),已匹配,18/18
185路(锦城花园总站(东风东)--泽德花苑总站),已匹配,19/19
186路(广园新村总站--珠江医院总站),已匹配,28/28
186路(珠江医院总站--广园新村总站),已匹配,28/28
188路(大基头总站--大基头总站),已匹配,22/22
189路(机场路总站--石榴岗总站),已匹配,23/24
189路(石榴岗总站--机场路总站),已匹配,26/27
18路(体育中心--赤沙总站),未匹配,missing
18路(赤沙总站--体育中心),未匹配,missing
190路(大塘总站--柯子岭总站3),已匹配,29/29
190路(柯子岭总站3--大塘总站),已匹配,33/33
191路(华景新城总站--市红会医院北门总站),已匹配,24/24
191路(市红会医院北门总站--华景新城总站),已匹配,25/25
192路(水荫路总站--珠江医院总站),已匹配,20/20
192路(珠江医院总站--水荫路总站),已匹配,24/24
193路(广卫路总站--汾水小区总站),已匹配,18/18
193路(汾水小区总站--广卫路总站),已匹配,17/17
194路(华景新城(翰景路)总站--宝岗大道总站),已匹配,34/35
194路(宝岗大道总站--华景新城总站(翰景路)),已匹配,34/35
195路(南洲路总站(小洲南路口)--广州火车东站总站),已匹配,26/26
195路(广州火车东站总站--南洲路总站(小洲南路口)),已匹配,23/23
198路(机场路总站--潭村总站),已匹配,19/20
198路(潭村总站--招呼站),已匹配,19/20
198路(潭村总站--机场路总站),已匹配,20/20
199路(水荫路总站--齐富路总站),已匹配,21/23
199路(齐富路总站--水荫路总站),已匹配,22/22
19路(岭南V谷总站--桥中总站),已匹配,26/26
19路(桥中总站--岭南V谷总站),已匹配,23/23
19路直达快线(广州城市理工学院--百寿南路),未匹配,missing
19路直达快线(百寿南路--广州城市理工学院),未匹配,missing
1路(东山总站(署前路)--芳村花园南门总站),已匹配,21/21
1路(芳村花园南门总站--东山总站(署前路)),已匹配,23/23
201路(先烈南路总站--犀牛角村总站),未匹配,missing
201路(犀牛角村总站--先烈南路总站),未匹配,missing
204路(中山八路总站--珠江帝景苑总站),已匹配,24/24
204路(珠江帝景苑总站--中山八路总站),已匹配,25/25
206路(新滘东路总站--滘口客运站总站),已匹配,26/27
206路(滘口客运站总站--新滘东路总站),已匹配,28/29
207路(广州花卉博览园总站--恒宝广场总站),已匹配,33/34
207路(恒宝广场总站--广州花卉博览园总站),已匹配,32/33
208路(中山八路总站--大塘西总站(敦和)),已匹配,22/22
208路(大塘西总站(敦和)--中山八路总站),已匹配,24/25
209路(坦尾总站--广州火车东站总站),未匹配,missing
209路(广州火车东站总站--坦尾总站),未匹配,missing
20路(大塘总站--汇景北路总站),已匹配,20/20
20路(汇景北路总站2--大塘总站),已匹配,19/19
210路(广州火车站总站--石化路总站),已匹配,20/20
210路(石化路总站--广州火车站总站),已匹配,23/23
211路(南浦岛总站--广州火车站总站),已匹配,38/39
211路(广州火车站总站--南浦岛总站),已匹配,38/39
214路(广州火车东站总站--新塘总站),已匹配,27/35
214路(新塘总站--广州火车东总站),已匹配,25/35
215路(东山龟岗(中共三大会址)总站--同德围总站),已匹配,22/25
215路(同德围总站--东山龟岗总站),已匹配,27/27
217路(广卫路总站--芳村西塱总站),已匹配,17/17
217路(芳村西塱总站--广卫路总站),已匹配,18/18
218路(中科院化学所总站--杨桃公园总站),已匹配,26/26
218路(杨桃公园总站--中科院化学所总站),已匹配,27/28
21路(均禾工业区总站(清湖村)--解放北路总站(应元路口)),已匹配,34/34
21路(解放北路总站(应元路口)--均禾工业区总站(清湖村)),已匹配,33/33
220路(动物园总站(先烈中路)--南箕路总站),已匹配,26/26
220路(南箕路总站--动物园总站(先烈中路)),已匹配,26/26
221路(沥滘总站--锦城花园总站(东风东)),已匹配,25/25
221路(锦城花园总站(东风东)--沥滘总站),已匹配,27/27
222路(地铁五羊邨站总站--芳村丰年路总站),已匹配,29/30
222路(芳村丰年路总站--地铁五羊邨站总站),已匹配,28/29
223路(白云花园总站--白云路总站),已匹配,20/20
223路(白云路总站--白云花园总站),已匹配,22/22
225路(机务段总站--滨江东路总站),已匹配,18/19
225路(滨江东路总站--机务段总站),已匹配,23/23
226路(大塘总站--恒宝广场总站),已匹配,26/26
226路(恒宝广场总站--大塘总站),已匹配,26/26
229路(琶洲石基村总站--罗冲围总站(松南路)),已匹配,30/31
229路(罗冲围总站(松南路)--琶洲石基村总站),已匹配,34/35
230路(华工大总站--南边路总站),已匹配,31/31
230路(南边路总站--华工大总站),已匹配,31/31
230路(节假日)(华工大总站--纸厂横马路总站),已匹配,28/28
233路(广州火车东站总站--滘口客运站总站),已匹配,21/21
233路(滘口客运站总站--广州火车东站总站),已匹配,20/20
236路(天平架总站--滘口客运站总站),已匹配,25/25
236路(滘口客运站总站--天平架总站),已匹配,24/24
238路(康王路总站(上下九)--石井潭村总站),未匹配,missing
238路(石井潭村总站--康王路总站(上下九)),未匹配,missing
239路(华景新城总站(翰景路)--南洲北路总站),已匹配,27/27
239路(南洲北路总站--华景新城总站(翰景路)),已匹配,25/25
243路(员村总站--革新路总站),已匹配,29/29
243路(革新路总站--员村总站),已匹配,32/33
244A路(汇侨新城总站--江南大道南(地铁江泰路站)总站),已匹配,22/23
244A路(江南大道南(地铁江泰路站)总站--汇侨新城总站),已匹配,21/22
244路(江南大道南(地铁江泰路站)总站--黄石东(白云尚城)总站),已匹配,32/33
244路(黄石东(白云尚城)总站--江南大道南(地铁江泰路站)总站),已匹配,34/34
245路(员村一横路总站--黄石东总站),已匹配,29/29
245路(黄石东总站--员村一横路总站),已匹配,27/28
246路(太和(丰泰横路)总站--广州火车东站总站),已匹配,38/38
246路(广州火车东站总站--太和(丰泰横路)总站),已匹配,36/36
247路(南洲北路总站--恒福路总站),已匹配,23/24
247路(恒福路总站--南洲北路总站),已匹配,24/25
24路(云台花园总站--大塘西总站(敦和)),已匹配,25/26
24路(大塘西总站(敦和)--云台花园总站),已匹配,24/25
250路(中山八路总站--石榴岗总站),已匹配,33/33
250路(石榴岗总站--中山八路总站),已匹配,36/37
251路(七星岗总站--黄沙总站),已匹配,33/36
251路(黄沙总站--七星岗总站),已匹配,33/35
252路(外环西路总站--天平架总站),已匹配,30/30
252路(天平架总站--外环西路总站(青创汇)),已匹配,29/29
253路(瑞宝乡总站--罗冲围总站(松南路)),已匹配,20/20
253路(罗冲围总站(松南路)--瑞宝乡总站),已匹配,22/22
254路(广州火车站总站--石井红星村总站),已匹配,18/19
254路(石井红星村总站--广州火车站总站),已匹配,18/18
256路(珠岛花园总站--珠岛花园总站),已匹配,27/27
257路(天河客运站总站--广州火车站总站),未匹配,missing
257路(广州火车站总站--天河客运站总站),未匹配,missing
25路(大坦沙总站--昌岗路总站),已匹配,21/21
25路(昌岗路总站--大坦沙总站),已匹配,23/23
261路(大坦沙总站--鱼珠总站),已匹配,40/40
261路(鱼珠总站--大坦沙总站),已匹配,37/37
262路(新洲码头总站--珠江帝景苑总站),已匹配,19/19
262路(珠江帝景苑总站--新洲码头总站),已匹配,20/20
263路(广州火车东站总站--盈丰路总站),已匹配,19/19
263路(盈丰路总站--广州火车东站总站),已匹配,20/20
264A路(招呼站--珠影),已匹配,13/14
264A路(珠影--仑头总站),已匹配,12/13
264路(仑头总站--广仁路总站),已匹配,29/31
264路(广仁路总站--仑头总站),已匹配,27/29
265路(广卫路总站--环滘村总站),已匹配,24/24
265路(环滘村总站--广卫路总站),已匹配,26/26
266路(汇景北路总站--珠江泳场总站),已匹配,22/22
266路(珠江泳场总站--汇景北路总站),已匹配,22/22
268路(泮塘总站--白云花园总站),已匹配,23/25
268路(白云花园总站--泮塘总站),已匹配,25/26
270路(土华总站--大基头总站),已匹配,31/31
270路(大基头总站--土华总站),已匹配,31/31
271路(广州市儿童公园北门总站--石井鸦岗总站),已匹配,30/31
271路(石井鸦岗总站--广州市儿童公园北门总站),已匹配,32/32
273路(晓港湾总站--柯子岭总站(河田路)),已匹配,18/25
273路(柯子岭总站(河田路)--晓港湾总站),已匹配,20/27
274路(富力桃园(增埗村)总站--黄石路总站),已匹配,22/22
274路(黄石路总站--富力桃园(增埗村)总站),已匹配,18/18
278路(汇侨新城总站--汇侨新城总站),已匹配,33/33
27路(东莞庄总站--广卫路总站),已匹配,23/23
27路(广卫路总站--东莞庄总站),已匹配,23/23
280路(凰岗总站--广州火车东站总站),已匹配,29/29
280路(广州火车东站总站--凰岗总站),已匹配,30/30
284路(员村总站--广园新村总站),已匹配,21/25
284路(广园新村总站--员村总站),已匹配,22/26
285路(云台花园总站--花地大道南总站(鹅公村)),已匹配,27/27
285路(花地大道南总站(鹅公村)--云台花园总站),已匹配,31/31
285路无轨电车短线(云台花园总站--江湾桥南),未匹配,missing
285路无轨电车短线(江湾桥南--云台花园总站),未匹配,missing
287路(动物园总站(先烈中路)--晓港湾总站),已匹配,12/12
287路(晓港湾总站--动物园总站(先烈中路)),已匹配,15/15
288路(祈福新村总站--西华路尾总站),已匹配,36/37
288路(西华路尾总站--祈福新邨总站),已匹配,40/40
28路(珠江嘉苑总站--琶洲塔公交总站),已匹配,18/18
28路(琶洲塔公交总站--珠江嘉苑总站),已匹配,13/13
290路(金沙洲(涛乐街)总站--金沙洲(涛乐街)总站),已匹配,28/28
293路(华景新城总站--广卫路总站),已匹配,32/32
293路(广卫路总站--华景新城总站),已匹配,28/28
297路(乐意居花园总站--黄沙总站),已匹配,33/33
297路(黄沙总站--乐意居花园总站),已匹配,35/35
298路(华景新城总站--夏茅总站),已匹配,33/33
298路(夏茅总站--华景新城总站),已匹配,30/31
299路(员村总站--昌岗路总站),已匹配,27/27
299路(昌岗路总站--员村总站),已匹配,24/24
29路(南边路总站--站南路总站),已匹配,31/31
29路(站南路总站--南边路总站),已匹配,28/28
2路(泮塘总站--锦城花园总站(东风东)),已匹配,19/19
2路(锦城花园总站(东风东)--泮塘总站),已匹配,19/19
301A路(广州南站总站--站前路总站),已匹配,28/28
301A路(站前路总站--广州南站总站),已匹配,29/29
301路(傍雁路临时公交总站--沥滘总站),已匹配,24/37
301路(沥滘总站--傍雁路临时公交总站),已匹配,27/41
302A路(广州火车东站总站--雅居乐总站),已匹配,29/30
302A路(雅居乐--广州火车东站总站),已匹配,31/31
302路(市桥汽车站总站--广州火车东站总站),已匹配,27/28
302路(广州火车东站总站--市桥汽车站总站),已匹配,26/28
303A路(广州南站总站--琶洲塔公交总站),未匹配,missing
303A路(琶洲塔公交总站--广州南站总站),未匹配,missing
303路(太古仓路总站--市桥汽车站总站),已匹配,36/37
303路(市桥汽车站总站--太古仓路总站),已匹配,34/36
304路(棠德花苑总站--长隆旅游度假区总站),已匹配,25/25
304路(长隆旅游度假区总站--棠德花苑总站),已匹配,22/22
305路(广州碧桂园总站--罗冲围总站(松南路)),已匹配,28/28
305路(罗冲围总站(松南路)--广州碧桂园总站),已匹配,26/26
307路/佛307路(榄核公交总站--科目二考场),未匹配,missing
307路/佛307路(科目二考场--榄核公交总站),未匹配,missing
309路(大石地铁站总站--滘口客运站总站),已匹配,23/23
309路(滘口客运站总站--大石地铁站总站),已匹配,24/24
30路(东山广场总站--龙洞总站),已匹配,28/29
30路(龙洞总站--东山广场总站),已匹配,28/30
310路(南浦岛(锦绣半岛)总站--天安科园总站),已匹配,25/26
310路(招呼站--南浦岛总站),已匹配,24/25
310路高峰短线(南浦岛总站--地铁大石站总站),未匹配,missing
310路高峰短线(地铁大石总站--南浦岛总站),未匹配,missing
311路(南浦岛(锦绣半岛)总站--天河公交场总站),已匹配,19/19
311路(天河公交场总站--南浦岛总站),已匹配,22/22
312路(沙坑牌坊站--顺德客运总站),未匹配,无匹配(最高0%)
312路(滘口汽车站总站--祈福新邨总站),已匹配,20/22
312路(祈福新邨总站--滘口客运站),已匹配,21/23
312路(顺德客运总站--沙坑牌坊),未匹配,无匹配(最高0%)
314路(宝墨园总站--顺德客运总站),未匹配,missing
314路(顺德客运总站--番禺宝墨园),未匹配,missing
31路(南石西(地铁棣园站)总站--解放北路总站(应元路口)),已匹配,26/26
31路(解放北路总站(应元路口)--南石西(地铁棣园站)总站),已匹配,26/26
321路(南岗总站--科学城(揽月路)总站),已匹配,26/26
321路(科学城(揽月路)总站--南岗总站),已匹配,29/29
323路(保利爱特城总站--黄埔体育中心总站),已匹配,14/19
323路(黄埔体育中心总站--保利爱特城总站),已匹配,13/18
324路(联和总站(惠联路)--黄埔体育中心总站),已匹配,34/34
324路(黄埔体育中心总站--联和总站(惠联路)),已匹配,34/34
325路(奥林匹克体育中心总站--广汕路(科景路口)总站),已匹配,23/24
325路(广汕路(科景路口)总站--奥林匹克体育中心总站),已匹配,26/26
326路(奥林匹克体育中心总站--科学城(揽月路)总站),已匹配,14/15
326路(科学城总站(揽月路)--奥林匹克体育中心总站),已匹配,18/19
327A路(永和贤江公交总站--科城山庄总站),已匹配,29/31
327A路(科城山庄总站--永和贤江公交总站),已匹配,29/31
327路(萝岗香雪总站--长岭路总站(贤江西)),已匹配,18/22
327路(长岭路总站(贤江西)--萝岗香雪总站),已匹配,19/23
328路(天鹅谷(峨山经济社)总站--天鹅谷(峨山经济社)总站),已匹配,25/28
328路支线(天鹅谷总站--萝岗中医院),未匹配,missing
328路支线(萝岗中医院--天鹅谷总站),未匹配,missing
329路(地铁鱼珠站总站--地铁鱼珠站总站),已匹配,23/23
32路(华工大总站--黄石路总站),未匹配,missing
32路(黄石路总站--华工大总站),未匹配,missing
330A路(华峰路口总站--长贝二路(恒兆广场)总站),已匹配,22/22
330A路(长贝二路(恒兆广场)总站--华峰路口总站),已匹配,21/21
330路(永和总站--科城山庄总站),已匹配,23/23
330路(科城山庄总站--永和总站),已匹配,24/24
332路(长江路总站--长江路总站),未匹配,missing
333A路(天鹿湖老年人护理中心总站--联和总站(惠联路)),未匹配,missing
333A路(联和总站(惠联路)--天鹿湖老年人护理中心总站),未匹配,missing
334路(南岗总站--萝岗万达广场总站),已匹配,27/27
334路(萝岗万达广场总站--南岗总站),已匹配,24/24
335路(云埔一路总站--科学城彩频路总站),已匹配,21/22
335路(科学城彩频路总站--云埔一路总站),已匹配,21/22
336路(中海誉城总站--大观路北总站),已匹配,29/31
336路(大观路北总站--中海誉城总站),已匹配,28/30
337路(萝岗香雪总站--萝岗香雪总站),已匹配,45/45
338路(中海誉城总站--黄埔港总站),已匹配,26/27
338路(黄埔港总站--中海誉城总站),已匹配,25/26
339路(地铁鱼珠站总站--萝岗香雪总站),已匹配,27/27
339路(萝岗香雪总站--地铁鱼珠站总站),已匹配,26/26
340路(云埔一路总站--南岗总站),已匹配,32/32
340路(南岗总站--云埔一路总站),已匹配,27/27
341路(华峰寺总站--春分路总站),已匹配,19/19
341路(春分路总站--华峰寺总站),已匹配,18/18
342路(九龙镇政府总站--莲塘村总站),已匹配,8/13
342路(莲塘村总站--九龙镇政府总站),已匹配,8/12
343路(凤尾村委总站--长庚村站),已匹配,23/23
343路(龙狮璟珑府总站--凤尾村委总站),已匹配,26/26
344路(玉树新村总站--鱼珠码头总站),已匹配,31/31
344路(鱼珠码头总站--玉树新村总站),已匹配,31/31
345A路(天河客运站总站--永和贤江总站),未匹配,missing
345A路(永和贤江总站--天河客运站总站),未匹配,missing
345路(家和天曜总站--知识城南总站),已匹配,29/47
345路(知识城南总站--家和天曜总站),已匹配,29/47
346路(天河客运站总站--穗丰村总站(兴太三路)),已匹配,30/31
346路(穗丰村(兴太三路)总站--天河客运站总站),已匹配,30/31
347路(中海誉城总站--奥林匹克体育中心总站),已匹配,32/32
347路(奥林匹克体育中心总站--中海誉城总站),已匹配,29/31
348路(奥林匹克体育中心总站--裕丰围总站),已匹配,18/19
348路(裕丰围总站--奥林匹克体育中心总站),已匹配,19/20
349路(保利爱特城总站--开创大道总站),已匹配,31/32
349路(开创大道总站--保利爱特城总站),已匹配,32/33
34路(云霄街总站--芳信路总站),已匹配,21/23
34路(芳信路总站--云霄街总站),已匹配,20/24
350路(九龙镇政府总站--虎窿村总站),未匹配,无匹配(最高55%)
350路(斯迳路--九龙镇政府总站),已匹配,7/11
351路(知识城南总站--知识城南总站),已匹配,28/28
352A路(洋田村总站--知识城南总站),已匹配,17/20
352A路(知识城南总站--窖吓村),已匹配,16/19
352路(知识城南(地铁何棠下站)总站--竹山村),已匹配,6/6
352路(竹山村--知识城南(地铁何棠下站)总站下客区),已匹配,6/7
353路(地铁官洲站总站--地铁官洲站总站),已匹配,11/13
354路(地铁长平站总站--穗丰村(兴太三路)总站),已匹配,13/14
354路(穗丰村(兴太三路)总站--地铁长平站总站),已匹配,14/15
355路(天河智慧城核心区总站(高唐)--黄埔体育中心总站),已匹配,26/27
355路(黄埔体育中心总站--天河智慧城核心区总站(高唐)),已匹配,26/27
356路(汇彩路总站--黄埔体育中心总站),已匹配,11/12
356路(黄埔体育中心总站--汇彩路总站),已匹配,10/10
358路(湖山国际公交总站--黄埔低空经济创新中心总站),已匹配,17/20
358路(黄埔低空经济创新中心总站--湖山国际公交总站),已匹配,16/19
35路(大学城科学中心总站--文德路总站),已匹配,37/38
35路(文德路总站--大学城科学中心总站),已匹配,35/36
360路(地铁鱼珠站总站--笔岗新村总站),已匹配,21/21
360路(笔岗新村总站--地铁鱼珠站总站),已匹配,18/18
361路(土华总站--黄船文化中心总站),已匹配,28/28
361路(黄船文化中心总站--土华总站),已匹配,27/27
362路(九龙镇政府总站--佛塱山贝),已匹配,7/9
362路(佛塱山贝--九龙镇政府总站),已匹配,6/8
363路(广州火车东站总站--穗港码头总站),未匹配,missing
363路(穗港码头总站--广州火车东站总站),未匹配,missing
364路(瑞东花园总站--科学城彩频路总站),已匹配,23/24
364路(科学城彩频路总站--瑞东花园总站),已匹配,23/24
365A路(地铁镇龙站总站--开萝大道总站),已匹配,9/10
365A路(开萝大道总站--地铁镇龙站总站),已匹配,9/10
365路(知识城南总站--黄埔低空经济创新中心总站),已匹配,40/41
365路(黄埔低空经济创新中心总站--知识城南总站),已匹配,40/41
366路(水西路--荔湖城总站),已匹配,29/30
366路(荔湖城总站--水西路总站),已匹配,30/31
367路(中海誉城总站--火村东总站),已匹配,27/27
367路(火村东总站--中海誉城总站),已匹配,27/27
36路(珠江泳场总站--黄石路总站),已匹配,31/31
36路(黄石路总站--珠江泳场总站),已匹配,30/31
370路(知新路总站--科教城西总站),已匹配,34/36
370路(科教城西总站--知新路总站(万科幸福荟)),已匹配,31/33
371路(创盈路西总站--科学城彩频路总站),已匹配,37/38
371路(科学城彩频路总站--创盈路西总站),已匹配,36/37
372路(南湾总站--新塘盛世名门总站),已匹配,21/23
372路(新塘盛世名门总站--南湾水乡总站),已匹配,22/25
373路(创盈路中--萝岗总站),已匹配,27/28
373路(萝岗总站--誉山国际北门总站),已匹配,25/27
374路(湖山国际公交总站--黄埔体育中心总站),未匹配,missing
374路(黄埔体育中心总站--湖山国际公交总站),未匹配,missing
375路(凤凰城总站--黄埔低空经济创新中心总站),已匹配,19/20
375路(黄埔低空经济创新中心总站--凤凰城总站),已匹配,19/20
376路(南岗总站--富力悦禧花园总站),已匹配,13/13
376路(富力悦禧花园总站--南岗总站),已匹配,13/13
377路(瑞东花园总站--瑞东花园总站),已匹配,15/15
379路(新塘总站--永和大道(常春藤)总站),已匹配,25/26
379路(永和总站--新塘总站),已匹配,24/25
37路(东山口总站--赤沙总站),已匹配,12/17
37路(赤沙总站--东山口总站),已匹配,12/17
37路/南37路(东涌地铁站总站--东涌湖公交总站),未匹配,无匹配(最高0%)
37路/南37路(东涌湖公交总站--东涌地铁站总站),未匹配,无匹配(最高0%)
383路(大学城星光下道总站--长洲码头总站),已匹配,27/27
383路(长洲码头总站--大学城星光下道总站),已匹配,27/27
384路/384路旅游专线(大学城南亭村总站--南亭村总站),已匹配,14/15
387路(大学城穗石村总站--大学城穗石村总站),已匹配,19/20
388路(南岗总站--水西路),已匹配,26/28
388路(水西路--南岗总站),已匹配,25/28
38路(文化公园总站--时代玫瑰园总站),已匹配,30/30
38路(时代玫瑰园总站--文化公园总站),已匹配,30/31
390路(华坑生态村总站--科学城南部公交场总站),未匹配,missing
390路(科学城南部公交场总站--华坑生态村总站),未匹配,missing
391A路(保利爱特城总站--开达路北总站),未匹配,missing
391A路(开达路北总站--保利爱特城总站),未匹配,missing
391路(中海誉城总站--联和总站(惠联路)),已匹配,34/35
391路(联和总站(惠联路)--中海誉城总站),已匹配,34/35
392路(萝岗香雪总站--黄登村总站),已匹配,22/24
392路(黄登村总站--萝岗香雪总站),已匹配,21/24
394路(永和贤江公交总站--永和贤江公交总站),已匹配,42/44
396A路环线(永和贤江总站--永和贤江总站),未匹配,missing
396路(永和贤江总站--科学城彩频路总站),已匹配,27/29
396路(科学城彩频路总站--永和贤江总站),已匹配,25/28
397路(丹水坑风景区总站--萝岗香雪总站),已匹配,26/27
397路(萝岗香雪总站--丹水坑风景区总站),已匹配,27/28
397路短线快线(丹水坑风景区总站--南岗站),未匹配,missing
397路短线快线(南岗--丹水坑风景区总站),未匹配,missing
39路(天河公交场总站--龙洞总站),已匹配,24/25
39路(龙洞总站--天河公交场总站),已匹配,24/26
3路(东山总站(龟岗)--如意坊总站),已匹配,16/17
3路(如意坊总站--东山龟岗(中共三大会址)总站),已匹配,18/18
400路(东莞庄总站--东莞庄总站),已匹配,18/18
401路(员村同乐花园总站--员村同乐花园总站),未匹配,missing
402路/402路快车(东圃总站--东圃总站),已匹配,10/10
403路(奥林匹克体育中心总站--家和天曜总站),已匹配,8/10
403路(家和天曜总站--奥林匹克体育中心总站),已匹配,10/12
404路(地铁东圃站总站--黄村北总站),已匹配,7/10
404路(黄村北总站--地铁东圃站总站),已匹配,7/10
405路(乐天创意园总站--乐天创意园总站),已匹配,6/8
406路环线(穗园小区总站--穗园小区总站),未匹配,missing
408A路(广医附属中医院总站--广医附属中医院总站),未匹配,missing
408路(天坤三路总站--天坤三路总站),已匹配,17/21
409路(鳌鱼岗总站--鳌鱼岗总站),已匹配,6/6
40路(东山(署前路)总站--广医附属中医院总站),已匹配,33/34
40路(广医附属中医院总站--东山(署前路)总站),已匹配,31/31
40路/南40路(大岗公交总站--新兴村委总站),未匹配,无匹配(最高0%)
40路/南40路(新兴村委总站--大岗公交总站),未匹配,无匹配(最高0%)
410路(地铁菊树站--鹤洞总站),已匹配,19/19
410路(鹤洞总站--地铁菊树站),已匹配,17/17
411路(芳信路总站--芳和花园总站),已匹配,15/15
411路(芳和花园总站--芳信路总站),已匹配,17/18
413路(中山八路总站--中山八路总站),已匹配,19/19
414路(芳村合兴苑总站--芳村葵蓬总站),已匹配,11/12
414路(芳村葵蓬总站--芳村合兴苑总站),已匹配,10/12
416路(坦尾总站--坦尾总站),已匹配,23/25
417路(鹤洞总站--鹤洞总站),已匹配,20/22
41路(广州火车东站总站--汇景北路总站),已匹配,12/12
41路(汇景北路总站--广州火车东站总站),已匹配,11/11
420路(悦云路口总站--悦云路口总站),未匹配,missing
421路(广州白云站公交总站--广州白云站公交总站),已匹配,29/37
423路环线(大冈村总站--大冈村总站),未匹配,missing
425路(百顺北路总站--石井总站),已匹配,21/23
425路(石井总站--百顺北路总站),已匹配,22/26
426路环线(汇侨路总站--汇侨路总站),未匹配,missing
427路(园夏村总站--龙归城总站),已匹配,14/14
427路(龙归城总站--园夏村总站),已匹配,14/14
428路(潭村总站--潭村总站),已匹配,11/11
429路循环线(金沙洲(涛乐街)总站--金沙洲(涛乐街)总站),未匹配,missing
42路(白沙总站--白沙(中海金沙湾)总站),未匹配,missing
430路(深井码头总站--黄埔军校总站),已匹配,13/13
430路(黄埔军校总站--深井码头总站),已匹配,13/13
431路(护林路东总站--鱼珠码头总站),已匹配,18/18
431路(鱼珠码头总站--护林路东总站),已匹配,20/21
432A路(天坤三路总站--护林路东总站),已匹配,31/33
432A路(护林路东总站--天坤三路总站),已匹配,31/32
432路(珠江花城总站--瑞东花园总站),已匹配,21/21
432路(瑞东花园总站--珠江花城总站),已匹配,24/27
434路(华坑生态村总站--华坑生态村总站),已匹配,30/32
436路(南岗总站--南岗总站),已匹配,14/14
438路(碧山村总站--碧山村总站),已匹配,21/21
439路(中海誉城总站--南岗总站),已匹配,23/23
439路(南岗总站--中海誉城总站),已匹配,21/21
440路(博汇商业区总站--金碧路总站),已匹配,15/15
440路(金碧路总站--博汇商业区总站),已匹配,16/16
441路(临时站--镇龙新总站),已匹配,10/11
441路(镇龙新总站--洋田白石岗总站),已匹配,12/12
442路(镇龙新总站--镇龙新总站),已匹配,14/14
443路(旧福山村委总站--镇龙新总站),已匹配,13/13
443路(镇龙新总站--旧福山村委总站),已匹配,15/16
444路(镇龙新总站--龙江村总站),已匹配,14/14
444路(龙江村总站--镇龙新总站),已匹配,14/14
445路环线(健康港总站--健康港总站),未匹配,missing
446路(永和总站--长平村总站),已匹配,25/26
446路(长平村总站--永和总站),已匹配,24/25
448路(奥林匹克体育中心总站--科林路总站),未匹配,missing
448路(科林路总站--奥林匹克体育中心总站),未匹配,missing
449路(八斗村总站--黄陂社区总站),已匹配,16/16
449路(黄陂社区总站--八斗村总站),已匹配,16/16
44路(珠江医院总站--车陂总站),已匹配,32/33
44路(车陂总站--珠江医院总站),已匹配,31/31
450路(南岗总站--小塱总站),已匹配,22/22
450路(小塱总站--南岗总站),已匹配,23/23
452路(龙溪大道总站--龙溪大道总站),已匹配,17/17
453A路(沿河路总站--沿河路总站),未匹配,missing
453路环线(鹿鸣山总站--鹿鸣山总站),未匹配,missing
454路环线(富力悦禧花园总站--富力悦禧花园总站),未匹配,missing
455路(创盈路中总站--永和贤江公交总站),已匹配,22/24
455路(永和贤江公交总站--创盈路中),已匹配,23/25
456路(九龙镇政府总站--九龙镇政府总站),已匹配,18/20
456路环线(九龙镇政府总站--九龙镇政府总站),未匹配,missing
457路(九龙镇政府总站--蟹庄村总站),已匹配,8/9
457路(蟹庄村总站--九龙镇政府总站),已匹配,8/9
458路(迳头九社总站--镇龙新总站),已匹配,10/10
458路(镇龙新总站--迳头九社总站),已匹配,7/10
459路(地铁大沙地站总站--火村东总站),未匹配,missing
459路(火村东总站--地铁大沙地站总站),未匹配,missing
45路(小洲总站--广州火车东站总站),已匹配,24/24
45路(广州火车东站总站--小洲总站),已匹配,23/23
460A路(大元帅府总站--大元帅府总站),已匹配,11/11
460路(大元帅府总站--大元帅府总站),已匹配,20/21
461路(北山公园--琶洲),已匹配,4/4
461路(琶洲--北山总站),已匹配,6/6
461路班车(仑头--琶洲),已匹配,8/9
461路班车(仑头总站--琶洲),已匹配,8/9
461路班车(琶洲--仑头),已匹配,9/10
462路(侨诚花园总站--逸景西路总站),未匹配,missing
462路(逸景西路总站--侨诚花园总站),未匹配,missing
463路(大塘西总站(敦和)--大塘西总站(敦和)),未匹配,missing
464路(大塘西总站(敦和)--赤岗大塘总站),已匹配,6/7
464路(赤岗大塘总站--大塘西总站(敦和)),已匹配,6/7
465路(奥林匹克体育中心总站--珠江花城总站),已匹配,7/8
465路(珠江花城总站--奥林匹克体育中心总站),已匹配,7/8
466路(后滘西大街--地铁东晓南站总站),已匹配,8/8
466路(地铁东晓南站总站--后滘西大街),已匹配,8/8
467路(南丰汇总站--赤沙总站),已匹配,7/7
467路(赤沙总站--南丰汇总站),已匹配,7/7
468路(土华总站--海琴湾总站(下渡路)),已匹配,29/30
468路(海琴湾总站(下渡路)--土华总站),已匹配,28/28
469路(地铁江泰路站总站--纸厂总站),未匹配,无匹配(最高46%)
469路(纸厂总站--地铁江泰路站总站),已匹配,6/9
46路(中科院化学所总站--罗冲围总站(松南路)),已匹配,35/35
46路(罗冲围总站(松南路)--中科院化学所总站),已匹配,32/32
470路(机场路总站--机场路总站),未匹配,missing
471路(石湖镇东路总站--草庄村总站),未匹配,missing
471路(草庄村总站--石湖镇东路总站),未匹配,missing
472路(大岭村总站--江高(大松岗)总站),已匹配,39/39
472路(江高(大松岗)总站--大岭村总站),已匹配,39/39
473路(乌溪村总站--寮采总站),已匹配,21/22
473路(寮采总站--乌溪村总站),已匹配,21/22
474路(江高总站(夏荷路)--长岗村总站),未匹配,missing
474路(长岗村总站--江高总站(夏荷路)),未匹配,missing
475路(单环线)(岗贝路总站--岗贝路总站),已匹配,19/21
476路(凰岗总站--滘心村总站),已匹配,24/24
476路(滘心村总站--凰岗总站),已匹配,24/24
477路(西洲北路尾总站--西洲北路尾总站),已匹配,19/19
479路(景泰直街总站--景泰直街总站),已匹配,19/19
480路(北站总站--北站总站),已匹配,10/13
481路环线(广州大学总站--广州大学总站),未匹配,missing
482路(动物园总站(先烈中路)--动物园总站(先烈中路)),已匹配,20/21
483路(淘金北路总站--淘金北路总站),已匹配,13/13
484路西胜街循环线(西胜街总站--西胜街总站),未匹配,missing
486路(机务段总站--机务段总站),已匹配,14/14
487路(凤凰岗总站--白鹤沙总站),已匹配,18/18
487路(白鹤沙总站--凤凰岗总站),已匹配,14/14
488路(逸景西路总站--逸景西路总站),已匹配,11/13
489路(太古仓路总站--江南西路总站),已匹配,12/12
489路(江南西路总站--太古仓路总站),已匹配,12/12
490路(奥林匹克体育中心总站--奥林匹克体育中心总站),已匹配,23/23
491路(凌塘村总站--渔沙坦总站(渔中路)),已匹配,26/26
491路(渔沙坦总站(渔中路)--凌塘村总站),已匹配,25/25
492路(渔沙坦(中山村)总站--渔沙坦(中山村)总站),已匹配,30/30
494路(广汕一路总站(林机街)--萝岗万达广场总站),已匹配,26/27
494路(萝岗万达广场总站--广汕一路总站(林机街)),已匹配,34/35
495路(玉树新村总站--琶洲塔公交总站),已匹配,20/21
495路(琶洲塔公交总站--玉树新村总站),已匹配,22/23
496路(科学城(揽月路)总站--科韵路总站),已匹配,26/26
496路(科韵路总站--科学城(揽月路)总站),已匹配,27/27
497A路(龙洞总站--龙洞总站),已匹配,35/35
497路(东圃总站--渔沙坦总站(渔东路)),已匹配,34/35
497路(渔沙坦(渔东路)总站--东圃总站),已匹配,29/30
498路(梅园路总站--汇景北路总站),已匹配,20/20
498路(汇景北路总站--梅园路总站),已匹配,21/21
499路(珠江新城总站--珠江新城总站),已匹配,32/32
4路(富力桃园总站(增埗村)--白云路总站),已匹配,18/18
4路(白云路总站--富力桃园(增埗村)总站),已匹配,19/19
502路(天健创意园总站--白云路总站),已匹配,21/21
502路(白云路总站--天健创意园总站),已匹配,20/20
503路(天河客运站总站--杨桃公园总站),已匹配,29/30
503路(杨桃公园总站--天河客运站总站),已匹配,28/29
504路(员村一横路总站--太和总站(沙亭岗村)),已匹配,39/48
504路(太和总站(沙亭岗村)--员村一横路总站),已匹配,38/50
506路(永和总站--科韵路总站),已匹配,45/48
506路(科韵路总站--永和总站),已匹配,48/50
508路(家和天曜总站--广州火车东站总站),已匹配,20/20
508路(广州火车东站总站--家和天曜总站),已匹配,22/22
509路(嘉禾望岗总站--江高南岗村总站),已匹配,29/29
509路(江高南岗村总站--嘉禾望岗总站),已匹配,32/32
510路(和瑞路总站--广州白云站公交总站),已匹配,36/38
510路(广州白云站公交总站--和瑞路总站),已匹配,36/38
516路(保税区(酒博城)总站--永和(万科里享家)总站),已匹配,47/47
516路(永和(万科里享家)总站--保税区(酒博城)总站),已匹配,45/45
517路(天河公交场总站--石化路总站),已匹配,31/31
517路(石化路总站--天河公交场总站),已匹配,29/29
518路(棠德花苑总站--站前路总站),已匹配,27/27
518路(站前路(西郊大厦)总站--棠德花苑总站),已匹配,32/33
519路(白云路总站--石井总站(红星村)),已匹配,27/27
519路(石井总站--白云路总站),已匹配,25/25
51路(万博中心总站--天平架总站),已匹配,24/25
51路(天平架总站--万博中心总站),已匹配,23/24
521路(凰岗总站--石溪总站),已匹配,27/27
521路(石溪总站--凰岗总站),已匹配,25/25
522路(白云文化广场总站--神山总站),已匹配,37/37
522路(神山总站--白云文化广场总站),已匹配,40/40
523A路(大朗总站--广州火车站(草暖公园)总站),已匹配,21/22
523A路(广州火车站总站--大朗总站),已匹配,22/22
523路(广州白云站公交总站--江高总站),已匹配,32/33
523路(江高总站--广州白云站公交总站),已匹配,31/32
523路快线(广州火车站总站--江高小塘总站),已匹配,9/9
523路快线(江高小塘总站--广州火车站(草暖公园)总站),已匹配,9/9
524路(广州火车站总站--黄石路总站),已匹配,23/23
524路(黄石路总站--广州火车站总站),已匹配,23/23
525路(海中村总站--芳村葵蓬总站),已匹配,20/20
525路(芳村葵蓬总站--海中村总站),已匹配,18/19
527路(广州白云站公交总站--石溪总站),已匹配,36/38
527路(石溪总站--广州白云站公交总站),已匹配,32/34
527路机电班车(机电技工学校总站--石溪总站),未匹配,missing
527路机电班车(石溪总站--机电技工学校总站),未匹配,missing
528路(广卫路总站--长红村总站(长湴街口)),已匹配,26/27
528路(长红村总站(长湴街口)--广卫路总站),已匹配,29/30
529路(地铁飞翔公园站总站--太和总站),已匹配,24/25
529路(太和总站--地铁飞翔公园站总站),已匹配,26/27
52路(南漖(立白科技园)总站--广州火车站总站),已匹配,27/29
52路(广州火车站总站--南漖(立白科技园)总站),已匹配,26/27
530路(沙涌南(凤翔公园)总站--石岗路(绿地滨江汇)总站),已匹配,30/35
530路(石岗路(绿地滨江汇)总站--沙涌南总站),已匹配,30/35
534路(镇龙新总站--镇龙新总站),已匹配,22/24
538路(文化公园总站--汇侨新城总站),已匹配,22/23
538路(汇侨新城总站--文化公园总站),已匹配,21/23
539路(同德围总站--永泰集贤路总站),已匹配,24/30
539路(永泰集贤路总站--同德围总站),已匹配,21/28
53路(宝岗大道总站--杨桃公园总站),已匹配,32/33
53路(杨桃公园总站--宝岗大道总站),已匹配,33/34
540路(员村一横路总站--黄石路总站),已匹配,36/36
540路(黄石路总站--员村一横路总站),已匹配,37/37
541路(恒宝广场总站--汇景新城东总站),已匹配,33/33
541路(汇景新城东总站--恒宝广场总站),已匹配,33/33
542路(员村一横路总站--瑞宝乡总站),已匹配,23/23
542路(瑞宝乡总站--员村一横路总站),已匹配,24/24
544路(市儿童公园总站--纸厂总站),已匹配,31/31
544路(纸厂总站--市儿童公园总站),已匹配,27/27
545路(泽德花苑总站--珠江新城总站),已匹配,28/28
545路(珠江新城总站--泽德花苑总站),已匹配,26/26
546路(南洲花园总站--机场路总站),已匹配,29/30
546路(南洲花园总站1号分站--机场路总站),已匹配,28/30
546路(机场路总站--南洲花园总站),已匹配,30/30
546路(机场路总站--南洲花园总站1号分站),已匹配,29/30
547路(奥体南路总站--市儿童公园总站),已匹配,40/40
547路(市儿童公园总站--奥体南路总站),已匹配,46/46
548路(大观路北总站--珠江泳场总站),已匹配,34/35
548路(珠江泳场总站--大观路北总站),已匹配,36/36
54路(东华南路总站(江湾桥脚)--中科院化学所总站),已匹配,32/32
54路(中科院化学所总站--东华南路总站),已匹配,35/35
551路(广州火车东站总站--海珠客运站),未匹配,missing
551路(海珠客运站总站--广州火车东站总站),未匹配,missing
552路(坑口地铁站总站--站南路总站),已匹配,25/25
552路(站南路总站--坑口地铁站总站),已匹配,28/28
555路(大坦沙总站--白云文化广场总站),已匹配,26/26
555路(白云文化广场总站--大坦沙总站),已匹配,28/28
556路(文化公园总站--石井总站),已匹配,32/32
556路(石井(广东兵工厂旧址)站--文化公园总站),已匹配,31/31
55路(桥东小区总站--金沙洲(涛乐街)总站),已匹配,23/23
55路(金沙洲(涛乐街)总站--桥东小区总站),已匹配,21/21
560路(华景新城总站(翰景路)--广州大道北总站),已匹配,24/24
560路(广州大道北总站--华景新城总站(翰景路)),已匹配,26/26
562路(棠德花苑总站--香江野生动物世界总站),已匹配,31/31
562路(香江野生动物世界总站--棠德花苑总站),已匹配,31/31
563路(太和总站--石井总站),已匹配,34/35
563路(石井--太和总站),已匹配,33/34
564A路(奥林匹克体育中心总站--联和墟总站),已匹配,15/15
564A路(联和墟总站--奥林匹克体育中心总站),已匹配,15/15
564路(天河客运站总站--黄埔古村南广场总站),已匹配,41/42
564路(黄埔古村南广场总站--天河客运站总站),已匹配,43/44
566路(永和总站--黄埔新城(沙步一横路)总站),已匹配,32/34
566路(黄埔新城总站(沙步一横路)--永和总站),已匹配,31/33
567路(穗港码头总站--笔村总站),已匹配,19/19
567路(笔村总站--穗港码头总站),已匹配,19/19
569路(沿河路总站--萝岗香雪总站),已匹配,31/33
569路(萝岗香雪总站--沿河路总站),已匹配,31/33
56路(光塔路总站--天平架总站),已匹配,17/17
56路(天平架总站--光塔路总站),已匹配,19/19
571A路(地铁香雪站总站--新塘总站),已匹配,33/36
571A路(新塘总站--地铁香雪站总站),已匹配,32/34
571B路(开发区总站--新塘总站),已匹配,27/27
571B路(新塘总站--开发区总站),已匹配,27/27
571路(南湾总站--新塘总站),已匹配,28/28
571路(新塘总站--南湾总站),已匹配,27/27
572路(博汇商业区总站--湖山国际公交总站),已匹配,21/21
572路(湖山国际公交总站--博汇商业区总站),已匹配,24/24
573路(家和天曜总站--黄埔低空经济创新中心站),未匹配,无匹配(最高59%)
573路(黄埔低空经济创新中心总站--家和天曜总站),已匹配,16/26
573路快线(开创大道总站--穗港码头总站),已匹配,27/27
573路快线(穗港码头总站--开创大道总站),已匹配,27/27
575路(穗港码头总站--萝岗万达广场总站),已匹配,25/35
575路(萝岗万达广场总站--穗港码头总站),已匹配,28/38
579路(中海誉城总站--南岗万达广场总站),未匹配,missing
579路(南岗万达广场总站--中海誉城总站),未匹配,missing
57路(二沙岛西总站--滘口客运站总站),未匹配,missing
57路(滘口客运站总站--二沙岛西总站),未匹配,missing
581路(长福路总站1号分站--黄埔东路(石化南路)总站),已匹配,30/42
581路(黄埔东路总站(石化南路)--长福路总站1号分站),已匹配,30/41
582路(凌塘村总站--海珠客运站总站),已匹配,21/21
582路(海珠客运站总站--凌塘村总站),已匹配,23/23
583路(员村一横路总站--芳村西塱总站),已匹配,32/33
583路(芳村西塱总站--员村一横路总站),已匹配,30/31
58A路(唐阁村总站--解放北路总站(应元路口)),已匹配,29/30
58A路(解放北路总站(应元路口)--唐阁村总站),已匹配,30/30
58路(广医一院总站(靖海路)--时代玫瑰园总站),已匹配,29/29
58路(时代玫瑰园总站--广医一院总站(靖海路)),已匹配,28/30
59路(广州火车东站总站--沥滘总站),已匹配,30/30
59路(沥滘总站--广州火车东站总站),已匹配,29/29
5路(广州火车站总站--沥滘总站),已匹配,21/21
5路(沥滘总站--广州火车站总站),已匹配,24/25
61路(滘口客运站总站--滘口客运站总站),已匹配,19/19
62路(兴民路总站--西湾路总站),未匹配,missing
62路(西湾路总站--兴民路总站),未匹配,missing
63路(石槎路总站--锦城花园总站(东风东)),已匹配,25/27
63路(锦城花园总站(东风东)--石槎路总站),已匹配,30/32
64路(东沙工业园总站--广卫路总站),已匹配,26/28
64路(广卫路总站--东沙工业园总站),已匹配,25/26
650路(大罗村总站--知识城南总站),已匹配,44/44
650路(知识城南总站--大罗村总站),已匹配,43/43
651路(云城南二路总站--云城南二路总站),未匹配,missing
652路(南岭村总站--江高总站),已匹配,21/24
652路(江高总站--南岭村总站),已匹配,23/24
653路(地铁沙贝站总站--地铁沙贝站总站),未匹配,missing
654路(大田村总站--江高新楼村总站),已匹配,19/19
654路(江高新楼村总站--大田村总站),已匹配,19/19
655A线(三达路跨线桥首末站--大塘汽车客运站),未匹配,missing
655A线(大塘汽车客运站--三达路跨线桥首末站),未匹配,missing
655B路(三达路跨线桥首末站--鑫诺家具),未匹配,missing
655B路(鑫诺家具--三达路跨线桥首末站),未匹配,missing
655路(三达路跨线桥首末站--大塘汽车客运站),未匹配,无匹配(最高0%)
655路(大塘汽车客运站--三达路跨线桥首末站),未匹配,无匹配(最高0%)
655路(广东青年职业学院总站--良田保税路总站),已匹配,23/23
655路(良田保税路总站--广东青年职业学院总站),已匹配,22/22
656路(地铁嘉禾望岗站总站--龙归城(地铁夏良站)总站),未匹配,missing
656路(龙归城总站--地铁嘉禾望岗站总站),未匹配,missing
658A路(金沙洲(涛乐街)总站--金沙洲(涛乐街)总站),未匹配,missing
658B路(金沙洲(涛乐街)总站--金沙洲(涛乐街)总站),未匹配,missing
660路环线(广外总站--广外总站),未匹配,missing
661路(地铁飞翔公园站总站--地铁飞翔公园站总站),已匹配,24/24
662路(地铁飞翔公园站总站--广州白云站公交总站),已匹配,11/12
662路(广州白云站公交总站--地铁飞翔公园站总站),已匹配,19/20
663路(嘉禾长湴街总站--嘉禾长湴街总站),已匹配,50/50
665路(百顺北路总站--黄石路总站),已匹配,17/19
665路(黄石路总站--百顺北路总站),已匹配,18/20
666路(黄边北路总站--黄边北路总站),未匹配,missing
667路(地铁江夏站总站--地铁江夏站总站),未匹配,missing
669路(金穗路总站(马场路口)--金穗路总站(马场路口)),已匹配,15/15
66路(永泰集贤路总站--泮塘总站),已匹配,28/29
66路(泮塘总站--永泰集贤路总站),已匹配,28/29
670路(江北路总站--龙溪村委总站),已匹配,11/11
670路(龙溪村委总站--江北路总站),已匹配,14/14
671路(嘉禾望岗总站--嘉禾望岗总站),已匹配,14/15
69路(大塘总站--汾水小区总站),已匹配,22/22
69路(汾水小区总站--大塘总站),已匹配,25/25
6路(天河北公交总站--黄沙总站),已匹配,25/25
6路(黄沙总站--天河北公交总站),已匹配,21/21
702路(广州北站--机场路总站),已匹配,16/17
702路(机场路总站--广州北站),已匹配,17/17
705路(广州北站(秀全大道)--广州白云站东广场总站),已匹配,24/24
705路(广州白云站东广场总站--广州北站(秀全大道)),已匹配,23/23
706路(东山广场总站--广州北站总站(秀全大道)),已匹配,50/50
706路(广州北站(秀全大道)--东山广场总站),已匹配,51/51
706路早间短线(雅神路口--东山广场总站),未匹配,missing
707路(人和总站--神山总站),已匹配,26/28
707路(神山--人和总站),已匹配,27/27
708路(人和墟总站--花都富力金港城总站),已匹配,24/27
708路(富力金港城总站--人和墟(万家福广场)总站),已匹配,26/27
709路(花都北兴总站--钟落潭(白云星汇城)总站),已匹配,14/15
709路(钟落潭(白云星汇城)总站--花都北兴总站),已匹配,15/16
70路(水秀一路总站--沥滘总站),已匹配,19/31
70路(沥滘总站--水秀一路总站),已匹配,17/28
711路(嘉禾望岗总站--推广汽车总站),未匹配,missing
711路(推广汽车站总站--嘉禾望岗总站),未匹配,missing
712路(人和总站--广州城市理工学院),已匹配,31/32
712路(广州城市理工学院--人和(恒充充电站)总站),已匹配,32/33
713路(广东培正学院总站--江高总站(夏荷路)),已匹配,26/28
713路(江高总站(夏荷路)--广东培正学院总站),已匹配,26/29
714路(花都北兴总站--钟落潭总站),已匹配,26/26
714路(钟落潭总站--花都北兴总站),已匹配,26/26
715路(人和总站--广州城电狮岭充电站总站),已匹配,34/34
715路(广州城电狮岭充电站总站--人和总站),已匹配,34/34
716路(富力金港城总站--钟落潭(白云星汇城)总站),已匹配,22/23
716路(钟落潭(白云星汇城)总站--富力金港城总站),已匹配,23/24
71路(同德围总站--芳村西塱总站),已匹配,25/25
71路(芳村西塱总站--同德围总站),已匹配,29/29
721路(神山总站--神山总站),已匹配,22/24
722路(地铁滘心站总站--神山总站),已匹配,25/36
722路(神山总站--地铁滘心站总站),已匹配,25/36
723路(峡石村总站--江高总站),已匹配,23/23
723路(江高总站(大松岗)--峡石村总站),已匹配,24/24
724路(和瑞路总站--白沙村总站),已匹配,32/32
724路(白沙村总站--和瑞路总站),已匹配,34/34
725路(地铁新和站总站--钟落潭(白云星汇城)总站),已匹配,18/19
725路(钟落潭(白云星汇城)总站--地铁新和站总站),已匹配,18/19
726路(沙田村总站--钟落潭公交总站),已匹配,20/20
726路(钟落潭公交总站--沙田村总站),已匹配,20/20
727路(大纲领村总站--钟落潭公交总站),已匹配,19/20
727路(钟落潭公交总站--大纲领村总站),已匹配,19/20
728路(地铁龙归站总站--良田村委总站),已匹配,30/30
728路(良田村委总站--地铁龙归站总站),已匹配,30/30
729路(地铁西村站总站--地铁西村站总站),未匹配,missing
730路(南悦花苑总站--南悦花苑总站),已匹配,13/17
731路环线(西湾路总站--西湾路总站),未匹配,missing
732路(大罗村总站--钟落潭公交总站),已匹配,18/18
732路(钟落潭公交总站--大罗村总站),已匹配,18/18
733路(米岗村总站--虎塘村委总站),已匹配,21/22
733路(虎塘村委总站--米岗村总站),已匹配,21/22
734路(寮采村委总站--广州华南商贸职业学院总站),已匹配,20/20
734路(广州华南商贸职业学院总站--寮采村委总站),已匹配,19/19
735路(田心村总站--田心村总站),已匹配,34/34
736路(石湖总站--地铁龙归站总站),未匹配,missing
736路(龙归地铁站总站--石湖总站),未匹配,missing
737路(人和总站(东华村)--地铁高增站总站),未匹配,无匹配(最高59%)
737路(地铁高增站总站--人和总站(东华村)),已匹配,12/20
738路(马洞森林公园总站--马洞森林公园总站),已匹配,41/42
739路(嘉禾望岗总站--清湖村总站),已匹配,16/16
739路(清湖村总站(苏元庄)--嘉禾望岗总站),已匹配,20/20
740路(明泉街总站--明泉街总站),已匹配,9/11
742路(地铁飞翔公园站总站--石井鸦岗总站),已匹配,27/27
742路(石井鸦岗总站--地铁飞翔公园站总站),已匹配,23/23
745路(金沙洲(涛乐街)总站--金沙洲(涛乐街)总站),已匹配,12/12
747路(沙太货运站总站--沙太货运站总站),已匹配,26/28
74路(动物园总站(先烈中路)--水秀一路总站),已匹配,34/34
74路(水秀一路总站--动物园总站(先烈中路)),已匹配,35/35
750路(流溪半岛总站--罗溪村总站),已匹配,31/32
750路(罗溪村总站--流溪半岛总站),已匹配,31/31
751路(太和总站--柏塘工业区总站),已匹配,24/24
751路(柏塘工业区总站--太和总站),已匹配,24/24
752路(地铁飞翔公园站总站--地铁飞翔公园站总站),未匹配,missing
753路(嘉禾望岗总站--蚌湖清河大街总站),已匹配,19/19
753路(蚌湖清河大街总站--嘉禾望岗总站),已匹配,23/23
754路(犀牛角村总站--犀牛角村总站),已匹配,13/13
755路(园坛岭路总站--园坛岭路总站),已匹配,23/28
756路(唐阁南总站--嘉禾望岗总站),未匹配,missing
756路(嘉禾望岗总站--唐阁南总站),未匹配,missing
757路(石井庆丰总站--金信路总站),已匹配,22/26
757路(金信路总站--石井庆丰总站),已匹配,17/20
758路(太和(丰泰横路)总站--帽峰山总站(高屋村)),已匹配,21/24
758路(帽峰山总站(高屋村)--太和(丰泰横路)总站),已匹配,17/20
759路环线(南悦花苑总站--南悦花苑总站),未匹配,missing
75路(侨诚花园总站--芳信路总站),已匹配,22/22
75路(芳信路总站--侨诚花园总站),已匹配,24/24
761路(侨诚花园总站--赤沙(广东财经大学)总站),已匹配,21/22
761路(赤沙(广东财经大学)总站--侨诚花园总站),已匹配,20/21
762路(海珠客运站总站--黄埔古村总站),已匹配,21/21
762路(黄埔古村总站--海珠客运站总站),已匹配,18/18
764路(天坤三路总站--瀛洲生态公园总站),已匹配,30/30
764路(瀛洲生态公园总站--天坤三路总站),已匹配,28/28
765路(沥滘大埗头总站--阅江路总站(珠江啤酒厂)),已匹配,20/21
765路(阅江路总站--沥滘大埗头总站),已匹配,16/17
766路环线(沥滘路西总站--沥滘路西总站),未匹配,missing
767路(大江苑总站--逸景路站),已匹配,12/14
767路(逸景路站--大江苑总站),已匹配,12/13
768路(万寿路总站--万寿路总站),已匹配,13/14
769路/769路快线(地铁南浦站总站--坑口地铁站总站),已匹配,14/16
769路/769路快线(坑口地铁站总站--地铁南浦站总站),已匹配,15/17
76A路(农讲所总站--龙归永兴村总站),已匹配,26/27
76A路(龙归永兴村总站--农讲所),已匹配,25/26
76路(东山总站(东华北路)--百顺北路总站),已匹配,31/32
76路(百顺北路总站--东山总站(东华北路)),已匹配,30/30
770路(广州圆总站--芳村西塱总站),已匹配,13/14
770路(芳村西塱总站--广州圆总站),已匹配,9/10
771路(车陂总站--车陂总站),已匹配,18/18
772路(车陂总站--长福路总站2号分站),已匹配,17/18
772路(长福路总站2号分站--车陂总站),已匹配,17/18
773路(车陂总站--长兴路口),已匹配,27/27
773路(长福路总站--车陂总站),已匹配,25/25
774路(万胜围总站--天河智慧城核心区总站(高唐)),已匹配,20/21
774路(天河智慧城核心区总站(高唐)--万胜围总站),已匹配,22/23
775路(华工大总站--龙洞总站),已匹配,24/24
775路(龙洞总站--华工大总站),已匹配,21/21
776路(广州东站汽车站总站--科学城路口总站),已匹配,21/21
776路(科学城路口总站--广州东站汽车站总站),已匹配,22/22
777路(珠江新城总站--珠江新城总站),已匹配,24/24
779路(南洲北路总站--阅江路总站),已匹配,19/20
779路(阅江路总站--南洲北路总站),已匹配,16/16
780路(南洲花园总站--芳村葵蓬总站),已匹配,17/28
780路(芳村葵蓬总站--南洲花园总站),已匹配,20/30
781路(环线)(二沙岛西总站--二沙岛西总站),已匹配,23/25
782A路(芳村码头(信义路)总站--芳村码头(信义路)总站),已匹配,23/25
782路(江北路总站--芳村码头总站(信义路)),已匹配,14/15
782路(芳村码头总站(信义路)--江北路总站),已匹配,14/15
783路(茶滘路总站--茶滘路总站),已匹配,30/31
784路(元岗总站--元岗总站),已匹配,12/12
785路(天平架总站--天平架总站),已匹配,14/14
786路(大塘西总站(敦和)--江晓路口总站),未匹配,missing
786路(江晓路口总站--大塘西总站(敦和)),未匹配,missing
787路(花地大道南总站(鹅公村)--荔勤南路总站),已匹配,16/16
787路(荔勤南路总站--花地大道南总站(鹅公村)),已匹配,14/14
788路(万博中心总站--海珠客运站总站),未匹配,missing
788路(海珠客运站总站--万博中心总站),未匹配,missing
78A路(天慧路总站--天河北公交总站),已匹配,23/23
78A路(天河北公交总站--天慧路总站),已匹配,25/25
78路(东山广场总站--岑村总站),已匹配,24/24
78路(岑村总站--东山广场总站),已匹配,23/23
790路(后海村总站--星汇金沙二期总站),未匹配,missing
790路(星汇金沙二期总站--后海村总站),未匹配,missing
791路(星汇云城总站--星汇云城总站),已匹配,22/22
792A路(沙太货运站总站--沙太货运站总站),未匹配,missing
792路环线(南湖半岛花园总站--南湖半岛花园总站),未匹配,missing
793路(司法学校总站--龙归城总站),已匹配,18/21
793路(龙归城总站--司法学校总站),已匹配,15/17
794路(南方医院(白云院区)总站--南方医院(白云分院)总站),已匹配,8/12
795路(地铁飞翔公园站总站--地铁飞翔公园站总站),已匹配,21/21
796路(嘉禾望岗总站--广东省机械技师学院总站),已匹配,24/25
796路(广东省机械技师学院总站--嘉禾望岗总站),已匹配,25/26
797路(大罗村总站--太和总站),已匹配,25/25
797路(太和总站--大罗村总站),已匹配,26/26
798路(时代玫瑰园总站--时代玫瑰园总站),已匹配,29/30
799路(地铁嘉禾望岗站总站--太和总站),已匹配,20/21
799路(太和总站--地铁嘉禾望岗站总站),已匹配,19/20
7路(大沙头总站--石槎路总站),已匹配,26/27
7路(石槎路总站--大沙头总站),已匹配,28/29
801路(体育中心总站--大学城科学中心总站),未匹配,missing
801路(大学城科学中心总站--体育中心总站),未匹配,missing
803路(广州火车站总站--永泰集贤路总站),未匹配,missing
803路(永泰集贤路总站--广州火车站总站),未匹配,missing
804路(嘉禾总站--天健创意园总站),已匹配,23/35
804路(天健创意园总站--嘉禾总站),已匹配,23/34
807A路(广州火车站总站--广州白云站公交总站),已匹配,12/13
807A路(广州白云站公交总站--广州火车站总站),已匹配,14/16
807路(嘉禾总站--广州火车站总站),已匹配,32/32
807路(广州火车站总站--嘉禾总站),已匹配,32/32
80路(同德围总站--海印桥总站),已匹配,19/19
80路(海印桥总站--同德围总站),已匹配,19/19
810路(广州火车东站总站--白云高尔夫花园总站),已匹配,23/24
810路(白云高尔夫花园总站--广州火车东站总站),已匹配,26/27
811路(兴民路总站--芳村西塱总站),已匹配,25/25
811路(芳村西塱总站--兴民路总站),已匹配,28/29
812路(东漖教师新村总站--江南大道南总站),已匹配,25/25
812路(江南大道南(地铁江泰路站)--东漖教师新村总站),已匹配,23/23
813路(棠德花苑西总站--革新路总站),已匹配,33/33
813路(革新路总站--棠德花苑西总站),已匹配,36/37
823路(棠溪车场总站(粤溪北路)--逸景翠园总站),已匹配,35/35
823路(逸景翠园总站--棠溪车场总站(粤溪北路)),已匹配,33/33
825路(江高总站(大松岗)--广州佐航花都雅瑶恒通汽车站总站),未匹配,missing
825路(雅瑶公交总站--江高总站),未匹配,missing
826路(地铁新和站总站--陈洞村总站),已匹配,19/19
826路(陈洞村总站--地铁新和站总站),已匹配,19/19
827路(太和总站--知识城南总站),已匹配,45/45
827路(知识城南总站--太和总站),已匹配,46/46
828路(太和总站--白鳝塘总站),已匹配,23/24
828路(白鳝塘总站--太和总站),已匹配,23/25
829路(南浦村总站--江高总站(大松岗)),已匹配,27/30
829路(江高总站--南浦村总站),已匹配,26/28
82路(中山八路总站--沥滘总站),已匹配,25/30
82路(沥滘总站--中山八路总站),已匹配,25/29
830路(广花一路(夏花一路口)总站--金沙洲码头总站),已匹配,17/25
830路(金沙洲码头总站--广花一路(夏花一路口)总站),已匹配,18/26
831路(白云花园总站--石井),已匹配,22/28
831路(石井--白云花园总站),已匹配,22/30
832路(滘口客运站总站--白云山制药厂总站),已匹配,38/38
832路(白云山制药厂总站--滘口客运站总站),已匹配,39/39
833路(太和总站--广卫路总站),已匹配,30/44
833路(广卫路总站--太和总站),已匹配,30/42
834路(唐阁南总站--石井总站),已匹配,27/27
834路(石井总站--唐阁南总站),已匹配,27/27
834路(龙湖煤气站)(石井--龙湖煤气站),已匹配,18/18
834路(龙湖煤气站)(龙湖煤气站--石井总站),已匹配,18/18
836路(沥滘总站--白云山制药厂总站),已匹配,32/32
836路(白云山制药厂总站--沥滘总站),已匹配,31/31
837路(太和总站--江高小塘总站),已匹配,21/33
837路(江高小塘总站--太和总站),已匹配,20/33
838路(南方茶叶市场总站--龙溪村委总站),已匹配,23/24
838路(龙溪村委总站--南方茶叶市场总站),已匹配,20/21
839路(广州白云站公交总站--芳和花园总站),未匹配,missing
839路(芳和花园总站--广州白云站公交总站),未匹配,missing
83路(广汕路总站(科景路口)--白云山制药厂总站),已匹配,36/38
83路(白云山制药厂总站--广汕路(科景路口)总站),已匹配,34/35
840路(人和鹤龙七路总站--广州白云站公交总站),已匹配,38/40
840路(广州白云站公交总站--人和鹤龙七路总站),已匹配,38/39
841路(广州火车东站总站--石井总站(滘心村)),已匹配,34/34
841路(石井总站(滘心村)--广州火车东站总站),已匹配,30/31
843路(地铁高增站总站--江高总站),已匹配,40/40
843路(江高总站--地铁高增站总站),已匹配,42/42
84A路(动物园总站--渔沙坦总站(渔中路)),已匹配,25/30
84A路(渔沙坦总站(渔中路)--动物园总站),已匹配,25/32
84路(天平架总站--渔沙坦(旺岗)总站),已匹配,23/24
84路(渔沙坦总站(旺岗)--天平架总站),已匹配,25/27
862路(广州火车站总站--沙太路北总站),已匹配,29/29
862路(沙太路北总站--广州火车站总站),已匹配,33/33
864路(怡乐路总站--白云山制药厂总站),已匹配,32/33
864路(白云山制药厂总站--怡乐路总站),已匹配,30/31
86路(大学城广中医总站--海珠客运站总站),已匹配,18/30
86路(海珠客运站总站--大学城广中医总站),已匹配,18/30
882路快线(广州大道北总站--逸景翠园总站),已匹配,15/15
882路快线(逸景翠园总站--广州大道北总站),已匹配,13/13
884路(天健创意园总站--天健创意园总站),未匹配,missing
884路(天健创意园总站--广州火车东站总站),未匹配,missing
884路(广州火车东站总站--天健创意园总站),未匹配,missing
885路(白沙总站--白沙总站),未匹配,missing
886路(南悦花苑总站--珠江新城总站),已匹配,23/23
886路(珠江新城总站--南悦花苑总站),已匹配,30/30
88路(沥滘路西总站--西场总站),已匹配,28/28
88路(西场总站--沥滘路西总站),已匹配,30/30
89路(大沙头总站--天河客运站总站),已匹配,21/22
89路(天河客运站总站--大沙头总站),已匹配,19/20
8路(中山八路总站--逸景翠园总站),已匹配,28/29
8路(逸景翠园总站--中山八路总站),已匹配,28/29
901A路(华成路总站--天河智慧城核心区总站(高唐)),已匹配,27/27
901A路(天河智慧城核心区总站(高唐)--华成路总站),已匹配,28/28
901路(岑村总站--联和总站(惠联路)),已匹配,21/21
901路(联和总站(惠联路)--岑村总站),已匹配,24/24
903路(地铁三溪站总站--天河智慧城核心区总站(高唐)),已匹配,17/19
903路(天河智慧城核心区总站(高唐)--地铁三溪站总站),已匹配,18/20
90路(兴民路(天汇广场)总站--沙溪大道东总站),已匹配,13/13
90路(沙溪大道东总站--兴民路(天汇广场)总站),已匹配,13/14
91路(南方茶叶市场总站--珠光路总站),已匹配,29/29
91路(珠光路总站--南方茶叶市场总站),已匹配,28/28
922路(嘉禾望岗总站--望岗西岭总站),已匹配,6/6
922路(望岗西岭总站--嘉禾望岗总站),已匹配,8/8
923路(翠竹园总站--翠竹园总站),已匹配,12/12
924路(嘉禾望岗总站--永兴庄总站),已匹配,18/18
924路(永兴庄总站--嘉禾望岗总站),已匹配,17/17
925路(广州白云站公交总站--广州白云站公交总站),已匹配,21/25
926路(嘉禾望岗总站--永兴庄总站),已匹配,28/29
926路(永兴庄总站--嘉禾望岗总站),已匹配,28/29
93路(广州火车站总站--赤岗总站),已匹配,27/27
93路(赤岗总站--广州火车站总站),已匹配,29/29
940路(南岗万达广场总站--小塱总站),已匹配,25/26
940路(小塱总站--南岗万达广场总站),已匹配,24/25
941路(云埔一路总站--云埔一路总站),已匹配,27/27
942路(永和禾丰新村总站--永和禾丰新村总站),已匹配,25/37
943路(萝岗香雪总站--黄埔东路总站(石化南路)),已匹配,27/30
943路(黄埔东路总站(石化南路)--萝岗香雪总站),已匹配,29/33
944路(奥林匹克体育中心总站--萝岗香雪总站),已匹配,32/35
944路(奥林匹克体育中心总站--黄埔低空经济创新中心站),已匹配,24/27
944路(萝岗香雪(梅花世界)总站--奥林匹克体育中心总站),已匹配,30/33
944路(黄埔低空经济创新中心总站--奥林匹克体育中心总站),已匹配,22/24
945路(地铁大沙地站总站--开创大道总站),已匹配,25/25
945路(开创大道总站--地铁大沙地站总站),已匹配,27/28
946路(南岗总站--广汕路总站(科景路口)),已匹配,29/30
946路(广汕路总站(科景路口)--南岗总站),已匹配,35/36
948路(华峰寺总站--萝岗香雪总站),已匹配,31/31
948路(萝岗香雪总站--华峰寺总站),已匹配,30/30
960路(地铁沥滘站总站--地铁沥滘站总站),未匹配,missing
962路(龙溪大道总站--龙溪大道总站),已匹配,22/22
963路(革新路总站--革新路总站),已匹配,22/22
965路(芳村码头总站(信义路)--芳村码头总站(信义路)),已匹配,14/20
966路(水秀二路总站--水秀二路总站),已匹配,28/28
967路(怡乐路总站--怡乐路总站),未匹配,missing
968路(怡乐路总站--怡乐路总站),已匹配,19/21
970路(嘉禾望岗总站--大朗夏边总站),已匹配,17/18
970路(大朗夏边总站--嘉禾望岗总站),已匹配,17/19
971路(和瑞路总站--和瑞路总站),已匹配,23/25
973路(兴丰村总站--太和总站(丰泰横路)),已匹配,23/25
973路(太和(丰泰横路)总站--兴丰村总站),已匹配,27/27
975路(云城南二路总站--西湾路总站),已匹配,16/18
975路(西湾路总站--云城南二路总站),已匹配,18/18
976路(太和总站--竹三村总站),已匹配,20/20
976路(竹三村总站--太和总站),已匹配,21/21
977路(唐阁)(唐阁--江高总站),已匹配,10/16
977路(唐阁)(江高总站--唐阁),未匹配,无匹配(最高48%)
977路(地铁滘心站总站--江高(广技师白云校区)总站),已匹配,18/25
977路(江高总站--地铁滘心站总站),已匹配,18/30
977路(龙湖煤气站)(地铁滘心站总站--地铁滘心站总站),已匹配,10/10
978路(嘉禾望岗总站--平沙总站),已匹配,20/21
978路(平沙总站--嘉禾望岗总站),已匹配,21/22
979路(良田村委总站--马洞森林公园总站),已匹配,32/33
979路(马洞森林公园总站--良田村委总站),已匹配,29/29
980路环线(汇侨新城总站--汇侨新城总站),未匹配,missing
981路(机场路总站--永泰新村总站),已匹配,23/25
981路(永泰新村总站--机场路总站),已匹配,19/22
982路(地铁飞翔公园站总站--夏茅总站),已匹配,19/23
982路(夏茅总站--地铁飞翔公园站总站),已匹配,21/25
984路(夏茅总站--祥云路总站),已匹配,25/26
984路(祥云路总站--夏茅总站),已匹配,23/26
985路(地铁高增站总站--太和总站),已匹配,27/27
985路(太和总站--地铁高增站总站),已匹配,27/27
986路(环线)(嘉禾长湴总站--嘉禾长湴总站),已匹配,33/33
987路(天安科技园总站--沥滘总站),已匹配,17/17
987路(沥滘总站--天安科技园总站),已匹配,17/17
989路(太古仓路总站--太古仓路总站),未匹配,missing
990路(五眼桥总站--江北路总站),已匹配,23/23
990路(江北路总站--五眼桥总站),已匹配,22/23
991路(地铁沥滘站总站--地铁沥滘站总站),未匹配,missing
992路(地铁江泰路站总站--地铁江泰路站总站),未匹配,missing
995路(太古仓路总站--太古仓路总站),已匹配,31/32
996路(水秀二路总站--水秀二路总站),已匹配,10/10
997路(大学城总站--海珠客运站总站),未匹配,missing
997路(海珠客运站总站--大学城总站),未匹配,missing
9路(中山八路总站--沥滘总站),已匹配,25/25
9路(沥滘总站--中山八路总站),已匹配,24/25
B10路(体育中心总站--地铁天河智慧城总站),已匹配,17/19
B10路(地铁天河智慧城总站--体育中心总站),已匹配,17/19
B11路(员村总站--岑村总站),已匹配,36/36
B11路(岑村总站--员村总站),已匹配,38/38
B12路(天源路总站--车陂总站),已匹配,25/30
B12路(车陂总站--天源路总站),已匹配,24/29
B15路(天河儿童公园北门总站--锦城花园总站(东风东)),已匹配,23/25
B15路(锦城花园总站(东风东)--天河儿童公园北门总站),已匹配,23/23
B16路(云台花园总站--黄埔体育中心总站),已匹配,28/31
B16路(黄埔体育中心总站--云台花园总站),已匹配,26/30
B17路(广州火车东站总站--石化路总站),已匹配,21/25
B17路(石化路总站--广州火车东站总站),已匹配,21/26
B18路(永泰集贤路总站--汇彩路北总站),已匹配,27/27
B18路(汇彩路北总站--永泰集贤路总站),已匹配,28/30
B18路快线(永泰路口--汇彩路北总站),已匹配,17/18
B18路快线(汇彩路北总站--永泰路口),已匹配,16/17
B19路(广州火车东站总站--杨桃公园总站),已匹配,14/15
B19路(杨桃公园总站--广州火车东站总站),已匹配,15/16
B1短线快车(特快车)(体育中心--夏园站),未匹配,missing
B1短线快车(特快车)(夏园站--体育中心),未匹配,missing
B1路(体育中心--鹿鸣山总站),已匹配,25/27
B1路(鹿鸣山总站--体育中心),已匹配,25/27
B20路(天河儿童公园北门总站--广州火车东站总站),已匹配,20/24
B20路(广州火车东站总站--天河儿童公园北门总站),已匹配,18/22
B21路(棠德花苑总站--革新路总站),已匹配,25/30
B21路(革新路总站--棠德花苑总站),已匹配,31/36
B22路(五羊邨总站--广州科学城总站(长安村)),已匹配,32/34
B22路(广州科学城总站(长安村)--五羊邨总站),已匹配,33/34
B24路(车陂总站--黄埔低空经济创新中心总站),已匹配,37/37
B24路(黄埔低空经济创新中心总站--车陂总站),已匹配,37/37
B25路(体育中心总站--大学城总站),已匹配,17/19
B25路(大学城中部枢纽总站--体育中心(东行)),已匹配,20/21
B26路(凌塘村总站--护林路东总站),已匹配,27/28
B26路(护林路东总站--凌塘村总站),已匹配,31/31
B28路(保税区总站--地铁鱼珠站总站),已匹配,25/26
B28路(地铁鱼珠站总站--保税区总站),已匹配,25/26
B29路(博汇商业区总站--奥林匹克体育中心总站),已匹配,24/25
B29路(奥林匹克体育中心总站--博汇商业区总站),已匹配,23/24
B2A路(广州火车站总站--汇彩路总站),已匹配,17/21
B2A路(汇彩路总站--广州火车站总站),已匹配,18/22
B2路(东圃总站--广州火车站总站),已匹配,15/20
B2路(广州火车站总站--东圃总站),已匹配,12/17
B30路(南岗万达广场总站--广纳院总站),已匹配,31/33
B30路(广纳院总站--南岗万达广场总站),已匹配,32/33
B31路(开发区(珠江嘉园)总站--黄埔东路(石化南路)总站),已匹配,31/33
B31路(黄埔东路(石化南路)总站--开发区(珠江嘉园)总站),已匹配,31/33
B3路(汇彩路北总站--罗冲围总站),已匹配,28/32
B3路(罗冲围总站--汇彩路北总站),已匹配,28/31
B4A路(华景新城总站--科学城(揽月路)总站),已匹配,23/25
B4A路(科学城总站(揽月路)--华景新城总站),已匹配,26/27
B4路(天河智慧城核心区总站(高唐)--广仁路总站),已匹配,30/33
B4路(广仁路总站--天河智慧城核心区总站(高唐)),已匹配,32/34
B5路(宝岗大道总站--黄埔港总站),已匹配,23/30
B5路(黄埔港总站--宝岗大道总站),已匹配,25/29
B7路(海珠客运站总站--车陂总站),已匹配,24/25
B7路(车陂总站--海珠客运站总站),已匹配,22/23
B7路快线(海珠客运站总站--车陂总站),已匹配,18/19
B7路快线(车陂总站--海珠客运站总站),已匹配,19/20
B8路(宝岗大道总站--棠德花苑总站),已匹配,30/32
B8路(棠德花苑总站--宝岗大道总站),已匹配,31/33
B9路(华景新城总站--珠江南景园总站),已匹配,20/21
B9路(珠江南景园总站--华景新城总站),已匹配,24/24
K201路(南海快线枢纽中心--广州南站总站),未匹配,missing
K201路(广州南站总站--南海快线枢纽中心),未匹配,missing
K314路(华侨城主题公园--市桥汽车站),已匹配,13/14
K314路(市桥汽车站--华侨城主题公园),已匹配,12/13
K981路(蕉门公交总站--陵岗),未匹配,missing
K981路(陵岗--蕉门公交总站),未匹配,missing
S02路航线短线(中大码头--天字码头),未匹配,missing
S02路航线短线(天字码头--中大码头),未匹配,missing
S10航线(长洲码头--鱼珠码头),未匹配,missing
S10航线(鱼珠码头--长洲码头),未匹配,missing
S11海心沙-中大航线(中大码头--海心沙码头),未匹配,missing
S11海心沙-中大航线(海心沙码头--中大码头),未匹配,missing
S6A黄沙-芳村航线(白鹅潭艺术中心码头--黄沙码头),未匹配,missing
S6A黄沙-芳村航线(黄沙码头--白鹅潭艺术中心码头),未匹配,missing
S9白蚬壳-白鹤洞航线(白蚬壳码头--白鹤洞码头),未匹配,missing
S9白蚬壳-白鹤洞航线(白鹤洞码头--白蚬壳码头),未匹配,missing
乐平01B路(广州工商学院--花都飞鹅岭地铁口),已匹配,11/11
乐平01B路(花都飞鹅岭地铁口--广州工商学院),已匹配,10/11
九王庙临时接驳线内环(黄山鲁东门站--黄山鲁东门站),未匹配,missing
九王庙临时接驳线外环(黄山鲁东门站--黄山鲁东门站),未匹配,missing
云山红色研学巴士1号线(聚龙地铁站D口--三元里地铁站A口),未匹配,missing
京溪2线(谷裕市场--京溪南方医院),未匹配,missing
从10路(莱茵汇总站--临时站),已匹配,46/47
从10路(长岭总站--莱茵汇),已匹配,45/46
从11路(良口公交总站--莱茵汇),已匹配,32/33
从11路(莱茵汇--良口公交总站),已匹配,32/33
从12路(吕田公交总站--莱茵汇),已匹配,49/50
从12路(莱茵汇--吕田公交总站),已匹配,47/48
从13路(从化汽车站总站--白水寨总站),已匹配,32/36
从13路(白水寨总站--从化汽车站总站),已匹配,31/36
从14路(从化汽车站总站--高坣),已匹配,29/34
从14路(高坣总站--从化汽车站总站),已匹配,33/36
从16路(东风公交站--水利学院),已匹配,11/13
从16路(水利学院--地铁东风站),已匹配,10/13
从18路(从化汽车站总站--玲洲总站),已匹配,33/38
从18路(玲洲总站--从化汽车站总站),已匹配,34/39
从19路(从化汽车站总站--高坣),已匹配,34/39
从19路(高坣总站--从化汽车站总站),已匹配,40/42
从19路密石班车(从化汽车站总站--密石村委总站),未匹配,missing
从19路密石班车(密石村委总站--从化汽车站总站),未匹配,missing
从1路东线(凤凰村委总站--南医大五附院),未匹配,missing
从1路东线(南医大五附院--凤凰村委总站),未匹配,missing
从1路西线(从化汽车站--明珠大道北(健朗医用)),未匹配,missing
从1路西线(明珠大道北(健朗医用)--从化汽车站),未匹配,missing
从20路(从化汽车站总站--南方学院后门总站),已匹配,31/34
从20路(南方学院后门总站--从化汽车站总站),已匹配,31/35
从21路长线(地铁东风站--珠江学院(东北门)),未匹配,missing
从21路长线(珠江学院(东北门)--地铁东风站),未匹配,missing
从301路(从化汽车站--锦一总站),已匹配,10/10
从301路(锦一总站--从化汽车站),已匹配,10/11
从302路(上罗村委--从化汽车站),已匹配,8/9
从302路(从化汽车站--上罗村委),已匹配,7/9
从3路(上游路总站--花林湖畔总站),已匹配,24/32
从3路(花林湖畔总站--上游路总站),已匹配,23/34
从3路夜班(从化汽车站总站--从化职校),未匹配,missing
从3路夜班(从化职校--从化汽车站总站),未匹配,missing
从401路(花林湖畔总站--花林湖畔总站),已匹配,9/9
从402路(华夏学院--明珠管委会),已匹配,15/19
从402路(明珠管委会总站--华夏学院总站),已匹配,17/17
从403路(山心总站--鳌头客运站总站),已匹配,17/21
从403路(鳌头客运站总站--山心总站),已匹配,17/21
从404路(氹迳--鳌头客运站总站),已匹配,16/20
从404路(鳌头客运站总站--氹迳),已匹配,15/16
从405路(民乐村委--鳌头客运站总站),已匹配,17/18
从405路(鳌头客运站总站--民乐村委),已匹配,17/18
从406路(高丰总站--鳌头客运站总站),已匹配,15/16
从406路(鳌头客运站总站--高丰总站),已匹配,15/16
从407路(珊瑚村委--鳌头客运站),已匹配,18/20
从407路(鳌头客运站--珊瑚村委总站),已匹配,19/21
从408路(爱群村委--鳌头公交总站),已匹配,19/26
从408路(鳌头公交总站--爱群村委),已匹配,18/25
从4路(从化汽车站总站--温泉明月山溪总站),已匹配,43/43
从4路(温泉明月山溪总站--从化汽车站总站),已匹配,39/43
从501路(吕田客运站总站--大陂(地派)总站),已匹配,9/13
从501路(大陂(地派)总站--吕田客运站总站),已匹配,9/13
从502路(三水总站--吕田客运站总站),已匹配,9/11
从502路(吕田客运站总站--三水总站),已匹配,12/14
从503路(吕田客运站总站--潘屋),已匹配,15/17
从503路(潘屋--吕田客运站总站),已匹配,15/17
从504路(东明墟--吕田客运站总站),已匹配,11/14
从504路(吕田客运站总站--东明居委),已匹配,10/12
从505路(东西门总站--吕田客运站总站),已匹配,9/11
从505路(吕田客运站总站--东西门总站),已匹配,9/11
从506路(前光总站--吕田客运站总站),已匹配,13/15
从506路(吕田客运站总站--前光总站),已匹配,13/15
从5路(图书馆总站--太平小学),已匹配,36/39
从5路(太平小学--图书馆总站),已匹配,38/42
从5路长线(图书馆总站--广东工贸职业技术学院站),未匹配,missing
从5路长线(广东工贸职业技术学院--图书馆总站),未匹配,missing
从601路(东明墟--良口墟总站),已匹配,17/19
从601路(良口墟总站--东明墟),已匹配,17/19
从602路(良口墟总站--锦村村委总站),已匹配,14/16
从602路(锦村村委总站--良口墟总站),已匹配,15/17
从603路(合群村委--良口墟),已匹配,12/13
从603路(良口墟--合群村委),已匹配,13/14
从604路(合群村委总站--良口墟总站),已匹配,14/15
从604路(良口墟总站--合群村委),已匹配,13/14
从605路(碧水新村总站--良口墟总站),已匹配,4/5
从605路(良口墟总站--碧水新村总站),已匹配,4/4
从606路(散围总站--良口墟总站),已匹配,16/17
从606路(良口墟总站--散围总站),已匹配,17/18
从607路(磻溪村委--良口墟),已匹配,14/15
从607路(良口墟--磻溪村委),已匹配,14/15
从608路(叶新围总站--良口墟总站),已匹配,10/12
从608路(良口墟总站--叶新围总站),已匹配,12/14
从6路(从化汽车站总站--城康总站),已匹配,24/30
从6路(城康总站--从化汽车站总站),已匹配,25/31
从6路支线(从化汽车站总站--田心围),未匹配,missing
从6路支线(田心围--从化汽车站总站),未匹配,missing
从701路(南平村委--温泉宾馆),已匹配,27/32
从701路(温泉宾馆--南平村委),已匹配,27/31
从702路(中大南方学院总站--乌石村),未匹配,missing
从702路(乌石村--中大南方学院总站),未匹配,missing
从7路(兴园南路北--地铁东风站),已匹配,24/26
从7路(地铁东风站--兴园南路北),已匹配,25/27
从801路(地铁太平站--地铁太平站),未匹配,missing
从802路(太平卫生院--神岗墟),已匹配,9/15
从802路(神岗墟--太平卫生院),未匹配,无匹配(最高50%)
从803路(太平小学总站--神棋路口(G355线)),已匹配,32/35
从803路(神棋路口(G355线)--太平小学总站),已匹配,31/35
从804路(十三社--地铁太平站),已匹配,24/25
从804路(地铁太平站--十三社),已匹配,23/24
从805路(分水总站--新和地铁站),已匹配,23/24
从805路(新和地铁站--分水总站),已匹配,22/23
从806路(格塘村委总站--牛心岭总站),已匹配,20/21
从806路(牛心岭总站--格塘村委总站),已匹配,18/20
从807路(太平小学总站--石吉),已匹配,23/28
从807路(石吉--太平小学总站),已匹配,24/28
从808路(井岗菜场--太平小学总站),已匹配,23/26
从808路(太平小学--井岗菜场站),已匹配,23/25
从809路(地铁太平站--秋枫村委),已匹配,19/20
从809路(秋枫村委--地铁太平站),已匹配,19/20
从8路(地铁东风站--城建学院总站),已匹配,13/18
从8路(城建学院总站--地铁东风站总站),已匹配,11/13
从901路(从化汽车站总站--楼星村委),未匹配,无匹配(最高10%)
从901路(楼星村委--从化汽车站),未匹配,无匹配(最高9%)
从902路(从化汽车站总站--横岭八队(横岭村委路口)),未匹配,无匹配(最高8%)
从902路(横岭八队(横岭村委路口)--从化汽车站总站),未匹配,无匹配(最高8%)
从903路(从化汽车站总站--银林村委),已匹配,14/18
从903路(银林村委--从化汽车站总站),已匹配,16/21
从904路(三百洞村委总站--从化汽车站),已匹配,11/16
从904路(从化汽车站--三百洞村委总站),已匹配,11/17
从905路(从化汽车站--高峰村委),已匹配,12/14
从905路(高峰村委站--从化汽车站总站),已匹配,13/15
从906路(从化汽车站总站--龙新村委),已匹配,8/12
从906路(龙新村委--从化汽车站总站),已匹配,8/11
从907路(沙迳村委--鳌头客运站),未匹配,无匹配(最高43%)
从907路(鳌头客运站--沙迳村委),未匹配,无匹配(最高50%)
从908路(宝溪村委站--鳌头客运站总站),已匹配,3/5
从908路(鳌头客运站总站--宝溪村委),已匹配,3/5
从909路(大岭村委--鳌头客运站总站),已匹配,3/4
从909路(鳌头客运站--大岭村委),已匹配,3/4
从911路(下西村委--鳌头客运站),未匹配,无匹配(最高33%)
从911路(鳌头客运站--下西村委),未匹配,无匹配(最高23%)
从912路(吕田客运站总站--塘基村委),已匹配,2/3
从912路(塘基村委--吕田客运站总站),已匹配,2/3
从913路(吕田客运站总站--鱼洞村委),已匹配,3/4
从913路(鱼洞村委--吕田客运站总站),已匹配,3/4
从914路(联平村委--良口墟总站),未匹配,无匹配(最高50%)
从914路(良口墟总站--联平村委),已匹配,3/5
从9路(莱茵汇--鳌头公交总站),已匹配,38/38
从9路(鳌头公交总站--莱茵汇总站),已匹配,36/37
从化13路(保利时代)(从化汽车站总站--白水寨总站),未匹配,missing
从化13路(保利时代)(白水寨总站--从化汽车站总站),未匹配,missing
从化921路(地铁东风站--花林湖畔总站),未匹配,missing
从化921路(花林湖畔总站--地铁东风站),未匹配,missing
从化922路(地铁东风站--民乐村委总站),未匹配,missing
从化922路(民乐村委总站--地铁东风站),未匹配,missing
从夜1路(图书馆总站--太平小学总站),已匹配,35/39
从夜1路(太平镇政府--图书馆总站),已匹配,36/43
从夜3路(从化汽车站总站--地铁东风站总站),已匹配,16/18
从夜3路(地铁东风站总站--从化汽车站总站),已匹配,16/19
佛200路(佛山西站--芳村大道西总站),已匹配,19/21
佛200路(芳村大道西总站--佛山西站),已匹配,20/23
佛202路(南海旅游公交总站--黄沙总站),已匹配,23/25
佛202路(黄沙总站--南海旅游公交总站),已匹配,21/24
佛211路(大沥汽车客运站--广州南站总站),已匹配,24/27
佛211路(广州南站总站--大沥汽车客运站),已匹配,23/27
佛232路(千灯湖公交总站--芳村客运站总站),已匹配,27/29
佛232路(芳村客运站总站--千灯湖公交总站),已匹配,27/29
佛236路(九江大道公交枢纽站--芳村大道西总站),已匹配,48/60
佛236路(芳村大道西(滘口汽车站)总站--九江大道公交枢纽站),已匹配,47/59
佛244B路(官窑车站--芳村大道西总站),未匹配,missing
佛244B路(芳村大道西总站--官窑车站),未匹配,missing
佛244路(官窑车站--芳村客运站),未匹配,missing
佛244路(芳村客运站总站--官窑车站),未匹配,missing
佛250路(丹灶公交总站--芳村大道西总站),已匹配,36/40
佛250路(芳村大道西总站--丹灶公交总站),已匹配,41/44
佛251路(芳村大道西总站--西樵城区(官山二桥)),已匹配,59/60
佛251路(西樵城区(官山二桥)--芳村大道西总站),已匹配,59/61
佛252路(地铁浔峰岗站--官窑车站),已匹配,24/26
佛252路(官窑车站--地铁浔峰岗站),已匹配,24/26
佛263路(小塘车站--芳村大道西总站),已匹配,37/39
佛263路(芳村大道西总站--小塘车站),已匹配,38/40
佛263路短线(大沥汽车客运站--芳村大道西总站),已匹配,16/18
佛263路短线(芳村大道西总站--大沥汽车客运站),已匹配,17/19
佛275路(狮山大学城总站--芳村客运站总站),未匹配,missing
佛275路(芳村客运站总站--狮山大学城总站),未匹配,missing
佛276路/佛276(干)路(东方广场北门--罗冲围客运站),已匹配,39/41
佛276路/佛276(干)路(罗冲围客运站--东方广场北门总站),已匹配,42/44
佛277路(务庄市场--芳村大道西总站),已匹配,31/32
佛277路(芳村大道西总站--务庄市场),已匹配,31/32
佛278路(狮山海逸桃源花园--芳村客运站总站),未匹配,missing
佛278路(芳村客运站--狮山海逸桃源花园),未匹配,missing
佛279路(中山八路总站--桂城地铁站),已匹配,28/31
佛279路(桂城地铁站--中山八路总站),已匹配,30/33
佛314路(周六)(宝墨园总站--顺德客运总站),未匹配,missing
佛314路(周六)(顺德客运总站--宝墨园总站),未匹配,missing
佛349路(北滘公园--番禺宝墨园),未匹配,missing
佛349路(宝墨园--北滘公园),未匹配,missing
佛K330路/K330路快线(广州南站总站--龙江交通中心公交枢纽站),已匹配,28/30
佛K330路/K330路快线(龙江交通中心公交枢纽站--广州南站总站),已匹配,28/29
佛沥12高峰线(十里尚堤西苑--芳村大道西站),未匹配,missing
佛沥12高峰线(芳村大道西站--十里尚堤西苑),未匹配,missing
佛沥18路(中海金沙里--沙海村),未匹配,missing
佛沥18路(沙海村--中海金沙里),未匹配,missing
佛里07B路(和桂工业园A区--广州金沙洲),未匹配,missing
佛里07B路(广州金沙洲--和桂工业园A区),未匹配,missing
佛里07路(三骏市场--里水汽车客运站),未匹配,missing
便民巴士4号线(黎园酒家--龙溪地铁C出口),未匹配,missing
便民巴士4号线(龙溪地铁C出口--东石牌坊),未匹配,missing
公交地铁接驳专线4路(沙溪大道东总站--海龙湾总站),未匹配,missing
公交地铁接驳专线4路(海龙湾总站--沙溪大道东总站),未匹配,missing
公交地铁接驳专线5路(海龙湾总站--富山路),未匹配,missing
公交地铁接驳专线5路(番禺区第二人民医院总站--海龙湾总站),未匹配,missing
公交地铁接驳专线7路(地铁大石总站--地铁大石总站),未匹配,missing
公交地铁接驳专线8路(地铁大石站总站--坑头村总站),未匹配,missing
公交地铁接驳专线8路(坑头村总站--地铁大石总站),未匹配,missing
公交地铁接驳专线9路(奥园城市天地总站--广州雅居乐北苑公交首末站),未匹配,missing
公交地铁接驳专线9路(广州雅居乐北苑公交首末站--奥园城市天地总站),未匹配,missing
南10路(新兴村委总站--地铁万顷沙站),未匹配,missing
南14路(横沥地铁站公交总站--香港科技大学(广州)站),未匹配,missing
南14路(香港科技大学(广州)站--横沥地铁站公交总站),未匹配,missing
南17路(地铁横沥站--新兴村站),未匹配,missing
南17路(新兴村站--地铁横沥站),未匹配,missing
南1路B(广州船坞总站--海力花园站),未匹配,missing
南1路B(海力花园站--广州船坞总站),未匹配,missing
南21路(广州船坞总站--新垦总站),未匹配,missing
南21路(新垦总站--广州船坞总站),未匹配,missing
南22路(地铁东涌站--庆盛枢纽公交总站),未匹配,missing
南22路(庆盛枢纽公交总站--地铁东涌站),未匹配,missing
南25路(万顷沙公交总站--十九涌站),未匹配,missing
南25路(十九涌站--万顷沙公交站),未匹配,missing
南27路(广州南沙国际物流中心站--蕉门公交总站),未匹配,missing
南27路(蕉门公交总站--广州南沙国际物流中心),未匹配,missing
南28路(冯马一村总站--水牛头渡口总站),未匹配,missing
南28路(水牛头渡口总站--冯马一村总站),未匹配,missing
南30路(嘉安花园站--红港村站),未匹配,missing
南30路(红港村站--嘉安花园站),未匹配,missing
南34路(东涌湖公交总站--珠江电厂站),未匹配,missing
南34路(珠江电厂站--东涌湖公交总站),未匹配,missing
南35路(东涌地铁站--东涌地铁站),未匹配,missing
南36路(东涌湖公交总站--西樵幼儿园总站),未匹配,missing
南36路(西樵幼儿园站--东涌湖公交总站),未匹配,missing
南39路(万顷沙总站--大岗公交总站),未匹配,missing
南39路(大岗公交总站--万顷沙总站),未匹配,missing
南41路(榄核公交总站--甘岗村委站),未匹配,missing
南41路(甘岗村委站--榄核公交总站),未匹配,missing
南42路(南顺二村尾总站--大岗公交总站),未匹配,missing
南42路(大岗公交总站--南顺二村尾站),未匹配,missing
南43路(张松村站--榄核公交总站),未匹配,missing
南43路(榄核公交总站--镇泰厂站),未匹配,missing
南44路(创信鞋厂站--榄核公交总站),未匹配,missing
南44路(榄核公交总站--创信鞋厂站),未匹配,missing
南45路(大岗公交总站--榄核公交总站),未匹配,missing
南45路(榄核公交总站--大岗公交总站),未匹配,missing
南46路(大岗公交总站--新联五路(云生四路口)临时站),未匹配,missing
南46路(新联五路(云生四路口)临时站--大岗公交总站),未匹配,missing
南47路(大岗公交总站--新围八队总站),未匹配,missing
南47路(新围八队总站--大岗公交总站),未匹配,missing
南48路(大岗公交总站--高铁庆盛站),未匹配,missing
南48路(庆盛枢纽公交总站--大岗公交总站),未匹配,missing
南48路(高铁庆盛总站--大岗公交总站),未匹配,missing
南50路(励业染厂站--鱼窝头二中站),未匹配,missing
南50路(鱼窝头二中站--励业染厂站),未匹配,missing
南51路(万洲水闸站--马克村站),未匹配,missing
南51路(马克村总站--万洲水闸总站),未匹配,missing
南52路(东涌湖公交总站--鱼窝头二中站),未匹配,missing
南52路(鱼窝头二中站--东涌湖公交总站),未匹配,missing
南53路(南沙儿童公园站--南沙湾总站),未匹配,missing
南53路(南沙湾总站--南沙儿童公园总站),未匹配,missing
南55路(新兴村委总站--高铁庆盛站1),未匹配,missing
南55路(高铁庆盛站--新兴村委总站),未匹配,missing
南56路(聚豪新村站--蕉门公交总站),未匹配,missing
南56路(蕉门公交总站--聚豪新村站),未匹配,missing
南57路(庆盛枢纽公交总站--马克村总站),未匹配,missing
南57路(马克村总站--庆盛枢纽公交总站),未匹配,missing
南59路(潭洲车站--翡翠蓝湾社区站),未匹配,missing
南59路(翡翠蓝湾社区站--潭洲车站),未匹配,missing
南60路(北斗渡口站1--榄核公交总站),未匹配,missing
南60路(榄核公交总站--北斗渡口站1),未匹配,missing
南61路(万科海上明月站--黄山鲁西门总站),未匹配,missing
南61路(黄山鲁西门总站--万科海上明月总站),未匹配,missing
南64路快线(直达)(广州南站总站--蕉门公交总站),未匹配,missing
南64路快线(直达)(蕉门公交总站--广州南站公交总站),未匹配,missing
南68路快线(市桥汽车站--榄核公交总站),未匹配,missing
南68路快线(榄核公交总站--番禺市桥汽车站总站),未匹配,missing
南夜1路(万科海上明月--黄阁地铁站),未匹配,missing
南夜1路(黄阁地铁站--万科海上明月),未匹配,missing
南夜4路(地铁广隆站--金洲地铁站),未匹配,missing
南夜4路(金洲地铁站--地铁广隆站),未匹配,missing
南夜5路(地铁南沙客运港站--时代南湾站),未匹配,missing
南夜5路(时代南湾站--地铁南沙客运港站),未匹配,missing
南夜6路(南沙奥园站--金岭南路口),未匹配,missing
南夜6路(金岭南路口--南沙奥园站),未匹配,missing
南沙10路短线(冯马一村总站--新兴村卫生站),已匹配,9/11
南沙10路短线(新兴村卫生站--冯马一村总站),已匹配,9/11
南沙12路(新兴村委总站--珠江电厂站),已匹配,37/39
南沙12路(珠江电厂站--新兴村委总站),已匹配,37/38
南沙13路(中山大学附属第一(南沙)医院--水牛头渡口站),已匹配,17/18
南沙13路(水牛头渡口站--中山大学附属第一(南沙)医院),已匹配,17/17
南沙15路(万科海上明月站--新海村总站),已匹配,20/22
南沙15路(新海村总站--万科海上明月总站),已匹配,18/20
南沙16路(团结围总站--新垦站),已匹配,14/16
南沙16路(新垦站--团结围站),已匹配,13/16
南沙18路(南沙湾总站--蕉门地铁站),已匹配,18/24
南沙18路(蕉门地铁(区政府)站--南沙湾总站),已匹配,20/26
南沙19路(南沙中心医院西门站--南沙湾总站),未匹配,missing
南沙19路(南沙湾总站--南沙中心医院西门站),未匹配,missing
南沙20路(中山大学附属第一(南沙)医院站--虎门渡口总站),已匹配,19/22
南沙20路(虎门渡口(上湾小区)站--中山大学附属第一(南沙)医院站),已匹配,19/23
南沙21路支线(地铁万顷沙站1--广州船坞总站),已匹配,10/11
南沙21路支线(广州船坞总站--地铁万顷沙站),已匹配,10/11
南沙23B路(地铁横沥站--地铁横沥站),已匹配,8/8
南沙23路(雨洪公交总站--雨洪公交总站),已匹配,8/8
南沙23路A线(地铁横沥站--地铁横沥站),未匹配,missing
南沙24路(横沥地铁站公交总站--虎门轮渡码头总站),已匹配,21/21
南沙24路(虎门轮渡码头总站--横沥地铁站公交总站),已匹配,21/21
南沙2路支线(出口加工区站--出口加工区站),未匹配,missing
南沙31路A线(蕉门公交总站--蕉门公交总站),未匹配,missing
南沙31路B线(蕉门公交总站--蕉门公交总站),未匹配,missing
南沙31路支线(蕉门公交总站--蕉门公交总站),已匹配,13/13
南沙33路(南沙中心医院西门站--榄核镇公交总站),已匹配,27/31
南沙33路(榄核公交总站--南沙中心医院西门站),已匹配,29/32
南沙35路支线(东涌湖公交总站--东涌湖公交总站),已匹配,19/19
南沙38路(东涌湖公交总站--虎门轮渡码头总站),已匹配,32/34
南沙38路(虎门轮渡码头总站--东涌湖公交总站),已匹配,33/35
南沙40路短线(大岗公交总站--新沙村站(东)),未匹配,missing
南沙40路短线(新沙村站(东)--大岗公交总站),未匹配,missing
南沙49路(三姓路--大岗公交总站),已匹配,46/47
南沙49路(大岗公交总站--三姓路站),已匹配,49/49
南沙4路(18:30后)(南沙资讯科技园站--蕉门公交总站),已匹配,19/21
南沙4路(滨海公园站--蕉门公交总站),已匹配,22/23
南沙4路(蕉门公交总站--滨海公园站),已匹配,25/25
南沙54路(滨海公园--雁洲村总站),已匹配,35/58
南沙54路(雁洲村总站--滨海公园站),未匹配,无匹配(最高58%)
南沙58路(粤新船厂总站--翡翠蓝湾社区总站),已匹配,19/19
南沙58路(翡翠蓝湾社区站--粤新船厂总站),已匹配,19/19
南沙5路(华润瑞府公交总站--邮轮母港站),已匹配,21/21
南沙5路(邮轮母港站--华润瑞府公交总站),已匹配,20/21
南沙61路短线(万科海上明月--黄阁中学),已匹配,9/9
南沙61路短线(黄阁中学--万科海上明月),已匹配,9/9
南沙61路短线(黄阁公交总站--黄阁公交总站),已匹配,10/12
南沙62路(广州船坞总站--珠江电厂站),已匹配,30/33
南沙62路(珠江电厂站--广州船坞总站),已匹配,30/33
南沙62路短线(南沙小学西门--广州船坞总站),已匹配,12/12
南沙62路短线(广州船坞总站--南沙小学西门站),已匹配,13/13
南沙63路A线(南沙儿童公园总站--南沙儿童公园总站),未匹配,missing
南沙63路B线(南沙儿童公园总站--南沙儿童公园总站),未匹配,missing
南沙65路(大站快线)(大岗公交总站--市桥汽车站),已匹配,9/11
南沙65路(大站快线)(市桥汽车站--大岗公交总站),已匹配,10/12
南沙65路(市桥汽车站--潭洲车站),已匹配,35/37
南沙65路(潭洲车站--市桥汽车站),已匹配,34/36
南沙67路(大岗公交总站--番禺区中心医院总站),已匹配,30/31
南沙67路(番禺中心医院总站--大岗公交总站),已匹配,31/31
南沙68路(市桥汽车站--榄核公交总站),已匹配,33/36
南沙68路(榄核公交总站--番禺市桥汽车站总站),已匹配,34/35
南沙70路(市桥汽车站--蕉门公交总站),未匹配,missing
南沙70路(蕉门公交总站--市桥汽车站),未匹配,missing
南沙8路(珠江电厂站--黄沙路北站),已匹配,18/26
南沙8路(黄沙路北站--珠江电厂站),已匹配,20/29
南沙9路团结围线(万顷沙总站--团结围总站),未匹配,missing
南沙9路团结围线(团结围总站--万顷沙总站),未匹配,missing
南沙9路缸瓦沙线(万顷沙总站--团结围总站),未匹配,missing
南沙9路缸瓦沙线(团结围总站--万顷沙总站),未匹配,missing
南沙G1路(十九涌站--蕉门地铁站),已匹配,12/12
南沙G1路(蕉门公交总站--南沙湿地公园),已匹配,12/12
南沙G2路(万顷沙公交总站--蕉门公交总站),已匹配,16/18
南沙G2路(蕉门公交总站--万顷沙公交总站),已匹配,16/19
南沙G3路(榄核公交总站--横沥地铁站公交总站),已匹配,17/20
南沙G3路(横沥地铁站公交总站--榄核公交总站),已匹配,17/19
南沙G4路(新兴村委总站--虎门轮渡码头总站),已匹配,24/24
南沙G4路(虎门轮渡码头总站--新兴村委总站),已匹配,24/24
南沙G5路(横沥地铁站公交总站--蕉门地铁站),已匹配,4/4
南沙G5路(蕉门地铁站--横沥地铁站公交总站),已匹配,4/4
南沙K1路(天河公交场总站--蕉门公交总站),未匹配,无匹配(最高50%)
南沙K1路(蕉门公交总站--天河公交场总站),已匹配,2/2
南沙K1路支线(珠江帝景苑总站--蕉门公交总站),已匹配,4/5
南沙K1路支线(蕉门公交总站--珠江帝景苑总站),已匹配,4/4
南沙K2路(芳村西塱总站--蕉门公交总站),未匹配,missing
南沙K2路(蕉门公交总站--芳村西塱总站),未匹配,missing
南沙K5路(市桥汽车站总站--蕉门公交总站),已匹配,5/6
南沙K5路(蕉门公交总站--市桥汽车站),已匹配,5/6
南沙K6路(蕉门公交总站--富民商务中心),未匹配,无匹配(最高50%)
南沙K7路(大岗公交总站--广州南站总站),已匹配,5/5
南沙K7路(广州南站总站--大岗公交总站),已匹配,5/5
南沙K8路(广仁路总站--蕉门公交总站),已匹配,4/5
南沙K8路(蕉门公交总站--广仁路总站),已匹配,4/4
南沙W1A路(蕉门公交总站--蕉门公交总站),已匹配,15/18
南沙W1B路(蕉门公交总站--蕉门公交总站),已匹配,13/13
南沙W1路支线(区政务服务中心站(西)--蕉门地铁总站),未匹配,missing
南沙W1路支线(蕉门地铁总站--区政务服务中心站(西)),未匹配,missing
南沙W2路(南沙资讯科技园站--南沙资讯科技园站),已匹配,10/11
南沙夜1路(万科海上明月总站--万科海上明月总站),已匹配,16/16
南沙学1路(华润瑞府公交总站--南沙客运港站),已匹配,20/22
南沙学1路(南沙客运港站--华润瑞府公交总站),已匹配,20/23
同成社区公交接驳专线(地铁龙溪站--宝石东路),未匹配,missing
同成社区公交接驳专线(宝石东路--地铁龙溪站),未匹配,missing
同成社区接驳专线(地铁龙溪站--宝石东路),未匹配,missing
同成社区接驳专线(宝石东路--地铁龙溪站),未匹配,missing
商务专线3路(沙涌南总站--站前路总站),已匹配,10/14
商务专线3路(站前路--沙涌南总站),已匹配,13/16
商务专线4路(平洲玉器街总站--德星路总站),未匹配,missing
商务专线4路(德星路总站--平洲玉器街总站),未匹配,missing
商务专线5路(大塘总站--沙河横马路),已匹配,5/5
商务专线5路(沙河横马路--大塘总站),已匹配,5/6
嘉禾5线(地铁嘉禾望岗站--红旗坊),已匹配,9/10
嘉禾5线(红旗坊--地铁嘉禾望岗站总站),已匹配,11/14
嘉禾望岗地铁站便民车3线(地铁嘉禾望岗站总站--地铁嘉禾望岗站总站),未匹配,missing
地铁接驳10A线(奥园城市天地总站--雄峰商城总站),未匹配,missing
地铁接驳10A线(雄峰商城总站--奥园城市天地总站),未匹配,missing
增城10路(二汽石滩客运站--职教园区公交站),已匹配,21/33
增城10路(职教园区公交站--二汽石滩客运站),已匹配,21/33
增城10路快线(二汽石滩客运站--增城广场地铁总站),已匹配,6/8
增城10路快线(增城广场地铁总站--二汽石滩客运站),已匹配,6/9
增城11A路(官塘村总站--金地上城),已匹配,25/25
增城11A路(金地上城站--官塘村总站),已匹配,26/27
增城11路(二汽车站--五福路),已匹配,44/45
增城11路(五福路--二汽车站),已匹配,45/45
增城12路(二汽车站--永和医院),已匹配,42/42
增城12路(永和医院--二汽车站),已匹配,43/43
增城13路(仙村公交总站--广运车站),已匹配,37/37
增城13路(广运车站--仙村公交总站),已匹配,36/37
增城14路(增城公交站--深涌村站),已匹配,27/29
增城14路(深涌村--二汽车站),已匹配,28/29
增城15路(广运车站--派潭客运站),已匹配,30/30
增城15路(派潭客运站--广运车站),已匹配,31/31
增城15路快线(增城广场地铁总站--派潭客运站),已匹配,9/14
增城15路快线(派潭客运站--增城广场地铁总站),已匹配,9/13
增城16路(增城广场地铁总站--白水寨总站),未匹配,无匹配(最高59%)
增城16路(白水寨总站--增城广场地铁总站),未匹配,无匹配(最高60%)
增城17路(正果车站--钟岗地铁站),已匹配,27/28
增城17路(钟岗地铁站--正果车站),已匹配,26/27
增城18路(增城广场地铁总站--龙地村),已匹配,36/36
增城18路(龙地村--增城广场地铁总站),已匹配,39/40
增城19路(二龙山生态园景区--小楼车站),已匹配,20/22
增城19路(小楼车站--二龙山生态园景区),已匹配,20/22
增城1路(大埔围--荔湖社区总站),已匹配,27/30
增城1路(荔湖社区总站--大埔围),已匹配,26/30
增城20路(新塘汽车客运总站--新沙地铁站),未匹配,missing
增城20路(新沙地铁站--新塘汽车客运站总站),未匹配,missing
增城21路(永宁总站--茅山大道北),已匹配,20/27
增城21路(茅山大道北--永宁总站),已匹配,23/29
增城22路(夏埔村总站--黄沙头村),已匹配,23/23
增城22路/增22路(黄沙头村--夏埔村总站),已匹配,21/21
增城23路(新塘公园--永和中学总站),已匹配,18/20
增城23路(永和中学总站--新塘公园),已匹配,19/21
增城24路(东江大道南--新塘站公交总站),已匹配,9/9
增城24路(新塘站公交总站--东江大道南),已匹配,8/8
增城25路(东江逸珑湾--陈家林站),已匹配,19/22
增城25路(陈家林站--东江逸珑湾),已匹配,20/23
增城26路(凤凰城交通中心--大敦综合市场),已匹配,22/24
增城26路(大敦综合市场--凤凰城交通中心),已匹配,20/22
增城27路(新塘站公交总站--田心村),已匹配,14/15
增城27路(田心村--新塘站公交总站),已匹配,15/15
增城28路(云顶--新塘汽车客运总站),已匹配,20/22
增城28路(新塘汽车客运站--宁埔大道北),已匹配,21/24
增城29路(新塘大道--沙埔广场),未匹配,missing
增城29路(沙埔广场--新塘大道),未匹配,missing
增城2路(公汽公司--科教城东公交总站),已匹配,37/38
增城2路(科教城东公交总站--公汽公司),已匹配,39/39
增城30路(214站--誉山国际五区总站),已匹配,15/15
增城30路(誉山国际五区总站--214站),已匹配,15/15
增城31路(新塘万达广场--香山湖总站),已匹配,20/22
增城31路(香山湖总站--新塘万达广场),已匹配,19/21
增城32路内环(新塘汽车客运总站--新塘汽车客运总站),未匹配,missing
增城32路外环(新塘汽车客运总站--新塘汽车客运总站),未匹配,missing
增城34路(214站--二汽石滩客运站),已匹配,36/38
增城34路(二汽石滩客运站--214站),已匹配,36/37
增城34路快线(214站--增城站公交总站),已匹配,11/17
增城34路快线(增城站公交总站--214站),已匹配,11/17
增城35A路(中新车站--香山湖总站),已匹配,12/13
增城35A路(香山湖总站--中新车站),已匹配,12/13
增城35路(214站--中新车站),已匹配,29/31
增城35路(中新车站--214站),已匹配,30/32
增城36路(五福路--新塘站公交总站),已匹配,42/43
增城36路(新塘站公交总站--五福路),已匹配,43/44
增城37路(仙村车站--西洲总站),已匹配,37/37
增城37路(西洲总站--仙村车站),已匹配,36/36
增城38路(坭紫市场--海伦春天站),已匹配,27/29
增城38路(海伦春天站--坭紫市场),已匹配,26/29
增城39路(仙村公交总站--尚东阳光),已匹配,24/31
增城39路(尚东阳光--仙村公交总站),已匹配,22/30
增城3路(百花山庄--职教园区公交站),已匹配,26/29
增城3路(职教园区公交站--百花山庄),已匹配,27/30
增城40路(新塘站公交总站--耕寮村),已匹配,23/25
增城40路(耕寮村--新塘站公交总站),已匹配,23/25
增城41路(派潭客运站--福和市场),已匹配,23/30
增城41路(福和市场--派潭客运站),已匹配,25/30
增城42路(正果车站--派潭客运站),未匹配,missing
增城42路(派潭客运站--正果车站),未匹配,missing
增城43路(凤凰城交通中心--珠江创业中心),已匹配,22/23
增城43路(珠江创业中心--凤凰城交通中心),已匹配,22/23
增城44路(新塘站公交总站--临时站),未匹配,missing
增城44路(站前路站--新塘站公交总站),未匹配,missing
增城45路(创盈路西总站--新塘大道),已匹配,27/27
增城45路(新塘大道--创盈路西总站),已匹配,28/28
增城46路(东江逸珑湾--南山丰景花园),未匹配,missing
增城46路(南山丰景花园--东江逸珑湾),未匹配,missing
增城47路(百花山庄--职教园区公交站),已匹配,33/34
增城47路(职教园区公交站--百花山庄),已匹配,34/35
增城48路(上行)(增城广场地铁总站--增城广场地铁总站),已匹配,22/23
增城48路(下行)(增城广场地铁总站--增城广场地铁总站),已匹配,23/23
增城49路(七彩澳游--执信增城学校总站),已匹配,15/15
增城49路(润悦花园站--七彩澳游),已匹配,12/13
增城4路(康健公司--横塱村委),已匹配,35/37
增城4路(横塱村委--康健公司),已匹配,36/37
增城50A路(叠溪花园--朱村地铁站),已匹配,6/7
增城50A路(朱村地铁站--叠溪花园),已匹配,6/6
增城50路(七彩澳游--叠溪花园总站),已匹配,14/14
增城50路(叠溪花园总站--七彩澳游),已匹配,12/12
增城51路(中新车站--元汾村),未匹配,无匹配(最高53%)
增城51路(元汾村--中新车站),已匹配,8/13
增城52路(中新车站--坳头村),已匹配,13/14
增城52路(坳头村--中新车站),已匹配,13/14
增城53路(花山村--西河村),未匹配,无匹配(最高54%)
增城53路(西河村--花山村),未匹配,无匹配(最高50%)
增城54路(中新车站--简塘村),已匹配,20/24
增城54路(简塘村--中新车站),已匹配,20/26
增城55路(三江车站--二汽石滩客运站),已匹配,15/16
增城55路(二汽石滩客运站--三江车站),已匹配,15/16
增城56路(岳埔村--石厦村路口),未匹配,无匹配(最高44%)
增城56路(石厦村--岳埔村),已匹配,6/10
增城57路(家埔村--二汽石滩客运站),已匹配,9/9
增城57路(石滩客运站--家埔村),已匹配,7/9
增城58路(小楼车站--竹坑村),已匹配,12/18
增城58路(竹坑村--小楼车站),已匹配,12/18
增城59路(旧高埔村--派潭客运站),已匹配,11/12
增城59路(派潭客运站--玉枕村),已匹配,11/13
增城5路(千鹤街总站--阳光家园),已匹配,25/25
增城5路(阳光家园--千鹤街总站),已匹配,25/25
增城60路(樟洞坑村--派潭客运站),已匹配,11/16
增城60路(派潭客运站--樟洞坑村),已匹配,11/16
增城61路(密石村--派潭客运站),已匹配,10/14
增城61路(派潭客运站--密石村),已匹配,8/12
增城62路(亚如冚--双头村),已匹配,13/18
增城62路(派潭客运站--亚如冚),已匹配,13/20
增城63路(麦村村委--黄塘村),已匹配,13/13
增城63路(黄塘村--麦村村委),已匹配,12/13
增城64路(广东省环保技工学校--新塘万达广场),已匹配,27/27
增城64路(新塘万达广场--广东省环保技工学校),已匹配,30/30
增城65路(万达广场西--镇泰小学),未匹配,missing
增城65路(镇泰小学--万达广场西),未匹配,missing
增城66路(正果车站--白江湖森林公园),已匹配,6/8
增城66路(白江湖森林公园--正果车站),已匹配,6/8
增城67路(正果车站--畲族村),已匹配,10/11
增城67路(畲族村--正果车站),已匹配,10/11
增城68路(正果车站--龙潭埔),未匹配,无匹配(最高56%)
增城68路(龙潭埔--正果车站),已匹配,5/8
增城6路(增城广场地铁总站--小楼车站),已匹配,20/20
增城6路(小楼车站--增城广场地铁总站),已匹配,22/22
增城70路(小楼车站--福和一桥),已匹配,15/15
增城70路(福和一桥--小楼车站),已匹配,15/15
增城71路(科教城东公交总站--科教城西公交总站),已匹配,12/16
增城71路(科教城西公交总站--科教城东公交总站),已匹配,13/17
增城72A路(正果车站--白面石村),未匹配,missing
增城72A路(白面石村--正果车站),未匹配,missing
增城72B路(正果车站--银场村),已匹配,6/10
增城72B路(银场村--正果车站),已匹配,8/9
增城73路(元汾村--小楼车站),已匹配,15/17
增城73路(小楼车站--元汾村),已匹配,14/15
增城74路(五星村--初溪村),已匹配,18/18
增城74路(初溪村站--1978电影小镇创意园),已匹配,16/18
增城75路(新塘站公交总站--环城路北段入口),未匹配,missing
增城75路(环城路北段入口--新塘站公交总站),未匹配,missing
增城76路(土江村--增城站公交总站),已匹配,16/19
增城76路(增城站公交总站--土江村),已匹配,16/18
增城77路(增城广场地铁总站--蒋村总站),已匹配,10/10
增城77路(蒋村总站--增城广场地铁总站),已匹配,13/13
增城78路(华商学院--增城广场地铁总站),未匹配,missing
增城78路(增城广场地铁总站--华商学院),未匹配,missing
增城79路(挂绿广场东--木潭村),已匹配,12/12
增城79路(木潭村--挂绿广场东),已匹配,13/13
增城80路(挂绿广场东--群爱村),已匹配,13/14
增城80路(群爱村--挂绿广场东),已匹配,13/14
增城81路(吓岗村总站--增城广场地铁总站),已匹配,11/11
增城81路(增城广场地铁总站--吓岗村总站),已匹配,7/8
增城82路(增城广场西--省轻工学院),已匹配,9/9
增城82路(省轻工学院--增城广场西),已匹配,8/8
增城83路(小迳村--黄沙氹村口),已匹配,9/9
增城83路(黄沙氹村口--小迳村),已匹配,9/10
增城87路(大安村--福和一桥),已匹配,4/5
增城87路(福和一桥--大安村),已匹配,4/5
增城88路(塘口村--新山吓村),已匹配,9/12
增城88路(新山吓村--塘口村),已匹配,9/13
增城89路(钟岭村站--铁路物流园),已匹配,12/13
增城89路(铁路物流园--钟岭村站),已匹配,12/12
增城8路(增城广场地铁总站--增城站公交总站),已匹配,16/17
增城8路(增城站公交总站--增城广场地铁总站),已匹配,14/14
增城90路(仙村中学--沙角村委),未匹配,missing
增城90路(沙角村委--仙村中学),未匹配,missing
增城9A路/9A路快线(新塘站公交总站--罗岗市场),未匹配,missing
增城9A路/9A路快线(罗岗市场--新塘站公交总站),未匹配,missing
增城9路(公汽公司--新塘海关),已匹配,46/46
增城9路(新塘海关--公汽公司),已匹配,49/49
增城9路快线(挂绿广场东--新塘镇政府),已匹配,9/10
增城9路快线(新塘镇政府--挂绿广场东),已匹配,9/10
增夜2路(二汽石滩客运站--增城广场地铁总站),未匹配,missing
增夜2路(增城广场地铁总站--二汽石滩客运站),未匹配,missing
增夜4路(中新车站--新塘站公交总站),未匹配,missing
增夜4路(新塘站公交总站--中新车站),未匹配,missing
增夜6路(南山丰景花园--官湖地铁站),未匹配,missing
增夜6路(官湖地铁站--南山丰景花园),未匹配,missing
夜100路(天河客运站总站--黄埔古村南广场总站),已匹配,40/42
夜100路(黄埔古村南广场总站(落客点)--天河客运站总站),已匹配,42/44
夜101路(沐陂村总站--沥滘总站),已匹配,28/28
夜101路(沥滘总站--沐陂村总站),已匹配,30/30
夜102路(东山总站--广州南站总站),已匹配,29/29
夜102路(广州南站总站--东山总站(东华北路)),已匹配,25/28
夜103路(地铁江泰路站总站--穗盐路总站),未匹配,missing
夜103路(穗盐路总站--地铁江泰路站总站),未匹配,missing
夜104路(萝岗香雪总站--黄埔东路(石化南路)总站),已匹配,28/30
夜104路(黄埔东路总站(石化南路)--萝岗香雪总站),已匹配,28/30
夜105路(兴民路总站--南悦花苑总站),已匹配,35/35
夜105路(南悦花苑总站--兴民路总站),已匹配,26/26
夜106路(人和墟总站--花都富力金港城总站),已匹配,18/21
夜106路(花都富力金港城总站--人和墟总站),已匹配,18/20
夜107路(白云路总站--石井(红星小学)总站),已匹配,25/26
夜107路(石井(广东兵工厂旧址)站--白云路总站),已匹配,25/27
夜108路(五羊邨--宸悦路总站),已匹配,17/17
夜108路(宸悦路总站--五羊邨),已匹配,18/18
夜109路(万博中心总站--五羊邨站),已匹配,16/16
夜109路(五羊邨站--万博中心总站),已匹配,16/17
夜10路(东山口总站--龙洞总站),已匹配,31/32
夜10路(龙洞总站--东山口总站),已匹配,32/34
夜112路(地铁沙贝站总站--沙凤一路西总站),未匹配,missing
夜112路(沙凤一路西总站--地铁沙贝站总站),未匹配,missing
夜113路(裕海路总站--裕海路总站),已匹配,41/41
夜114路(南悦花苑总站--南悦花苑总站),已匹配,20/20
夜116路(花都北兴总站--钟落潭(白云星汇城)总站),未匹配,missing
夜116路(钟落潭总站--花都北兴总站),未匹配,missing
夜117路(地铁滘心站总站--地铁滘心站总站),已匹配,16/16
夜118路(地铁钟落潭站--马洞森林公园总站),已匹配,14/14
夜118路(马洞森林公园总站--地铁钟落潭站),已匹配,14/14
夜119路(司法学校--龙归城总站),已匹配,17/21
夜119路(龙归城总站--司法学校),已匹配,12/17
夜11路(广州火车站总站--芳村西塱总站),已匹配,26/26
夜11路(芳村西塱总站--广州火车站总站),已匹配,27/27
夜120路(石溪总站--西湾路总站),已匹配,27/28
夜120路(西湾路总站--石溪总站),已匹配,29/29
夜121路(地铁白云公园站总站--泮塘总站),已匹配,17/18
夜121路(泮塘总站--地铁白云公园站总站),已匹配,22/22
夜122路(永泰新村总站--白沙(中海金沙湾)总站),未匹配,missing
夜122路(白沙(中海金沙湾)总站--永泰新村总站),未匹配,missing
夜123路(和瑞路总站--太和(民营科技园)总站),已匹配,23/23
夜123路(太和(民营科技园)总站--和瑞路总站),已匹配,23/23
夜124路(地铁燕山站总站--地铁燕山站总站),已匹配,11/15
夜125路(地铁官洲站总站--地铁官洲站总站),已匹配,3/5
夜126路(地铁红卫站总站--地铁镇龙站总站),已匹配,28/28
夜126路(地铁镇龙站总站--地铁红卫站总站),已匹配,28/28
夜127路(五眼桥总站--五眼桥总站),未匹配,missing
夜128路(大学城(广工)总站--海珠客运站总站),已匹配,35/36
夜128路(海珠客运站总站--大学城(广工)总站),已匹配,38/39
夜129路(两龙总站--石马总站),未匹配,missing
夜129路(石马总站--两龙总站),未匹配,missing
夜12路(省荣军医院--黄石路总站),已匹配,25/26
夜12路(黄石路总站--省荣军医院),已匹配,24/25
夜130路(知识城南总站--知识城南总站),已匹配,8/8
夜131路(九龙镇政府总站--九龙镇政府),已匹配,24/26
夜132路(珠江嘉苑总站--珠江嘉苑总站),已匹配,18/18
夜133路(南浦岛总站--天河公交场总站2),已匹配,19/19
夜133路(天河公交场总站--南浦岛总站),已匹配,22/22
夜134路(南岗(总站)--南岗(总站)),已匹配,13/13
夜135路(江海街办事处总站--江海街办事处总站),未匹配,missing
夜13路(天河儿童公园北门总站--梅东路总站),已匹配,27/27
夜13路(梅东路总站--天河儿童公园北门总站),已匹配,28/28
夜14路(东莞庄总站--广州火车站总站),已匹配,21/21
夜14路(广州火车站总站--东莞庄总站),已匹配,20/20
夜15路(同德围总站--广州火车东站总站),已匹配,23/24
夜15路(广州火车东站总站--同德围总站),已匹配,26/26
夜16路(城西花园总站--门口岗总站),已匹配,32/32
夜16路(门口岗总站--城西花园总站),已匹配,33/33
夜17路(广州火车东站总站--珠村总站),已匹配,19/19
夜17路(珠村总站--广州火车东站总站),已匹配,17/18
夜18路(员村总站--广州火车站总站),已匹配,24/24
夜18路(广州火车站总站--员村总站),已匹配,25/25
夜19路(汇彩路北总站--罗冲围总站),已匹配,32/32
夜19路(罗冲围总站--汇彩路北总站),已匹配,33/33
夜1路(东山总站(署前路)--芳村花园南门总站),已匹配,23/23
夜1路(芳村花园南门总站--东山总站(署前路)),已匹配,24/24
夜20路(广州南站总站--车陂总站),已匹配,27/28
夜20路(车陂总站--广州南站总站),已匹配,25/26
夜21路(东山龟岗(中共三大会址)总站--石井潭村总站),已匹配,32/35
夜21路(石井潭村总站--东山龟岗(中共三大会址)总站),已匹配,35/36
夜22路(广州白云站公交总站--江南大道南(地铁江泰路站)总站),已匹配,32/34
夜22路(江南大道南(地铁江泰路站)总站--广州白云站公交总站),已匹配,32/35
夜23路(宝岗大道总站--汇景北路总站),已匹配,21/22
夜23路(汇景北路总站--宝岗大道总站),已匹配,21/21
夜24路(白云山制药厂总站--纸厂横马路总站),已匹配,39/39
夜24路(纸厂横马路总站--白云山制药厂总站),已匹配,37/37
夜25路(中山大道东圃站--广州火车站总站),已匹配,23/23
夜25路(广州火车站总站--东圃总站),已匹配,20/20
夜26路(文化公园总站--石井),已匹配,32/33
夜26路(石井(广东兵工厂旧址)站--文化公园总站),已匹配,29/31
夜27路(滘口客运站总站--车陂总站),已匹配,31/31
夜27路(车陂总站--滘口客运站总站),已匹配,31/31
夜28路(丽江花园总站--广州火车东站总站),已匹配,21/21
夜28路(广州火车东站总站--丽江花园总站),已匹配,17/17
夜29路(江海大道中总站--滘口客运站总站),已匹配,23/23
夜29路(滘口汽车站总站--江海大道中),已匹配,21/22
夜2路(石潭西路口--陈家祠总站(中山七路)),已匹配,20/21
夜2路(陈家祠总站(中山七路)--石潭西路口),已匹配,23/23
夜30路(沥滘路西总站--罗冲围(松南)总站),已匹配,34/34
夜30路(罗冲围总站(松南路)--沥滘路西总站),已匹配,33/33
夜31路(海印桥总站--珠岛花园总站),已匹配,23/24
夜31路(珠岛花园总站--海印桥总站),已匹配,22/22
夜32路(市儿童公园总站--鹤洞总站),已匹配,32/32
夜32路(鹤洞总站--市儿童公园总站),已匹配,27/27
夜33路(中山八路总站--石榴岗总站),已匹配,32/33
夜33路(石榴岗总站--中山八路总站),已匹配,37/38
夜34路(南洲路总站(小洲南路口)--黄村训练基地总站),已匹配,39/40
夜34路(黄村训练基地总站--南洲路(小洲南路口)总站),已匹配,41/42
夜35路(员村一横路总站--黄鹤路总站),已匹配,28/32
夜35路(黄鹤路总站--员村一横路总站),已匹配,30/32
夜36路(棠德花苑总站--芳村西塱总站),已匹配,42/42
夜36路(芳村西塱总站--棠德花苑总站),已匹配,41/41
夜37路(中山八路总站--江海大道中),已匹配,23/24
夜37路(江海大道中总站--中山八路总站),已匹配,26/27
夜38路(天河智慧城核心区总站(高唐)--广卫路总站),已匹配,36/36
夜38路(广卫路总站--天河智慧城核心区总站(高唐)),已匹配,33/33
夜39路(恒宝广场总站--科韵路总站),已匹配,32/32
夜39路(科韵路总站--恒宝广场总站),已匹配,29/29
夜3路(凰岗总站--石溪总站),已匹配,31/31
夜3路(石溪总站--凰岗总站),已匹配,25/25
夜40路(广园新村总站--琶洲大桥北总站),已匹配,26/27
夜40路(琶洲大桥北总站--广园新村总站),已匹配,25/25
夜41路(保税区总站--广州火车站总站),已匹配,54/55
夜41路(广州火车站总站--保税区总站),已匹配,52/52
夜42路(珠江帝景苑总站--金宇花园总站),已匹配,18/20
夜42路(金宇花园总站--珠江帝景苑总站),已匹配,20/21
夜43路(天坤三路总站--瑞宝乡总站),已匹配,34/36
夜43路(瑞宝乡总站--天坤三路总站),已匹配,33/35
夜44路(桥中总站--海珠客运站总站),已匹配,27/27
夜44路(海珠客运站总站--桥中总站),已匹配,25/25
夜45路(城西花园总站--大塘总站),已匹配,32/33
夜45路(大塘总站--城西花园总站),已匹配,32/32
夜46路(奥林匹克体育中心总站--石化路总站),已匹配,18/19
夜46路(石化路总站--奥林匹克体育中心总站),已匹配,20/21
夜48路(体育中心--大学城体育中心总站),已匹配,9/14
夜48路(大学城体育中心总站--体育中心总站),未匹配,无匹配(最高53%)
夜49路(永和开发区总站--穗港码头总站),已匹配,43/45
夜49路(穗港码头总站--永和开发区总站),已匹配,42/45
夜4路(恒福路总站--海珠客运站总站),已匹配,21/21
夜4路(海珠客运站总站--恒福路总站),已匹配,21/21
夜50路(市国家档案馆(大学城)总站--市国家档案馆(大学城)总站),未匹配,missing
夜51路(萝岗香雪总站--车陂总站),已匹配,35/36
夜51路(车陂总站--萝岗香雪总站),已匹配,38/38
夜52路(地铁香雪站总站--永和贤江公交总站),已匹配,29/31
夜53路(体育中心--天慧路总站),已匹配,28/28
夜53路(天慧路总站--体育中心总站),已匹配,25/25
夜55路(小洲村口总站--广州火车站总站),已匹配,34/35
夜55路(广州火车站总站--小洲村口总站),已匹配,36/36
夜56路(广卫路总站--赤沙总站),已匹配,23/23
夜56路(赤沙总站--广卫路总站),已匹配,24/24
夜57路(夏园总站--火村东总站),已匹配,19/19
夜57路(火村东总站--夏园),已匹配,19/19
夜59路(机务段总站--机务段总站),未匹配,missing
夜5路(天平架总站--黄沙总站),已匹配,21/21
夜5路(黄沙总站--天平架总站),已匹配,22/22
夜60路(永和总站--联和总站(惠联路)),已匹配,30/31
夜60路(联和总站(惠联路)--万科里享家总站),已匹配,32/34
夜61路(体育中心站--广州南站总站),已匹配,20/20
夜61路(广州南站总站--体育中心站),已匹配,17/17
夜62路(嘉禾望岗总站--永兴庄总站),已匹配,20/20
夜62路(永兴庄总站--嘉禾望岗总站),已匹配,19/19
夜63路(嘉禾望岗总站--平沙总站),已匹配,20/21
夜63路(平沙总站--嘉禾望岗总站),已匹配,20/21
夜64路(地铁东圃站总站--地铁东圃站总站),已匹配,14/14
夜65路(综合商业北区--长洲码头总站),已匹配,16/18
夜65路(长洲码头总站--综合商业北区),已匹配,16/17
夜66路(新洲码头总站--珠江帝景苑总站),已匹配,18/18
夜66路(珠江帝景苑总站--新洲码头总站),已匹配,21/22
夜68路(天河公交场总站--广汕路(科景路口)总站),已匹配,27/27
夜68路(广汕路(科景路口)总站--天河公交场总站),已匹配,28/28
夜69路(滘口客运站总站--鳌鱼岗大街牌坊总站),已匹配,26/26
夜69路(鳌鱼岗大街牌坊总站--滘口客运站总站),已匹配,27/27
夜6路(中山八路总站--新滘东路总站(龙潭村)),已匹配,29/32
夜6路(新滘东路总站(龙潭村)--中山八路总站),已匹配,30/33
夜70路(北山村总站(新滘东路)--天河客运站总站),已匹配,25/26
夜70路(天河客运站总站--北山村总站(新滘东路)),已匹配,27/27
夜71路(渔沙坦(渔中路)总站--燕塘企业),已匹配,24/26
夜71路(燕塘企业--渔沙坦总站(渔中路)),已匹配,24/25
夜72路(广卫路总站--芳村西塱总站),已匹配,21/21
夜72路(芳村西塱总站--广卫路总站),已匹配,20/20
夜73路(地铁双沙站--埔南路(翡翠绿洲)总站),已匹配,30/30
夜73路(埔南路(翡翠绿洲)总站--地铁双沙站),已匹配,30/30
夜74路(太和总站(沙亭岗村)--广州火车东站总站),已匹配,42/42
夜74路(广州火车东站总站--太和总站(沙亭岗村)),已匹配,43/43
夜75路(广州白云站公交总站--广州白云站公交总站),已匹配,28/30
夜76路(太和总站--罗冲围总站(松南路)),已匹配,44/48
夜76路(罗冲围总站(松南路)--太和总站),已匹配,41/46
夜77路(广州火车东站总站--广州白云站公交总站),已匹配,29/30
夜77路(广州白云站公交总站--广州火车东站总站),已匹配,28/30
夜79路(广州南站总站--广州火车站总站),已匹配,18/19
夜79路(广州火车站总站--广州南站总站),已匹配,15/17
夜7路(广州火车站总站--纸厂横马路总站),已匹配,24/24
夜7路(纸厂横马路总站--广州火车站总站),已匹配,25/25
夜80路(地铁西村站总站--石马公交场总站),已匹配,28/30
夜80路(石马公交场总站--地铁西村站总站),已匹配,27/30
夜81路(广汕路总站(科景路口)--车陂总站),已匹配,25/27
夜81路(车陂总站--广汕路(科景路口)总站),已匹配,24/24
夜82路(景泰直街总站--景泰直街总站),已匹配,19/19
夜83路(地铁竹料站总站--地铁竹料站总站),已匹配,14/14
夜84路(嘉禾望岗总站--清湖村总站(苏元庄)),已匹配,15/16
夜84路(清湖村总站(苏元庄)--嘉禾望岗总站),已匹配,20/20
夜85路(嘉禾望岗总站--大朗夏边总站),已匹配,16/18
夜85路(大朗夏边总站--嘉禾望岗总站),已匹配,18/20
夜86路(地铁龙归站总站--太和总站),已匹配,19/21
夜86路(太和总站--地铁龙归站总站),已匹配,20/21
夜87路(广州北站(秀全大道)--机场路总站),已匹配,37/38
夜87路(机场路总站--广州北站(秀全大道)),已匹配,41/42
夜88路(北城公交总站--广州火车站总站),已匹配,31/32
夜88路(广州火车站总站--北城公交站),已匹配,31/32
夜89路(华景新城总站--宝岗大道总站),已匹配,27/27
夜89路(宝岗大道总站--华景新城总站),已匹配,26/27
夜8路(广州火车站总站--赤沙总站),已匹配,31/31
夜8路(赤沙总站--广州火车站总站),已匹配,28/28
夜90路(凰岗总站--天河客运站总站),已匹配,33/33
夜90路(天河客运站总站--凰岗总站),已匹配,33/33
夜92路(人和墟总站--广州城电狮岭充电站总站),未匹配,missing
夜92路(广州城电狮岭充电站总站--人和墟总站),未匹配,missing
夜93路(大观路北总站--宝岗大道总站),未匹配,missing
夜93路(宝岗大道总站--大观路北总站),未匹配,missing
夜94路(人和鹤龙七路总站--广州白云站公交总站),已匹配,46/47
夜94路(广州白云站公交总站--人和鹤龙七路总站),已匹配,46/48
夜95路(南方医院总站--大坦沙总站),已匹配,39/39
夜95路(大坦沙总站--南方医院总站),已匹配,37/38
夜96路(广州火车站总站--金沙洲(涛乐街)总站),已匹配,13/13
夜96路(金沙洲(涛乐街)总站--广州火车站总站),已匹配,15/15
夜97路(萝岗总站--车陂总站),已匹配,38/38
夜97路(车陂总站--萝岗总站),已匹配,36/36
夜98路(地铁香雪站总站--云埔一路(中一药业)总站),已匹配,24/24
夜99路(大坦沙总站--康王路总站),已匹配,11/11
夜99路(康王路总站(上下九)--大坦沙总站),已匹配,11/11
夜9路(车陂公交场--黄石路总站),已匹配,37/37
夜9路(黄石路总站--车陂公交场),已匹配,35/35
夜班136路(人和墟总站(万家福广场)--人和墟总站(万家福广场)),未匹配,missing
大学城专线1路(大学城广大总站--广外总站),未匹配,missing
大学城专线1路(广外总站--大学城广大总站),未匹配,missing
大学城专线2路(华工大总站--大学城广中医总站),未匹配,missing
大学城专线2路(大学城广中医总站--华工大总站),未匹配,missing
大学城专线3路(大学城中部枢纽总站--广东药学院总站),未匹配,missing
大学城专线3路(广东药学院总站--大学城总站(中部枢纽)),未匹配,missing
大学城专线4路(大学城广大总站--天平架总站),未匹配,missing
大学城专线4路(天平架总站--大学城(广大)总站),未匹配,missing
大学城环线1路(大学城星光下道总站--大学城星光下道总站),已匹配,19/19
大学城环线2路(外环西路总站--外环西路总站),已匹配,13/13
大学城班线4(集贤苑教师新村总站--大学城(广大)总站),未匹配,missing
太和1线便民车专线(珊景步行街(和乐路)--珊景步行街),未匹配,missing
帽峰山旅游专线1线(太和地铁站A口--帽峰山森林公园),未匹配,missing
帽峰山旅游专线1线(帽峰山森林公园--太和地铁站A口),未匹配,missing
广123路(半岛花园总站--革新路总站),已匹配,20/20
广123路(革新路总站--半岛花园总站),已匹配,23/23
广12路(万科四季花城总站--二沙岛西总站),已匹配,25/25
广12路(二沙岛西总站--万科四季花城总站),已匹配,22/22
广132路(中山八路总站--白天鹅花园总站),已匹配,12/12
广132路(白天鹅花园总站--中山八路总站),已匹配,13/13
广231路(和顺车站总站--广州火车站(草暖公园)总站),已匹配,26/30
广231路(广州火车站总站--和顺车站总站),已匹配,23/27
广260路(穗盐路总站--站南路总站),已匹配,23/23
广260路(站南路总站--穗盐路总站),已匹配,27/27
广275路(平洲总站--解放北路总站(应元路口)),已匹配,38/39
广275路(解放北路总站(应元路口)--平洲总站),已匹配,32/33
广275路出场短线(花地大道(海南村)站--平洲总站),未匹配,missing
广276路(万科四季花城总站--南洲北路总站),已匹配,32/32
广276路(南洲北路总站--万科四季花城总站),已匹配,29/29
广277路(沙面新城总站--西塱社区总站),已匹配,33/34
广277路(西塱社区总站--沙面新城总站),已匹配,32/33
广281路(广卫路总站--绿地香树花城总站),未匹配,missing
广281路(绿地香树花园总站--广卫路总站),未匹配,missing
广283路(万科四季花城总站--广州火车东站总站),已匹配,32/32
广283路(广州火车东站总站--万科四季花城总站),已匹配,28/28
广283路班车(天河公交场总站--白沙总站),已匹配,23/23
广283路班车(白沙(中海金沙湾)总站--天河公交场总站),已匹配,25/25
广286路(广卫路总站--黄岐第一城总站),已匹配,17/17
广286路(黄岐第一城总站--广卫路总站),已匹配,16/16
广369路(中大新华学院(东莞校区)总站--黄埔体育中心总站),已匹配,35/36
广369路(黄埔体育中心总站--中大新华学院(东莞校区)总站),已匹配,34/35
广412路(中海锦城总站--中海锦城总站),已匹配,27/27
广419路(坑口地铁站总站--滘口客运站总站),已匹配,21/23
广419路(滘口客运站总站--坑口地铁站总站),已匹配,23/24
广424路(白云文化广场总站--白沙总站),已匹配,28/30
广424路(白沙总站--白云文化广场总站),已匹配,29/30
广478路(富力环市西苑(西村)--白沙总站),已匹配,15/16
广478路(白沙总站--富力环市西苑(西村)),已匹配,14/15
广565路(瑞宝乡总站--穗盐路总站),已匹配,17/21
广565路(穗盐路总站--瑞宝乡总站),已匹配,18/22
广657路(西华村总站--金沙洲码头总站),已匹配,16/17
广657路(金沙洲码头--西华村总站),已匹配,16/17
广746路(沿江路总站--沿江路总站),已匹配,16/17
广746路(白沙总站--沿江路总站),未匹配,无匹配(最高45%)
广789路(地铁沙贝站总站--地铁沙贝站总站),已匹配,21/27
广969路(中南花园总站--五眼桥总站),已匹配,11/11
广969路(五眼桥总站--中南花园总站),已匹配,14/14
广974路班车(东秀路总站--城西花园1),已匹配,14/15
广974路班车(城西花园站--东秀路总站),已匹配,14/16
广夜111路(中海锦城总站--中海锦城总站),已匹配,23/23
广夜54路(白沙总站(中海金沙湾)--白沙(中海金沙湾)总站),已匹配,29/31
广夜58路(中山八路总站--沙面新城站),已匹配,11/11
广夜58路(沙面新城站--中山八路总站),已匹配,10/10
广夜67路(广卫路总站--黄岐办事处总站),已匹配,22/22
广夜67路(黄岐办事处总站--广卫路总站),已匹配,20/20
广夜91路(西华村总站--金沙洲码头总站),已匹配,16/17
广夜91路(金沙洲码头总站--西华村总站),已匹配,15/17
广州-肇庆(广州芳村汽车客运站--肇庆长途站),未匹配,missing
广州-肇庆(滘口地铁站--肇庆体育中心西门),未匹配,missing
广州塔1号线(唯品会总部大厦--广州塔地铁站A口),未匹配,missing
广州塔1号线(广州塔地铁站A口站点--唯品会总部大厦),未匹配,missing
广高峰快线30路(万科四季花城总站--体育中心),已匹配,17/17
广高峰快线30路(体育中心--万科四季花城总站),已匹配,19/19
文冲1号线便民车(中国软件CBD站--中国软件CBD站),未匹配,missing
新塘万达1路(珠江创业中心--丰泰城市公馆),未匹配,missing
新龙镇-03线(西电广研院总站--西电广研院总站),未匹配,missing
新龙镇02线上午(中泰规划一纵路总站--中泰规划一纵路总站),未匹配,missing
新龙镇02线下午(中泰规划一纵路总站--中泰规划一纵路总站),未匹配,missing
旅游专线1路(增城广场地铁总站--白水寨总站),未匹配,missing
旅游专线1路(白水寨总站--增城广场地铁总站),未匹配,missing
旅游公交1线(中山八路总站--云台花园总站),已匹配,16/16
旅游公交1线(云台花园总站--中山八路总站),已匹配,15/15
旅游公交2线(中山八路总站--珠江帝景苑总站),已匹配,23/24
旅游公交2线(珠江帝景苑总站--中山八路总站),已匹配,24/25
旅游观光1线(珠江泳场总站--黄埔古村总站),已匹配,23/23
旅游观光1线(黄埔古村总站--珠江泳场总站),已匹配,22/23
机场快线7A线(番禺宾馆--白云机场T1航站楼),未匹配,missing
机场快线7B线(白云机场T2航站楼--祈福新邨),未匹配,missing
机场快线7B线(祈福新邨--白云机场T1航站楼),未匹配,missing
机场快线7号C线(南沙K3路)(南沙蕉门公交总站--白云机场T1航站楼),未匹配,missing
机场快线7号C线(南沙K3路)(白云机场T2航站楼--蕉门公交总站),未匹配,missing
桂09路(富丰广场--富丰广场),已匹配,24/24
桂11路(保利心语花园--保利心语花园),已匹配,22/22
桂12路(环岛南路中--芳村西塱总站),已匹配,20/20
桂12路(芳村西塱总站--环岛南路中),已匹配,19/19
桂21路(保利心语花园--芳村西塱总站),已匹配,12/13
桂21路(芳村西塱总站--保利心语花园),已匹配,10/11
桂23路(惠云园公交首末站--芳村客运站总站),已匹配,27/32
桂23路(芳村客运站总站--惠云园公交首末站),已匹配,28/34
永和便民01线(新丰路口2--立景创新科技总站),未匹配,missing
永和便民01线(立景创新科技总站--新丰路口2),未匹配,missing
永和便民02线(斗塘路东--新丰路口2),未匹配,missing
永和便民02线(新丰路口1--斗塘路东),未匹配,missing
沥12B路(九龙涌公交场--芳村大道西站),未匹配,missing
沥12B路(芳村大道西站--九龙涌公交场),未匹配,missing
沥12路(芳村大道西1--里水汽车客运站),已匹配,21/23
沥12路(里水汽车客运站--芳村大道西站),已匹配,20/23
沥17B路(珑耀华府--芳村客运站),未匹配,missing
沥17B路(芳村客运站--珑耀华府),未匹配,missing
沥17B路区间(盐步老龙公园--芳村客运站),未匹配,missing
沥17B路区间(芳村客运站--盐步老龙公园),未匹配,missing
沥20路(泌冲--泌冲),已匹配,17/18
海龙便民巴士(龙溪地铁C出口--西浦联谊会),未匹配,missing
番100路(广州南站总站--雁洲村),已匹配,47/47
番100路(雁洲村--广州南站总站),已匹配,46/47
番101短线(石壁中学总站--石壁小学),已匹配,11/11
番101短线(石壁小学--石壁中学总站),已匹配,11/11
番101路(石壁中学--都那村总站),已匹配,9/12
番101路(都那村总站--石壁中学),已匹配,9/12
番108B路(番禺体校总站--碧桂东苑),已匹配,24/25
番108B路(碧桂东苑--番禺体校总站),已匹配,24/24
番109B路(奥园城市天地总站--宜家家居),未匹配,missing
番109B路(宜家家居--奥园城市天地总站),未匹配,missing
番109路(奥园城市天地总站--屏一村新合苑),已匹配,20/20
番109路(屏一村新合苑--奥园城市天地总站),已匹配,20/21
番10路(区公汽公司--华工国际校区公交总站),已匹配,37/37
番10路(华工国际校区公交总站--区公汽公司),已匹配,38/38
番111路(兴裕大道临时公交总站--区政府东门总站),已匹配,23/37
番111路(区政府东门总站--招呼站),已匹配,22/36
番11路(大罗村(市广路)站--高铁庆盛站总站),已匹配,31/33
番11路(高铁庆盛站总站--大罗村(市广路)站),已匹配,28/29
番125路(奥园城市天地总站--碧桂东苑),已匹配,19/19
番125路(碧桂东苑--奥园城市天地总站),已匹配,18/19
番125路高峰直达短线(地铁汉溪长隆D站--碧桂东苑),未匹配,missing
番125路高峰直达短线(碧桂东苑--地铁汉溪长隆A站),未匹配,missing
番126路(番禺创新科技园--番禺创新科技园),已匹配,30/36
番128路(化龙车站--莲花山车站),已匹配,31/32
番128路(莲花山车站--化龙车站),已匹配,31/32
番129路(广州南站总站--番禺中心医院总站),已匹配,30/31
番129路(番禺中心医院总站--广州南站总站),已匹配,31/32
番12路旅游专线(儿童公园总站--宝墨园总站),已匹配,36/42
番12路旅游专线(宝墨园总站--儿童公园总站),已匹配,34/42
番130路(番禺中心医院总站--番禺体校总站),已匹配,21/22
番130路(番禺体校总站--番禺中心医院总站),已匹配,21/22
番131路(短线)(地铁石碁站--山海连城),已匹配,19/19
番131路(短线)(山海连城--地铁石碁站),已匹配,18/19
番131路(胜洲村)(地铁石碁站--胜洲村),已匹配,15/17
番131路(胜洲村)(胜洲村--地铁石碁站),已匹配,16/16
番132路旅游专线(地铁石碁站--大岭村总站),已匹配,16/16
番132路旅游专线(大岭村总站--地铁石碁站),已匹配,16/16
番133路高峰短线(地铁新造站--山海连城),未匹配,missing
番133路高峰短线(山海连城--地铁新造站),未匹配,missing
番13路(东盛路总站--洛溪南浦总站),已匹配,44/44
番13路(洛溪南浦总站--东盛路总站),已匹配,44/46
番140路(东涌医院站--番禺中心医院总站),已匹配,15/20
番140路(番禺中心医院总站--东涌万兴路),已匹配,23/23
番141路(市桥汽车站--江南路站),未匹配,missing
番141路(江南路站--市桥汽车站),未匹配,missing
番142路(市桥汽车站--潭洲市场站),已匹配,31/32
番142路(潭洲车站--市桥汽车站),已匹配,32/32
番143路(天安番禺节能科技园--虎门渡口站),已匹配,49/51
番143路(虎门渡口站--节能科技园总站),已匹配,42/46
番145路(市桥汽车站--石壁小学),已匹配,34/36
番145路(石壁小学--市桥汽车站),已匹配,32/34
番146路(洛溪新城总站--番禺中心医院总站),已匹配,32/32
番146路(番禺中心医院总站--洛溪新城总站),已匹配,33/34
番147路(区政府东门总站--番禺体校总站),已匹配,20/20
番147路(番禺体校总站--区政府东门),已匹配,20/20
番148路(市桥汽车站--沙南村),已匹配,37/39
番148路(沙南村--市桥汽车站),已匹配,41/42
番149路(地铁海傍站--清流村),已匹配,12/13
番149路(清流村--地铁海傍站),已匹配,12/13
番150B路(富豪山庄总站--鱼窝头车站),已匹配,28/29
番150B路(鱼窝头车站--富豪山庄总站),已匹配,30/30
番150路(儿童公园总站--鱼窝头车站),已匹配,34/35
番150路(鱼窝头车站--儿童公园总站),已匹配,32/33
番151路(亚运城山海湾西门--地铁海傍站),已匹配,10/12
番151路(地铁海傍站--亚运城山海湾西门),已匹配,10/12
番155路(沙北村总站--沙北村总站),未匹配,无匹配(最高50%)
番15路(沙湾珠宝产业园总站--雄峰商城总站),已匹配,30/30
番15路(雄峰商城--沙湾珠宝产业园),已匹配,29/29
番160路(儿童公园总站--莲花山港正门),已匹配,41/42
番160路(莲花山港总站--儿童公园),已匹配,42/42
番162B路(乐羊羊路(亚运城天骄)总站--莲花山车站),已匹配,20/22
番162B路(莲花山车站--乐羊羊路(亚运城天骄)总站),已匹配,21/22
番162B路高峰快线(地铁海傍站总站--广铁一中天峰中学站),未匹配,missing
番162B路高峰快线(广铁一中天峰中学--亚运城天荟临时站),未匹配,missing
番162路(乐羊羊路(亚运城天骄)总站--地铁海傍站),已匹配,9/9
番162路(地铁海傍站--乐羊羊路(亚运城天骄)总站),已匹配,9/9
番163A路(万达广场总站--奥园城市天地总站),已匹配,14/16
番163A路(奥园城市天地总站--万达广场总站),已匹配,18/19
番163B路(奥园城市天地总站--广地花园站),未匹配,missing
番163B路(广地花园站--奥园城市天地总站),未匹配,missing
番165路(奥园广场总站--番禺健力宝总站),已匹配,27/29
番165路(番禺健力宝总站--奥园广场总站),已匹配,29/29
番16路(傍雁路临时公交总站--大夫山森林公园路口),已匹配,28/28
番16路(大夫山森林公园路口--傍雁路临时公交总站),已匹配,24/24
番17路(华工国际校区公交总站--洛溪南浦总站),已匹配,30/32
番17路(洛溪南浦总站--华工国际校区公交总站),已匹配,34/35
番17路长线(南村中学--洛溪南浦总站),未匹配,missing
番17路长线(洛溪南浦总站--南村中学),未匹配,missing
番181路(地铁厦滘站--诜村总站),已匹配,12/13
番181路(诜村总站--地铁厦滘站),已匹配,11/12
番182路(周山岗总站--沙溪大道东总站),已匹配,29/30
番182路(沙溪大道东总站--周山岗总站),已匹配,32/33
番183路(地铁厦滘站--西三村总站),已匹配,16/18
番183路(西三村总站--地铁厦滘站),已匹配,19/20
番185路(沙溪大道东总站--石壁一村),已匹配,34/35
番185路(石壁一村--沙溪大道东总站),已匹配,29/30
番186路(华工国际校区公交总站--地铁南浦站总站),未匹配,missing
番186路(地铁南浦站--华工国际校区公交总站),未匹配,missing
番187路(地铁大石总站--地铁陈头岗总站),已匹配,13/13
番187路(地铁陈头岗总站--地铁大石总站),已匹配,12/12
番188路(华南新城临时公交总站--广东仲元中学附属学校总站),已匹配,18/19
番188路(广东仲元中学附属学校总站--华南新城临时公交总站),已匹配,20/20
番190路(地铁大石站总站--地铁大石站总站),已匹配,16/18
番191路(地铁厦滘站--沙溪大道东总站),已匹配,7/9
番191路(沙溪大道东总站--地铁厦滘站),已匹配,6/8
番19路(傍雁路临时公交总站--雅居乐总站),已匹配,23/33
番19路(短线)(君华香柏华府--竹山总站),已匹配,14/14
番19路(短线)(竹山总站--君华香柏华府),已匹配,12/13
番19路(雅居乐总站--傍雁路临时公交总站),已匹配,23/30
番1路(傍雁路临时公交总站--祈福新邨总站),已匹配,25/27
番1路(祈福新邨总站--傍雁路临时公交总站),已匹配,25/28
番201路(大学城穗石村总站--广州市档案馆南总站),已匹配,14/15
番201路(广州市档案馆南站--大学城穗石村总站),已匹配,14/16
番202路旅游专线(大学城体育中心总站--大学城科学中心总站),已匹配,18/18
番202路旅游专线(大学城科学中心总站--大学城体育中心总站),已匹配,17/17
番20B路(榄塘村总站--番禺中心医院总站),已匹配,28/28
番20B路(番禺中心医院总站--榄塘村总站),已匹配,27/27
番21B路(番禺中心医院总站--金山谷花园总站),已匹配,25/26
番21B路(金山谷花园总站--番禺中心医院总站),已匹配,22/23
番22B路(北海村总站--旧水坑总站),未匹配,missing
番22B路(旧水坑总站--北海村总站),未匹配,missing
番22路(北海村总站--茶东总站),已匹配,32/35
番22路(茶东总站--北海村总站),已匹配,33/36
番23路(康裕北苑总站--石碁总站),已匹配,26/26
番23路(石碁总站--康裕北苑总站),已匹配,25/25
番25路(洛溪南浦总站--雄峰商城总站),未匹配,missing
番25路(雄峰商城总站--洛溪南浦总站),未匹配,missing
番27路(旧水坑总站--番禺中心医院总站),已匹配,28/30
番27路(番禺中心医院总站--旧水坑总站),已匹配,30/32
番28B路(前锋总站--大刀沙村尾),未匹配,missing
番28B路(大刀沙村尾--前锋总站),未匹配,missing
番28B路快线(大刀沙村尾--前锋总站),未匹配,missing
番28路(星尚名玥花园总站--观龙岛总站),已匹配,18/22
番28路(观龙岛总站--星尚名玥花园总站),已匹配,17/21
番29路(区公汽公司--滴水岩森林公园总站),已匹配,28/29
番29路(滴水岩森林公园总站--区公汽公司),已匹配,28/29
番2路(时代方洲总站--蔡边村总站),已匹配,21/22
番2路(蔡边村总站--时代方洲总站),已匹配,22/23
番30路(余荫山房总站--奥园广场总站),已匹配,34/35
番30路(奥园广场总站--余荫山房总站),已匹配,41/43
番31路(山海连城总站--山海连城总站),已匹配,13/14
番33路(丹山新村--南村中学),已匹配,19/19
番33路(南村中学--丹山新村),已匹配,20/20
番3路(奥园广场总站--石碁总站),已匹配,28/28
番3路(石碁总站--奥园广场总站),已匹配,27/27
番4B路(东盛路总站--南双玉村总站),已匹配,34/34
番4B路(南双玉村总站--东盛路总站),已匹配,32/34
番4路(康裕北苑总站--新水坑总站),已匹配,26/27
番4路(新水坑总站--市桥医院(捷进中路)),已匹配,22/23
番51路(化龙车站--番禺区中心医院总站),已匹配,39/41
番51路(番禺中心医院总站--化龙车站),已匹配,38/40
番52路(地铁南村万博站--海大集团总站),已匹配,25/25
番52路(广州南站总站--石碁文化广场总站),未匹配,无匹配(最高0%)
番52路(海大集团总站--地铁南村万博站),已匹配,24/24
番52路(石碁文化广场总站--广州南站总站),未匹配,无匹配(最高0%)
番53路(化龙车站--广州碧桂园总站),已匹配,43/44
番53路(广州碧桂园总站--化龙车站),已匹配,42/44
番56路(地铁厦滘站--广州雅居乐总站),未匹配,missing
番56路(广州雅居乐总站--地铁厦滘站),未匹配,missing
番57路(南浦岛总站--广州碧桂园总站),已匹配,14/14
番57路(广州碧桂园总站--南浦岛总站),已匹配,12/12
番58路(华南新城临时公交总站--地铁厦滘站总站),已匹配,10/10
番58路(地铁厦滘站总站--华南新城临时公交总站),已匹配,17/17
番59路(化龙车站--南村车站),已匹配,22/25
番59路(南村车站--化龙车站),已匹配,23/25
番5路(大罗村(市广路)--太石工业区总站),未匹配,missing
番5路(太石工业区总站--大罗村(市广路)站),未匹配,missing
番5路长线(大罗村(市广路)--太石村委),未匹配,missing
番5路长线(太石工业区总站--大罗村(市广路)),未匹配,missing
番60路(化龙驾驶人考场--地铁新造站),已匹配,9/11
番60路(地铁新造站--化龙驾驶人考场),已匹配,10/12
番61路(地铁新造站--广汽传祺东五门),已匹配,20/20
番61路(广汽传祺东五门--地铁新造站),已匹配,20/20
番62路(地铁新造站--石碁文化广场总站),已匹配,32/33
番62路(石碁文化广场总站--地铁新造站),已匹配,33/33
番63路(化龙车站--化龙车站),未匹配,无匹配(最高40%)
番66路(华创产业园一期总站--地铁新造站),已匹配,13/14
番66路(地铁新造站--华创产业园一期总站),已匹配,13/14
番67路旅游专线(宝墨园总站--市桥汽车站),已匹配,29/31
番67路旅游专线(市桥汽车站--宝墨园总站),已匹配,29/30
番68路(傍雁路临时公交总站--广州动车段总站),已匹配,46/47
番68路(广州动车段总站--傍雁路临时公交总站),已匹配,46/47
番6路(傍雁路临时公交总站--沙湾总站),已匹配,26/27
番6路(沙湾总站--傍雁路临时公交总站),已匹配,31/32
番71路(余荫山房总站--新基村总站),已匹配,12/12
番71路(新基村总站--余荫山房总站),已匹配,14/14
番72路(广州雅居乐北苑公交首末站--石碁总站),已匹配,23/23
番72路(石碁总站--广州雅居乐北苑公交首末站),已匹配,23/23
番75路(广州雅居乐北苑公交首末站--时代广动动力电池临时总站),已匹配,23/24
番75路(时代广汽动力电池临时总站--广州雅居乐北苑公交首末站),已匹配,22/22
番76路(化龙车站--盛龙社区),已匹配,8/8
番76路(盛龙社区--化龙车站),已匹配,7/7
番77路(地铁新造站--山海连城),已匹配,19/20
番77路(山海连城--地铁新造站),已匹配,20/20
番77路高峰快线(地铁新造站--汽车小镇总站),未匹配,missing
番77路高峰快线(汽车小镇总站--地铁新造站),未匹配,missing
番79路(新水坑总站--石碁文化广场总站),已匹配,16/19
番79路(石碁文化广场总站--新水坑总站),已匹配,16/19
番7路(沙湾总站--蔡三村),已匹配,36/36
番7路(蔡三村--沙湾总站),已匹配,33/33
番80路(地铁低涌站--茶东总站),已匹配,20/21
番80路(茶东总站--地铁低涌站),已匹配,21/21
番81路(前锋总站--金山村委总站),已匹配,29/31
番81路(金山村委总站--前锋总站),已匹配,30/30
番83路(城际官桥北站--长坦总站),已匹配,17/18
番83路(长坦总站--城际官桥北站),已匹配,18/19
番86路(华南新城临时公交总站--金山谷花园总站),未匹配,missing
番86路(金山谷花园总站--华南新城临时公交总站),未匹配,missing
番86路高峰直达短线(富豪山庄总站--富豪山庄总站),未匹配,missing
番87路(华工广州国际校区北门--地铁新造站),已匹配,5/5
番87路(地铁新造总站--华工广州国际校区北门1),已匹配,5/5
番89路(奥园城市天地总站--新水坑总站),已匹配,16/16
番89路(新水坑总站--奥园城市天地总站),已匹配,16/17
番8路(东盛路总站--小平工业区总站),已匹配,17/17
番8路(小平工业区总站--东盛路总站),已匹配,19/19
番91路(洛溪新城总站--番禺中心医院总站),已匹配,24/37
番91路(番禺中心医院总站--洛溪新城总站),未匹配,无匹配(最高58%)
番92路/番92路(长线)旅游专线(市桥汽车站--莲花山车站),未匹配,无匹配(最高58%)
番92路/番92路(长线)旅游专线(莲花山车站--市桥汽车站),未匹配,无匹配(最高58%)
番93路(番禺中心医院总站--莲花山车站),已匹配,47/47
番93路(短线)(地铁海傍站--莲花山车站),未匹配,无匹配(最高44%)
番93路(莲花山车站--番禺中心医院总站),已匹配,45/45
番96路(大石中学总站--市桥汽车站),未匹配,missing
番96路(市桥汽车站--大石中学总站),未匹配,missing
番97路(都那村总站--雁洲村),已匹配,42/44
番97路(雁洲村--都那村总站),已匹配,42/42
番99路(傍雁路中站--广州南站总站),已匹配,35/37
番99路(广州南站总站--傍雁路),已匹配,38/39
番9路(南双玉村总站--雅居乐总站),已匹配,31/32
番9路(雅居乐(城南源著)总站--南双玉村总站),已匹配,29/29
番9路长线(碧桂东苑--雅居乐总站),未匹配,missing
番9路长线(雅居乐总站--碧桂东苑),未匹配,missing
番夜1路(地铁低涌站--金龙财富广场(东行)),未匹配,missing
番夜1路(金龙财富广场(东行)--地铁低涌站),未匹配,missing
番夜2路(周山岗总站--地铁大石站总站),未匹配,missing
番夜2路(地铁大石站总站--地铁陈头岗总站),未匹配,missing
番夜3路(地铁石碁站--尚上名筑),未匹配,missing
番夜3路(尚上名筑--地铁石碁站),未匹配,missing
番夜4路(地铁海傍站--地铁海傍站),未匹配,missing
番夜5路(广州南站总站--奥园广场总站),已匹配,26/28
番微公交3路(东湖洲花园A--番禺会议中心站),已匹配,8/9
番微公交3路(番禺会议中心站--东湖洲花园A),已匹配,8/9
番微公交7路(广州市档案馆南总站--广州市档案馆南总站),未匹配,missing
番微公交8线(广医二院总站(番禺院区)--广医二院总站(番禺院区)),未匹配,missing
番禺85路(地铁新造站--广州医科大学),未匹配,missing
番禺85路(广州医科大学--地铁新造站),未匹配,missing
科学城3号交通专线/K3路(广东国防教育基地总站--广东国防教育基地总站),已匹配,20/26
科教城1路(科教城东公交总站--科教城东公交总站),已匹配,12/18
科教城2路(公用技师学院--公用技师学院),已匹配,14/14
穗东街便民车01线(地铁夏园站总站--联东U谷总站),未匹配,missing
穗东街便民车01线(联东U谷总站--地铁夏园站总站),未匹配,missing
空港1路(1号航站楼--一号航站楼),已匹配,23/28
空港1路(一号航站楼(26-29号门)--一号航站楼),已匹配,13/17
空港2路(长线)(1号航站楼--人和墟总站),已匹配,11/15
空港2路(长线)(人和墟总站--1号航站楼),已匹配,10/12
空港2路公交短线(华成路公园站--人和华成路公园站(总站)),未匹配,missing
空港快线2号线(经新市墟)(白云机场T2航站楼--华师大厦酒店),未匹配,missing
空港快线2号线夜班(白云机场T2西客运站--师大暨大站),未匹配,missing
空港快线2线(白云机场T2航站楼--师大暨大),未匹配,missing
空港快线3线(白云机场T2航站楼--珀丽酒店),未匹配,missing
联和街便民02环线(峰湖御境总站--峰湖御境总站),未匹配,missing
节假日公交专线7路(天河客运站总站--穗丰村(兴太三路)总站),未匹配,missing
节假日公交专线7路(穗丰村(兴太三路)总站--天河客运站总站),未匹配,missing
花103路(广州工商学院--田美上庄),未匹配,missing
花103路(田美上庄--广州工商学院(花都)),未匹配,missing
花105路(花都儿童公园总站--青少宫),未匹配,missing
花105路(花都区青少宫--花都儿童公园),未匹配,missing
花106路(站前路公交总站--邝家庄东),未匹配,missing
花106路(邝家庄东--站前路公交总站),未匹配,missing
花109路(融创公交总站--胡忠儿童医院),未匹配,missing
花10路(城东停车场总站--广州城市理工学院),未匹配,missing
花10路(广州城市理工学院--城东停车场总站),未匹配,missing
花112路(毕村--荔红路总站),未匹配,missing
花112路(荔红路总站--毕村),未匹配,missing
花115路(站前路公交总站--赤坭),未匹配,missing
花115路(赤坭--站前路公交总站),未匹配,missing
花11路(团结村总站--联乡路总站),已匹配,12/12
花11路(联乡路总站--团结村总站),已匹配,11/11
花15B路(塱头村--飞鹅岭地铁口总站),未匹配,missing
花15B路(飞鹅岭地铁总站--塱头村),未匹配,missing
花15路(赤坭西莲塘村委总站--炭步总站),已匹配,19/20
花15路(飞鹅岭地铁总站--赤坭西莲塘村委总站),已匹配,15/24
花16路(富力金港城总站--胡忠儿童医院总站),已匹配,47/49
花16路(胡忠儿童医院总站--富力金港城总站),已匹配,48/49
花17路A(机场南13号门--民安村站2),未匹配,missing
花17路A(民安村站2--机场南13号门),未匹配,missing
花17路C(东方村总站--狮民村总站),未匹配,missing
花17路C(狮民村总站--东方村总站),未匹配,missing
花17路王子山班车(王子山公园总站--紫霞山庄),未匹配,missing
花17路王子山班车(紫霞山庄--王子山公园总站),未匹配,missing
花17路联民村(梯面联民村--站前路公交总站),未匹配,missing
花17路联民村(站前路公交总站--梯面联民村),未匹配,missing
花18路(中建映花悦府--新和村),已匹配,16/18
花18路(新和村--中建映花悦府),已匹配,16/18
花19路(融创公交总站--马溪总站),已匹配,39/40
花19路(马溪总站--融创公交总站),已匹配,39/40
花1路(人和地铁站--广州北站西广场),未匹配,无匹配(最高23%)
花1路(广州北站西广场--人和地铁站),未匹配,无匹配(最高23%)
花1路(白蟮塘--西岭村东),已匹配,10/13
花1路(西岭村东--白蟮塘),已匹配,10/13
花21路(东莞村总站--广清城际乐同站),已匹配,32/32
花21路(广清城际乐同站--东莞村总站),已匹配,30/30
花21路夜班(东莞村总站--和兴步行街),未匹配,missing
花21路夜班(和兴步行街--东莞村总站),未匹配,missing
花22路(汽车城--镜湖工业区总站),已匹配,38/40
花22路(镜湖工业区总站--汽车城),已匹配,36/39
花23路(广州北站西广场--广清城际狮岭站),已匹配,39/41
花23路(广清城际狮岭站--广州北站西广场),已匹配,38/42
花24A路(炭步总站--陆仕水产总站),已匹配,4/5
花24A路(陆仕水产总站--炭步总站),已匹配,4/5
花24路(颐和盛世总站--飞鹅岭地铁口总站),已匹配,16/18
花24路(飞鹅岭地铁总站--颐和盛世总站),已匹配,15/21
花25B路(旗岭市场--芙滨路西),已匹配,9/9
花25B路(芙滨路西--旗岭市场),已匹配,9/9
花25路(城东停车场--盘古王公园总站),已匹配,29/33
花25路(盘古王公园总站--城东停车场),已匹配,30/33
花2B路(义山村总站--飞鹅岭地铁口),未匹配,missing
花2B路(飞鹅岭地铁口--义山村总站),未匹配,missing
花2C路(民航学院总站--飞鹅岭地铁总站),未匹配,missing
花2C路(飞鹅岭地铁总站--民航学院总站),未匹配,missing
花2路(民航学院总站--饮食风情街),已匹配,29/34
花2路(饮食风情街--民航学院总站),已匹配,24/28
花30路(东莞村总站--广州城市理工学院),已匹配,19/25
花30路(广州城市理工学院--东莞村总站),已匹配,19/25
花31B路(广州北站西广场--狮岭工商学院),已匹配,13/15
花31B路(狮岭工商学院--广州北站西广场),已匹配,12/14
花31路(天贵雅苑--天马河公馆),已匹配,19/20
花31路(天马河公馆--三东村),未匹配,无匹配(最高55%)
花32路(东方村总站--阳升村总站),已匹配,15/18
花32路(阳升村总站--东方村总站),已匹配,16/18
花37路(城东停车场总站--岐山村市场站),已匹配,17/19
花37路(岐山村市场--城东停车场总站),已匹配,18/19
花39路短线(万科城--风神花园),已匹配,16/20
花39路短线(飞鹅岭地铁口--万科城),已匹配,15/20
花5B路(文岗--飞鹅岭地铁口总站),已匹配,15/19
花5B路(飞鹅岭地铁口总站--文岗),已匹配,17/21
花5路(炭步总站--站前路公交总站),已匹配,20/20
花5路(站前路公交总站--炭步总站),已匹配,19/19
花62路(广州北站(秀全大道)--狮岭汽车站总站),已匹配,27/30
花62路(狮岭汽车站总站--广州北站(秀全大道)),已匹配,27/31
花63路(新雅街道办站--芙蓉度假村站),已匹配,29/36
花63路(芙蓉度假村站--新雅街道办站),已匹配,30/37
花63路短线(雅瑶公交总站--高新技术学校路口站),已匹配,22/30
花63路短线(高新技术学校路口--雅瑶公交总站),已匹配,23/31
花68路(兴仁汽车站--新雅街道办站),已匹配,45/54
花68路(新雅街道办站--兴仁汽车站),已匹配,43/53
花68路白坭班车(兴仁汽车站--新雅街道办站),未匹配,missing
花68路白坭班车(新雅街道办站--兴仁汽车站),未匹配,missing
花68路短线(新雅街道办--赤坭医院),已匹配,26/35
花68路短线(赤坭医院--新雅街道办站),已匹配,26/36
花6路(广州北站西广场--融创公交总站),未匹配,missing
花6路(融创公交总站--广州北站西广场),未匹配,missing
花70路(清塘地铁站--荔红路总站),已匹配,26/27
花70路(茘红路总站--清塘地铁站),已匹配,24/26
花70路短线(荔红路总站--马鞍山公园西门),已匹配,19/20
花70路短线(马鞍山公园西门--荔红路总站),已匹配,16/17
花73路(广州北站(秀全大道)--神山总站),已匹配,14/14
花73路(神山站--广州北站(秀全大道)),已匹配,14/14
花75A路(华师附中总站--新雅街道办),未匹配,missing
花75A路(新雅街道办--华师附中总站),未匹配,missing
花75路(新雅街道办站--珠宝小镇总站),未匹配,missing
花75路(珠宝小镇总站--新雅街道办),未匹配,missing
花76路(广州城市理工学院--新雅街道办),未匹配,missing
花76路(新雅街道办--广州城市理工学院),未匹配,missing
花7路(广州北站西广场--广州城市理工学院),已匹配,22/22
花7路(广州城市理工学院--广州北站西广场),已匹配,22/22
花80路(义山村委总站--广州北站总站),已匹配,25/29
花80路(广州北站总站--义山村委总站),已匹配,29/32
花81A路(狮岭汽车站--联星村),已匹配,7/8
花81A路(联星村--狮岭汽车站),已匹配,7/8
花81路(三水大塘中心广场--广州北站),未匹配,无匹配(最高7%)
花81路(广州北站(秀全大道)--三水大塘中心广场总站),未匹配,无匹配(最高7%)
花81路(珊瑚--赤坭),已匹配,12/12
花81路(赤坭--珊瑚),已匹配,12/12
花83B路(两龙汽车总站--旗岭市场),已匹配,16/20
花83B路(旗岭市场--两龙汽车总站),已匹配,15/20
花83路(东环城际花山镇站--狮岭龙头市场),已匹配,22/25
花83路(狮岭龙头市场--东环城际花山镇站),已匹配,20/24
花84路(地铁太平站--广州北站),已匹配,51/53
花84路(广州北站--地铁太平站),已匹配,54/56
花85路(天湖峰境总站--广州北站总站),已匹配,40/44
花85路(广州北站总站--天湖峰境总站),已匹配,41/45
花86路(广州北站--金碧御水山庄总站),已匹配,34/38
花86路(金碧御水山庄总站--广州北站),已匹配,32/37
花88路(旗岭华严寺总站--赤坭医院总站),已匹配,31/36
花88路(赤坭医院--华严寺),已匹配,32/39
花88路短线(乌石总站--华严寺总站),已匹配,19/28
花88路短线(华严寺总站--乌石总站),已匹配,23/32
花89路(广清城际狮岭站--金碧御水山庄总站),未匹配,missing
花89路(金碧御水山庄总站--广清城际狮岭站),未匹配,missing
花8路(临时站--平西村),已匹配,33/35
花8路(平西村--东镜村总站),已匹配,33/33
花93路(振兴村--碧桂园路口),已匹配,11/11
花93路(碧桂园路口--振兴村),已匹配,11/11
花9路(佳仕达工业园总站--城东停车场(花都湖)),已匹配,31/31
花9路(城东停车场(花都湖)--佳仕达工业园总站),已匹配,31/31
花都111路(新雅街道办站--清塘地铁站),未匹配,missing
花都111路(清塘地铁站--新雅街道办站),未匹配,missing
花都113路(田美上庄--皮革城站),未匹配,missing
花都113路(皮革城站--田美上庄),未匹配,missing
花都116路(永利路西--联乡路总站),未匹配,missing
花都116路(联乡路总站--永利路西),未匹配,missing
莞609路(东莞西站--新沙地铁站),未匹配,missing
莞609路(新沙地铁站--东莞西站),未匹配,missing
莞615路(中堂城轨站--中堂城轨站),已匹配,31/35
莞616路(富民路--黄埔新港),未匹配,missing
莞616路(黄埔新港--富民路),未匹配,missing
莞618路(东莞西站--黄埔新港站),未匹配,missing
莞618路(黄埔新港站--东莞西站),未匹配,missing
莞619路(城际麻涌站--城际麻涌站),未匹配,missing
莞75路(东莞国贸中心首末站--新塘站公交总站),已匹配,18/19
莞75路(新塘站公交总站--东莞国贸中心首末站),已匹配,18/19
莞76路(唐洪枢纽站--二汽石滩客运站),未匹配,missing
莞76路(石滩汽车站--唐洪枢纽站),未匹配,missing
莞86路(东城体育公园停场--黄埔新港),未匹配,missing
莞86路(黄埔新港站--东城体育公园停场),未匹配,missing
莞G7路(新塘站公交总站--汽车东站),未匹配,missing
莞G7路(汽车东站--新塘站公交总站),未匹配,missing
里07路(里水汽车客运站--三骏市场),已匹配,21/24
里07路短线/佛里07路里广快线(南方医科大学第七附属医院--地铁浔峰岗站),已匹配,11/15
里07路短线/佛里07路里广快线(地铁浔峰岗站--南方医科大学第七附属医院),已匹配,11/15
里14(地铁浔峰岗站--里水城区),已匹配,11/13
里14路(新材料C区--地铁浔峰岗站),已匹配,12/13
里17路(十里尚堤西苑--十里尚堤西苑),已匹配,18/20
金沙洲2号线(地铁浔峰岗站总站--地铁浔峰岗站总站),未匹配,missing
长洲岛1号线(黄埔军校总站--黄埔军校总站),未匹配,missing
长洲岛2号线(思亭路总站--黄埔军校总站),未匹配,missing
长洲岛2号线(黄埔军校总站--思亭路总站),未匹配,missing
长途番禺宝安(宝安汽车站(107国道)--番禺客运站公交站),未匹配,missing
高峰快线21路(天河客运站总站--广州火车站总站),未匹配,missing
高峰快线21路(广州火车站总站--天河客运站总站),未匹配,missing
高峰快线24路(广州火车东站总站--港湾一村),未匹配,missing
高峰快线24路(港湾一村--广州火车东站总站),未匹配,missing
高峰快线32路(华工大总站--广东国防教育基地总站),已匹配,18/20
高峰快线32路(广东国防教育基地总站--华工大总站),已匹配,18/20
高峰快线35路(上涌--天平架总站),未匹配,missing
高峰快线35路(天平架总站--上涌),未匹配,missing
高峰快线42路(天河公交场总站--广州雅居乐总站),已匹配,9/9
高峰快线42路(广州雅居乐总站--天河公交场总站),已匹配,9/9
高峰快线72路(地铁新和站总站--花都北兴总站),已匹配,19/20
高峰快线72路(花都北兴总站--地铁新和站总站),已匹配,19/20
高峰快线74路(珠影--螺旋四路东),已匹配,16/16
高峰快线74路(螺旋四路东--珠影),已匹配,14/14
高峰快线80路(中科院化学所总站--罗冲围总站(松南路)),未匹配,missing
高峰快线81路(地铁亭岗站--颐和盛世总站),已匹配,2/2
高峰快线81路(颐和盛世总站--地铁亭岗站),已匹配,2/2
高速专线2路(地铁高增站总站--机场路总站),未匹配,missing
高速专线2路(机场路总站--地铁高增站总站),未匹配,missing
鹤龙2线(时代玫瑰园二期--时代玫瑰园二期),未匹配,missing
鹤龙4线(黄边地铁站B口--彭西祠堂),未匹配,missing
龙归3线(短线)(嘉梦工业园总站--龙归地铁站总站(B出口)),未匹配,missing
龙归3线(短线)(龙归地铁站总站(B出口)--嘉梦工业园总站),未匹配,missing
980路(汇侨新城总站--汇侨新城总站),已匹配,22/22
番108路(番禺体校总站--番禺体校总站),已匹配,52/52
B14路(天坤三路总站--天坤三路总站),已匹配,24/26
番88路(碧桂园(会所)--碧桂园(会所)),已匹配,9/9
南沙K6路(富民商务中心--蕉门公交总站),未匹配,无匹配(最高50%)
里07路高峰线(里水汽车客运站--三骏市场),已匹配,21/24
里07路高峰线(三骏市场--里水汽车客运站),已匹配,24/27
79路(健康港总站--健康港总站),已匹配,22/24
广974路(城西花园总站--东秀路总站),已匹配,15/16
广974路(东秀路总站--城西花园),已匹配,14/15
增城69路(河洞--邓山村),已匹配,12/14
增城69路(邓山村--河洞),已匹配,12/14
582路班车(海珠客运站总站--凌塘村总站),已匹配,22/24
582路班车(凌塘村总站--海珠客运站总站),已匹配,21/21
从4路快线(温泉明月山溪总站--从化汽车站总站),已匹配,41/41
从4路快线(从化汽车站总站--温泉明月山溪总站),已匹配,43/43
333路(永和贤江公交总站--大观路北总站),已匹配,27/28
333路(大观路北总站--永和贤江公交总站),已匹配,22/25
659路(草庄村总站--大罗村总站),已匹配,14/14
659路(大罗村总站--草庄村总站),已匹配,14/14
花4路(东方村总站--东环城际花山镇站),已匹配,11/12
花4路(东环城际花山镇站--东方村总站),已匹配,11/12
南沙32路(广大附中南沙实验学校站--蕉门公交总站),已匹配,14/14
南沙32路(蕉门公交总站--广大附中南沙实验学校站),已匹配,13/13
964路(地铁沥滘站总站--逸景翠园总站),已匹配,21/22
964路(逸景翠园总站--地铁沥滘站总站),已匹配,20/20
增城26A路(凤晴苑总站--214站),已匹配,11/11
增城26A路(214站--凤晴苑总站),已匹配,10/10
旅游公交3线(琶洲石基村总站--琶洲石基村总站),已匹配,25/26
87路(润江南路总站--广钢新城(荔勤南路)总站),已匹配,16/16
87路(广钢新城(荔勤南路)总站--润江南路总站),已匹配,17/17
广205路(康王路总站(上下九)--沙面新城总站),已匹配,20/22
广205路(沙面新城总站--康王路总站(上下九)),已匹配,23/24
番93路短线(番禺中心医院总站--莲花山车站),已匹配,46/47
番93路短线(莲花山车站--番禺中心医院总站),已匹配,44/45
393路(黄埔低空经济创新中心总站--黄埔低空经济创新中心总站),已匹配,15/18
增城7路(增城广场地铁总站--华立学院),已匹配,13/13
增城7路(华立学院--增城广场地铁总站),已匹配,9/9
241路(云台花园总站--金湖雅苑总站),已匹配,18/18
241路(金湖雅苑总站--云台花园总站),已匹配,18/18
南沙旅游1路(邮轮母港公交总站--大湾区文体中心（灵新大道）),已匹配,12/13
南沙旅游1路(大湾区文体中心（灵新大道）--邮轮母港公交总站),已匹配,13/13
704路(城壕庄--两龙总站),已匹配,27/29
704路(两龙总站--城壕庄),已匹配,27/28
743路(百顺北路总站--百顺北路(岭南新世界)总站),已匹配,14/17
夜47路(体育中心--同和1),已匹配,14/15
夜47路(同和2--体育中心),已匹配,14/14
259路(罗冲围(松南)总站--广花一路(夏花一路口)1号分站),已匹配,19/22
259路(广花一路(夏花一路口)1号分站--罗冲围总站(松南路)),已匹配,19/22
701路(人和总站--乐同村),已匹配,25/28
701路(乐同村--人和总站),已匹配,27/30
B4B路(沐陂村--沐陂村),已匹配,19/19
B6路快线(体育中心(西行)--同和路总站),已匹配,21/21
B6路快线(同和路总站--体育中心),已匹配,21/21
南沙1路(金岭南路站--广州船坞总站),已匹配,16/18
南沙1路(广州船坞总站--金岭南路站),已匹配,15/17
703路(江高(广技师白云校区)总站--荔红路总站),已匹配,28/30
703路(荔红路总站--江高(广技师白云校区)总站),已匹配,28/30
929路(棠溪站1--石井大道北),已匹配,26/26
929路(石井大道北--棠溪站1),已匹配,22/23
B6路(体育中心(西行)--同和路总站),已匹配,21/21
B6路(同和路总站--体育中心),已匹配,21/21
320路(奥林匹克体育中心总站--大沙东总站),已匹配,32/36
320路(大沙东总站--奥林匹克体育中心总站),已匹配,32/35
550路(琶洲保利总站--东圃珠村总站),已匹配,19/19
550路(东圃珠村总站--琶洲保利总站),已匹配,20/20