线路号,方向记录,站点,站点ID,与几何距离(m),建议平台ID,建议平台距离(m),是否首末站,站名含总站,偏差档位,核对提示
花81路,花81路(赤坭--珊瑚),赤坭医院,BV11375046,5970,,,否,否,>=1000m,整线几何异常（花81/944 类），先查线路走向
花81路,花81路(赤坭--珊瑚),赤坭,BV11375043,5925,,,是,否,>=1000m,整线几何异常（花81/944 类），先查线路走向
花81路,花81路(赤坭--珊瑚),赤坭工业区,BV09415183,5630,,,否,否,>=1000m,整线几何异常（花81/944 类），先查线路走向
花81路,花81路(赤坭--珊瑚),新桥头,BV11406986,5031,,,否,否,>=1000m,整线几何异常（花81/944 类），先查线路走向
944路,944路(萝岗香雪(梅花世界)总站--奥林匹克体育中心总站),萝岗站,BV09241911,3899,,,否,否,>=1000m,整线几何异常（花81/944 类），先查线路走向
花81路,花81路(赤坭--珊瑚),黄沙塘,BV10015599,3884,,,否,否,>=1000m,整线几何异常（花81/944 类），先查线路走向
944路,944路(萝岗香雪(梅花世界)总站--奥林匹克体育中心总站),萝岗香雪(梅花世界)总站,BV11632957,3882,,,是,是,>=1000m,整线几何异常（花81/944 类），先查线路走向
944路,944路(萝岗香雪(梅花世界)总站--奥林匹克体育中心总站),坑围村,BV10847184,3456,,,否,否,>=1000m,整线几何异常（花81/944 类），先查线路走向
944路,944路(萝岗香雪(梅花世界)总站--奥林匹克体育中心总站),萝峰村站,BV10847185,2913,,,否,否,>=1000m,整线几何异常（花81/944 类），先查线路走向
花81路,花81路(赤坭--珊瑚),白坭,BV11599738,2450,,,否,否,>=1000m,整线几何异常（花81/944 类），先查线路走向
944路,944路(萝岗香雪(梅花世界)总站--奥林匹克体育中心总站),孟田村,BV09070818,2382,,,否,否,>=1000m,整线几何异常（花81/944 类），先查线路走向
花1路,花1路(白蟮塘--西岭村东),西岭村东,BV10543410,2196,,,是,否,>=1000m,整线几何异常（花81/944 类），先查线路走向
944路,944路(萝岗香雪(梅花世界)总站--奥林匹克体育中心总站),香雪大道(下中路口)站,BV11488674,2010,,,否,否,>=1000m,整线几何异常（花81/944 类），先查线路走向
花1路,花1路(白蟮塘--西岭村东),西岭村,BV10431533,1847,,,否,否,>=1000m,整线几何异常（花81/944 类），先查线路走向
花1路,花1路(白蟮塘--西岭村东),小布七队,BV10431526,1424,,,否,否,>=1000m,整线几何异常（花81/944 类），先查线路走向
南沙61路短线,南沙61路短线(黄阁公交总站--黄阁公交总站),新鸿基市场站,BV10017144,1405,,,否,否,>=1000m,整线几何异常（花81/944 类），先查线路走向
南沙61路短线,南沙61路短线(黄阁公交总站--黄阁公交总站),新鸿基市场站,BV10017144,1405,,,否,否,>=1000m,整线几何异常（花81/944 类），先查线路走向
944路,944路(萝岗香雪(梅花世界)总站--奥林匹克体育中心总站),香雪大道图书馆北门站,BV11488681,1384,,,否,否,>=1000m,整线几何异常（花81/944 类），先查线路走向
南沙61路短线,南沙61路短线(黄阁公交总站--黄阁公交总站),悦方城,BV09221554,1227,,,否,否,>=1000m,整线几何异常（花81/944 类），先查线路走向
944路,944路(萝岗香雪(梅花世界)总站--奥林匹克体育中心总站),香雪公寓,BV10013981,1055,,,否,否,>=1000m,整线几何异常（花81/944 类），先查线路走向
南沙61路短线,南沙61路短线(黄阁公交总站--黄阁公交总站),黄阁镇政府站,BV10017143,905,,,否,否,300-1000m,中途站无建议：需对照实况/线路核实
南沙61路短线,南沙61路短线(黄阁公交总站--黄阁公交总站),黄阁镇政府站,BV10017143,905,,,否,否,300-1000m,中途站无建议：需对照实况/线路核实
番6路,番6路(沙湾总站--傍雁路临时公交总站),北斗渡口,BV09009791,898,,,否,否,300-1000m,中途站无建议：需对照实况/线路核实
番7路,番7路(沙湾总站--蔡三村),北斗渡口,BV09009791,898,,,否,否,300-1000m,中途站无建议：需对照实况/线路核实
B11路,B11路(岑村总站--员村总站),员村总站,BV10389050,825,BV11492234,204,是,是,300-1000m,首末站偏差：总站平台多在站场内，几何不延伸进去属正常，大概率无需改
243路,243路(革新路总站--员村总站),员村总站,BV10389050,796,BV11492234,214,是,是,300-1000m,首末站偏差：总站平台多在站场内，几何不延伸进去属正常，大概率无需改
247路,247路(南洲北路总站--恒福路总站),南洲北路总站,BV10019120,787,,,是,是,300-1000m,首末站偏差：总站平台多在站场内，几何不延伸进去属正常，大概率无需改
402路/402路快车,402路/402路快车(东圃总站--东圃总站),东圃总站,BV10019425,778,,,是,是,300-1000m,首末站偏差：总站平台多在站场内，几何不延伸进去属正常，大概率无需改
402路/402路快车,402路/402路快车(东圃总站--东圃总站),东圃总站,BV10019425,778,,,是,是,300-1000m,首末站偏差：总站平台多在站场内，几何不延伸进去属正常，大概率无需改
334路,334路(南岗总站--萝岗万达广场总站),南岗总站,BV10017343,775,,,是,是,300-1000m,首末站偏差：总站平台多在站场内，几何不延伸进去属正常，大概率无需改
521路,521路(凰岗总站--石溪总站),凰岗总站,BV10014033,775,,,是,是,300-1000m,首末站偏差：总站平台多在站场内，几何不延伸进去属正常，大概率无需改
夜3路,夜3路(凰岗总站--石溪总站),凰岗总站,BV10014033,775,,,是,是,300-1000m,首末站偏差：总站平台多在站场内，几何不延伸进去属正常，大概率无需改
334路,334路(萝岗万达广场总站--南岗总站),南岗总站,BV10017343,774,,,是,是,300-1000m,首末站偏差：总站平台多在站场内，几何不延伸进去属正常，大概率无需改
增城12路,增城12路(二汽车站--永和医院),永和医院,BV09173363,771,,,是,否,300-1000m,首末站偏差：总站平台多在站场内，几何不延伸进去属正常，大概率无需改
增城12路,增城12路(永和医院--二汽车站),永和医院,BV09173363,740,,,是,否,300-1000m,首末站偏差：总站平台多在站场内，几何不延伸进去属正常，大概率无需改
花81路,花81路(赤坭--珊瑚),白坭小学,BV11599747,735,,,否,否,300-1000m,中途站无建议：需对照实况/线路核实
花1路,花1路(白蟮塘--西岭村东),东湖安置区,BV09407241,718,,,否,否,300-1000m,中途站无建议：需对照实况/线路核实
376路,376路(南岗总站--富力悦禧花园总站),南岗总站,BV10017343,690,,,是,是,300-1000m,首末站偏差：总站平台多在站场内，几何不延伸进去属正常，大概率无需改
243路,243路(员村总站--革新路总站),员村总站,BV10389050,684,BV11492234,236,是,是,300-1000m,首末站偏差：总站平台多在站场内，几何不延伸进去属正常，大概率无需改
B11路,B11路(员村总站--岑村总站),员村总站,BV10389050,684,BV11492234,245,是,是,300-1000m,首末站偏差：总站平台多在站场内，几何不延伸进去属正常，大概率无需改
247路,247路(恒福路总站--南洲北路总站),南洲北路总站,BV10019120,682,,,是,是,300-1000m,首末站偏差：总站平台多在站场内，几何不延伸进去属正常，大概率无需改
商务专线5路,商务专线5路(大塘总站--沙河横马路),大塘总站,BV10016431,681,,,是,是,300-1000m,首末站偏差：总站平台多在站场内，几何不延伸进去属正常，大概率无需改
376路,376路(富力悦禧花园总站--南岗总站),南岗总站,BV10017343,677,,,是,是,300-1000m,首末站偏差：总站平台多在站场内，几何不延伸进去属正常，大概率无需改
增城59路,增城59路(旧高埔村--派潭客运站),临时站,BV09187203,676,,,否,否,300-1000m,中途站无建议：需对照实况/线路核实
增城59路,增城59路(派潭客运站--玉枕村),临时站,BV09187203,676,,,否,否,300-1000m,中途站无建议：需对照实况/线路核实
从18路,从18路(从化汽车站总站--玲洲总站),玲洲总站,BV10387111,624,,,是,是,300-1000m,首末站偏差：总站平台多在站场内，几何不延伸进去属正常，大概率无需改
增城62路,增城62路(亚如冚--双头村),七境村,BV11119670,605,,,否,否,300-1000m,中途站无建议：需对照实况/线路核实
增城62路,增城62路(派潭客运站--亚如冚),七境村,BV11119670,605,,,否,否,300-1000m,中途站无建议：需对照实况/线路核实
364路,364路(瑞东花园总站--科学城彩频路总站),吉山新路街,BV11086040,596,,,否,否,300-1000m,中途站无建议：需对照实况/线路核实
364路,364路(科学城彩频路总站--瑞东花园总站),吉山新路街,BV11086040,590,,,否,否,300-1000m,中途站无建议：需对照实况/线路核实
432路,432路(珠江花城总站--瑞东花园总站),吉山新路街,BV11086040,590,,,否,否,300-1000m,中途站无建议：需对照实况/线路核实
花2路,花2路(民航学院总站--饮食风情街),民航学院总站,BV10569017,583,,,是,是,300-1000m,首末站偏差：总站平台多在站场内，几何不延伸进去属正常，大概率无需改
商务专线5路,商务专线5路(沙河横马路--大塘总站),大塘总站,BV10016431,545,,,是,是,300-1000m,首末站偏差：总站平台多在站场内，几何不延伸进去属正常，大概率无需改
佛200路,佛200路(芳村大道西总站--佛山西站),洞庭路,BV11518563,519,,,否,否,300-1000m,中途站无建议：需对照实况/线路核实
182路,182路(逸景翠园总站--云苑新村总站),逸景路,BV09364484,515,,,否,否,300-1000m,中途站无建议：需对照实况/线路核实
264路,264路(仑头总站--广仁路总站),仑头总站,BV10796283,515,,,是,是,300-1000m,首末站偏差：总站平台多在站场内，几何不延伸进去属正常，大概率无需改
264路,264路(广仁路总站--仑头总站),仑头总站,BV10796283,510,,,是,是,300-1000m,首末站偏差：总站平台多在站场内，几何不延伸进去属正常，大概率无需改
264A路,264A路(珠影--仑头总站),仑头总站,BV10796283,504,,,是,是,300-1000m,首末站偏差：总站平台多在站场内，几何不延伸进去属正常，大概率无需改
空港快线2号线,空港快线2号线(经新市墟)(白云机场T2航站楼--华师大厦酒店),三元里站,BV09002689,504,,,否,否,300-1000m,中途站无建议：需对照实况/线路核实
空港快线2线,空港快线2线(白云机场T2航站楼--师大暨大),三元里站,BV09002689,504,,,否,否,300-1000m,中途站无建议：需对照实况/线路核实
空港快线2号线夜班,空港快线2号线夜班(白云机场T2西客运站--师大暨大站),三元里站,BV09002689,503,,,否,否,300-1000m,中途站无建议：需对照实况/线路核实
944路,944路(萝岗香雪(梅花世界)总站--奥林匹克体育中心总站),黄埔区青少年宫站,BV11279608,500,BV09043183,412,否,否,300-1000m,有建议但平台仍较远（50-200m，低置信度）：建议平台 + 实况核实
566路,566路(黄埔新城总站(沙步一横路)--永和总站),招呼站,BV09413014,481,,,否,否,300-1000m,中途站无建议：需对照实况/线路核实
761路,761路(赤沙(广东财经大学)总站--侨诚花园总站),石溪,BV10681379,458,BV09203867,248,否,否,300-1000m,有建议但平台仍较远（50-200m，低置信度）：建议平台 + 实况核实
番77路,番77路(地铁新造站--山海连城),金荷二路站,BV09380919,458,,,否,否,300-1000m,中途站无建议：需对照实况/线路核实
花75A路,花75A路(新雅街道办--华师附中总站),花都广场,BV10016943,458,,,否,否,300-1000m,中途站无建议：需对照实况/线路核实
番128路,番128路(莲花山车站--化龙车站),番禺创新科技园,BV11619186,451,,,否,否,300-1000m,中途站无建议：需对照实况/线路核实
南沙61路短线,南沙61路短线(黄阁公交总站--黄阁公交总站),黄阁大道中站,BV09026668,450,,,否,否,300-1000m,中途站无建议：需对照实况/线路核实
南沙61路短线,南沙61路短线(黄阁公交总站--黄阁公交总站),黄阁大道中站,BV09026668,450,,,否,否,300-1000m,中途站无建议：需对照实况/线路核实
397路短线快线,397路短线快线(南岗--丹水坑风景区总站),丹水坑风景区总站,BV10022013,443,,,是,是,300-1000m,首末站偏差：总站平台多在站场内，几何不延伸进去属正常，大概率无需改
花75A路,花75A路(华师附中总站--新雅街道办),花都广场,BV10016943,441,,,否,否,300-1000m,中途站无建议：需对照实况/线路核实
番128路,番128路(化龙车站--莲花山车站),番禺创新科技园,BV11619186,439,,,否,否,300-1000m,中途站无建议：需对照实况/线路核实
花115路,花115路(站前路公交总站--赤坭),赤坭,BV11375043,438,,,是,否,300-1000m,首末站偏差：总站平台多在站场内，几何不延伸进去属正常，大概率无需改
397路短线快线,397路短线快线(丹水坑风景区总站--南岗站),丹水坑风景区总站,BV10022013,436,,,是,是,300-1000m,首末站偏差：总站平台多在站场内，几何不延伸进去属正常，大概率无需改
19路,19路(桥中总站--岭南V谷总站),岭南V谷总站,BV11340105,431,,,是,是,300-1000m,首末站偏差：总站平台多在站场内，几何不延伸进去属正常，大概率无需改
521路,521路(石溪总站--凰岗总站),凰岗总站,BV10014033,409,,,是,是,300-1000m,首末站偏差：总站平台多在站场内，几何不延伸进去属正常，大概率无需改
夜3路,夜3路(石溪总站--凰岗总站),凰岗总站,BV10014033,409,,,是,是,300-1000m,首末站偏差：总站平台多在站场内，几何不延伸进去属正常，大概率无需改
530路,530路(石岗路(绿地滨江汇)总站--沙涌南总站),沙涌南总站,BV10017888,406,,,是,是,300-1000m,首末站偏差：总站平台多在站场内，几何不延伸进去属正常，大概率无需改
夜15路,夜15路(同德围总站--广州火车东站总站),同德围总站,BV09001043,402,BV10015217,260,是,是,300-1000m,首末站偏差：总站平台多在站场内，几何不延伸进去属正常，大概率无需改
525路,525路(海中村总站--芳村葵蓬总站),芳村葵蓬总站,BV10017985,397,,,是,是,300-1000m,首末站偏差：总站平台多在站场内，几何不延伸进去属正常，大概率无需改
525路,525路(芳村葵蓬总站--海中村总站),芳村葵蓬总站,BV10017985,397,,,是,是,300-1000m,首末站偏差：总站平台多在站场内，几何不延伸进去属正常，大概率无需改
780路,780路(南洲花园总站--芳村葵蓬总站),芳村葵蓬总站,BV10017985,397,,,是,是,300-1000m,首末站偏差：总站平台多在站场内，几何不延伸进去属正常，大概率无需改
780路,780路(芳村葵蓬总站--南洲花园总站),芳村葵蓬总站,BV10017985,397,,,是,是,300-1000m,首末站偏差：总站平台多在站场内，几何不延伸进去属正常，大概率无需改
南28路,南28路(水牛头渡口总站--冯马一村总站),互太印染厂站,BV10015933,386,,,否,否,300-1000m,中途站无建议：需对照实况/线路核实
花9路,花9路(城东停车场(花都湖)--佳仕达工业园总站),珠宝城,BV10019572,378,,,否,否,300-1000m,中途站无建议：需对照实况/线路核实
增城62路,增城62路(亚如冚--双头村),灵山墟,BV11119627,377,,,否,否,300-1000m,中途站无建议：需对照实况/线路核实
增城62路,增城62路(派潭客运站--亚如冚),灵山墟,BV11119627,377,,,否,否,300-1000m,中途站无建议：需对照实况/线路核实
夜60路,夜60路(联和总站(惠联路)--万科里享家总站),万科里享家总站,BV11312590,376,,,是,是,300-1000m,首末站偏差：总站平台多在站场内，几何不延伸进去属正常，大概率无需改
花9路,花9路(佳仕达工业园总站--城东停车场(花都湖)),珠宝城,BV10019572,367,,,否,否,300-1000m,中途站无建议：需对照实况/线路核实
花81A路,花81A路(联星村--狮岭汽车站),联星村,BV11379198,365,,,是,否,300-1000m,首末站偏差：总站平台多在站场内，几何不延伸进去属正常，大概率无需改
嘉禾5线,嘉禾5线(红旗坊--地铁嘉禾望岗站总站),地铁嘉禾望岗站总站,BV10014401,360,,,是,是,300-1000m,首末站偏差：总站平台多在站场内，几何不延伸进去属正常，大概率无需改
B22路,B22路(广州科学城总站(长安村)--五羊邨总站),华穗路,BV10022156,343,,,否,否,300-1000m,中途站无建议：需对照实况/线路核实
嘉禾望岗地铁站便民车3线,嘉禾望岗地铁站便民车3线(地铁嘉禾望岗站总站--地铁嘉禾望岗站总站),地铁嘉禾望岗站总站,BV10014401,343,,,是,是,300-1000m,首末站偏差：总站平台多在站场内，几何不延伸进去属正常，大概率无需改
嘉禾望岗地铁站便民车3线,嘉禾望岗地铁站便民车3线(地铁嘉禾望岗站总站--地铁嘉禾望岗站总站),地铁嘉禾望岗站总站,BV10014401,343,,,是,是,300-1000m,首末站偏差：总站平台多在站场内，几何不延伸进去属正常，大概率无需改
夜46路,夜46路(奥林匹克体育中心总站--石化路总站),大沙东,BV11248514,343,,,否,否,300-1000m,中途站无建议：需对照实况/线路核实
943路,943路(黄埔东路总站(石化南路)--萝岗香雪总站),大沙东,BV11248514,341,,,否,否,300-1000m,中途站无建议：需对照实况/线路核实
夜46路,夜46路(石化路总站--奥林匹克体育中心总站),大沙东,BV11248514,341,,,否,否,300-1000m,中途站无建议：需对照实况/线路核实
B29路,B29路(博汇商业区总站--奥林匹克体育中心总站),大沙东,BV11248514,339,,,否,否,300-1000m,中途站无建议：需对照实况/线路核实
花115路,花115路(赤坭--站前路公交总站),赤坭,BV11375043,338,,,是,否,300-1000m,首末站偏差：总站平台多在站场内，几何不延伸进去属正常，大概率无需改
番22B路,番22B路(北海村总站--旧水坑总站),市桥街派出所,BV10023200,331,,,否,否,300-1000m,中途站无建议：需对照实况/线路核实
B26路,B26路(护林路东总站--凌塘村总站),大沙东站,BV11248514,328,,,否,否,300-1000m,中途站无建议：需对照实况/线路核实
660路环线,660路环线(广外总站--广外总站),云城西路,BV10021167,324,,,否,否,300-1000m,中途站无建议：需对照实况/线路核实
884路,884路(天健创意园总站--广州火车东站总站),天健创意园总站,BV10793675,322,,,是,是,300-1000m,首末站偏差：总站平台多在站场内，几何不延伸进去属正常，大概率无需改
244A路,244A路(江南大道南(地铁江泰路站)总站--汇侨新城总站),汇侨新城总站,BV10019063,320,,,是,是,300-1000m,首末站偏差：总站平台多在站场内，几何不延伸进去属正常，大概率无需改
538路,538路(文化公园总站--汇侨新城总站),汇侨新城总站,BV10019063,320,,,是,是,300-1000m,首末站偏差：总站平台多在站场内，几何不延伸进去属正常，大概率无需改
夜15路,夜15路(广州火车东站总站--同德围总站),同德围总站,BV09001043,319,BV10015217,278,是,是,300-1000m,首末站偏差：总站平台多在站场内，几何不延伸进去属正常，大概率无需改
189路,189路(石榴岗总站--机场路总站),执信路,BV11688570,318,,,否,否,300-1000m,中途站无建议：需对照实况/线路核实
247路,247路(南洲北路总站--恒福路总站),执信路,BV11688570,318,,,否,否,300-1000m,中途站无建议：需对照实况/线路核实
125路,125路(丽江花园总站--花园酒店站),花园酒店站,BV09360551,317,,,是,否,300-1000m,首末站偏差：总站平台多在站场内，几何不延伸进去属正常，大概率无需改
287路,287路(晓港湾总站--动物园总站(先烈中路)),执信路,BV11688570,317,,,否,否,300-1000m,中途站无建议：需对照实况/线路核实
广424路,广424路(白沙总站--白云文化广场总站),建设大道中站,BV10713679,295,,,否,否,150-300m,中途站无建议：需对照实况/线路核实
南沙54路,南沙54路(滨海公园--雁洲村总站),黄阁大道中站,BV09026668,294,,,否,否,150-300m,中途站无建议：需对照实况/线路核实
397路,397路(萝岗香雪总站--丹水坑风景区总站),云埔工业区,BV11687962,293,,,否,否,150-300m,中途站无建议：需对照实况/线路核实
375路,375路(黄埔低空经济创新中心总站--凤凰城总站),云埔工业区站,BV11687962,292,,,否,否,150-300m,中途站无建议：需对照实况/线路核实
566路,566路(永和总站--黄埔新城(沙步一横路)总站),云埔工业区,BV11687962,292,,,否,否,150-300m,中途站无建议：需对照实况/线路核实
946路,946路(广汕路总站(科景路口)--南岗总站),云埔工业区,BV11687962,292,,,否,否,150-300m,中途站无建议：需对照实况/线路核实
夜49路,夜49路(永和开发区总站--穗港码头总站),云埔工业区,BV11687962,292,,,否,否,150-300m,中途站无建议：需对照实况/线路核实
569路,569路(萝岗香雪总站--沿河路总站),云埔工业区,BV11687962,290,,,否,否,150-300m,中途站无建议：需对照实况/线路核实
B31路,B31路(开发区(珠江嘉园)总站--黄埔东路(石化南路)总站),云埔工业区,BV11687962,290,,,否,否,150-300m,中途站无建议：需对照实况/线路核实
番142路,番142路(市桥汽车站--潭洲市场站),潭洲市场站,BV09302206,290,,,是,否,150-300m,首末站偏差：总站平台多在站场内，几何不延伸进去属正常，大概率无需改
番60路,番60路(化龙驾驶人考场--地铁新造站),化龙教练场,BV11018446,287,,,否,否,150-300m,中途站无建议：需对照实况/线路核实
夜29路,夜29路(滘口汽车站总站--江海大道中),江海大道中,BV11687940,286,BV09316963,105,是,否,150-300m,首末站偏差：总站平台多在站场内，几何不延伸进去属正常，大概率无需改
夜37路,夜37路(中山八路总站--江海大道中),江海大道中,BV11687940,286,BV09316963,105,是,否,150-300m,首末站偏差：总站平台多在站场内，几何不延伸进去属正常，大概率无需改
花93路,花93路(碧桂园路口--振兴村),碧桂园路口,BV11375033,286,,,是,否,150-300m,首末站偏差：总站平台多在站场内，几何不延伸进去属正常，大概率无需改
714路,714路(花都北兴总站--钟落潭总站),钟落潭总站,BV09344048,285,,,是,是,150-300m,首末站偏差：总站平台多在站场内，几何不延伸进去属正常，大概率无需改
716路,716路(富力金港城总站--钟落潭(白云星汇城)总站),钟落潭(白云星汇城)总站,BV09298089,285,,,是,是,150-300m,首末站偏差：总站平台多在站场内，几何不延伸进去属正常，大概率无需改
725路,725路(地铁新和站总站--钟落潭(白云星汇城)总站),钟落潭(白云星汇城)总站,BV09298089,285,,,是,是,150-300m,首末站偏差：总站平台多在站场内，几何不延伸进去属正常，大概率无需改
夜116路,夜116路(花都北兴总站--钟落潭(白云星汇城)总站),钟落潭(白云星汇城)总站,BV09298089,285,,,是,是,150-300m,首末站偏差：总站平台多在站场内，几何不延伸进去属正常，大概率无需改
沥17B路,沥17B路(珑耀华府--芳村客运站),芳村客运站,BV10014060,283,BV09307685,208,是,否,150-300m,首末站偏差：总站平台多在站场内，几何不延伸进去属正常，大概率无需改
沥17B路区间,沥17B路区间(盐步老龙公园--芳村客运站),芳村客运站,BV10014060,283,BV09307685,208,是,否,150-300m,首末站偏差：总站平台多在站场内，几何不延伸进去属正常，大概率无需改
244A路,244A路(汇侨新城总站--江南大道南(地铁江泰路站)总站),汇侨新城总站,BV10019063,282,,,是,是,150-300m,首末站偏差：总站平台多在站场内，几何不延伸进去属正常，大概率无需改
278路,278路(汇侨新城总站--汇侨新城总站),汇侨新城总站,BV10019063,282,,,是,是,150-300m,首末站偏差：总站平台多在站场内，几何不延伸进去属正常，大概率无需改
278路,278路(汇侨新城总站--汇侨新城总站),汇侨新城总站,BV10019063,282,,,是,是,150-300m,首末站偏差：总站平台多在站场内，几何不延伸进去属正常，大概率无需改
538路,538路(汇侨新城总站--文化公园总站),汇侨新城总站,BV10019063,282,,,是,是,150-300m,首末站偏差：总站平台多在站场内，几何不延伸进去属正常，大概率无需改
夜122路,夜122路(白沙(中海金沙湾)总站--永泰新村总站),建设大道中站,BV10713679,281,,,否,否,150-300m,中途站无建议：需对照实况/线路核实
嘉禾5线,嘉禾5线(地铁嘉禾望岗站--红旗坊),地铁嘉禾望岗站,BV10018935,280,,,是,否,150-300m,首末站偏差：总站平台多在站场内，几何不延伸进去属正常，大概率无需改
从12路,从12路(吕田公交总站--莱茵汇),红岭,BV10887170,279,,,否,否,150-300m,中途站无建议：需对照实况/线路核实
广424路,广424路(白云文化广场总站--白沙总站),建设大道中,BV10713679,279,,,否,否,150-300m,中途站无建议：需对照实况/线路核实
南沙49路,南沙49路(三姓路--大岗公交总站),黄阁大道中站,BV09026668,278,,,否,否,150-300m,中途站无建议：需对照实况/线路核实
番141路,番141路(江南路站--市桥汽车站),黄阁大道中站,BV09026668,278,,,否,否,150-300m,中途站无建议：需对照实况/线路核实
南沙65路,南沙65路(市桥汽车站--潭洲车站),潭洲市场站,BV09302206,277,,,否,否,150-300m,中途站无建议：需对照实况/线路核实
南沙65路,南沙65路(潭洲车站--市桥汽车站),潭洲市场站,BV09302206,277,,,否,否,150-300m,中途站无建议：需对照实况/线路核实
番142路,番142路(潭洲车站--市桥汽车站),潭洲市场站,BV09302206,277,,,否,否,150-300m,中途站无建议：需对照实况/线路核实
南47路,南47路(大岗公交总站--新围八队总站),潭洲市场站,BV09302206,276,,,否,否,150-300m,中途站无建议：需对照实况/线路核实
南47路,南47路(新围八队总站--大岗公交总站),潭洲市场,BV09302206,276,,,否,否,150-300m,中途站无建议：需对照实况/线路核实
南沙4路,南沙4路(18:30后)(南沙资讯科技园站--蕉门公交总站),金洲地铁站,BV10015863,276,,,否,否,150-300m,中途站无建议：需对照实况/线路核实
夜9路,夜9路(车陂公交场--黄石路总站),车陂公交场,BV11688356,273,,,是,否,150-300m,首末站偏差：总站平台多在站场内，几何不延伸进去属正常，大概率无需改
夜100路,夜100路(黄埔古村南广场总站(落客点)--天河客运站总站),天河客运站总站,BV10322985,269,,,是,是,150-300m,首末站偏差：总站平台多在站场内，几何不延伸进去属正常，大概率无需改
夜122路,夜122路(永泰新村总站--白沙(中海金沙湾)总站),建设大道中站,BV10713679,268,,,否,否,150-300m,中途站无建议：需对照实况/线路核实
广789路,广789路(地铁沙贝站总站--地铁沙贝站总站),建设大道中站,BV10713679,268,,,否,否,150-300m,中途站无建议：需对照实况/线路核实
广789路,广789路(地铁沙贝站总站--地铁沙贝站总站),建设大道中站,BV10713679,268,,,否,否,150-300m,中途站无建议：需对照实况/线路核实
广夜54路,广夜54路(白沙总站(中海金沙湾)--白沙(中海金沙湾)总站),建设大道中,BV10713679,268,,,否,否,150-300m,中途站无建议：需对照实况/线路核实
广夜54路,广夜54路(白沙总站(中海金沙湾)--白沙(中海金沙湾)总站),建设大道中,BV10713679,268,,,否,否,150-300m,中途站无建议：需对照实况/线路核实
825路,825路(江高总站(大松岗)--广州佐航花都雅瑶恒通汽车站总站),雄丰路口站,BV11688084,266,,,否,否,150-300m,中途站无建议：需对照实况/线路核实
432A路,432A路(天坤三路总站--护林路东总站),护林路东总站,BV10018089,264,,,是,是,150-300m,首末站偏差：总站平台多在站场内，几何不延伸进去属正常，大概率无需改
B26路,B26路(凌塘村总站--护林路东总站),护林路东总站,BV10018089,264,,,是,是,150-300m,首末站偏差：总站平台多在站场内，几何不延伸进去属正常，大概率无需改
夜4路,夜4路(恒福路总站--海珠客运站总站),海珠客运站总站,BV10013865,263,,,是,是,150-300m,首末站偏差：总站平台多在站场内，几何不延伸进去属正常，大概率无需改
夜65路,夜65路(长洲码头总站--综合商业北区),综合商业北区,BV10013797,262,BV11322770,111,是,否,150-300m,首末站偏差：总站平台多在站场内，几何不延伸进去属正常，大概率无需改
花109路,花109路(融创公交总站--胡忠儿童医院),花都广场,BV10016943,255,,,否,否,150-300m,中途站无建议：需对照实况/线路核实
707路,707路(神山--人和总站),东镜市场站,BV11688085,254,,,否,否,150-300m,中途站无建议：需对照实况/线路核实
增城22路,增城22路(夏埔村总站--黄沙头村),锦绣新天地,BV11102414,254,,,否,否,150-300m,中途站无建议：需对照实况/线路核实
增城26A路,增城26A路(凤晴苑总站--大敦综合市场),锦绣新天地,BV11102414,254,,,否,否,150-300m,中途站无建议：需对照实况/线路核实
增城26路,增城26路(凤凰城交通中心--大敦综合市场),锦绣新天地,BV11102414,254,,,否,否,150-300m,中途站无建议：需对照实况/线路核实
增城39路,增城39路(仙村公交总站--尚东阳光),新聚福,BV11688089,254,,,否,否,150-300m,中途站无建议：需对照实况/线路核实
花18路,花18路(中建映花悦府--新和村),花都广场,BV10016943,254,,,否,否,150-300m,中途站无建议：需对照实况/线路核实
花18路,花18路(新和村--中建映花悦府),花都广场,BV10016943,254,,,否,否,150-300m,中途站无建议：需对照实况/线路核实
南夜6路,南夜6路(金岭南路口--南沙奥园站),金岭南路口,BV09389440,253,,,是,否,150-300m,首末站偏差：总站平台多在站场内，几何不延伸进去属正常，大概率无需改
花2路,花2路(民航学院总站--饮食风情街),学院正门,BV10569008,253,,,否,否,150-300m,中途站无建议：需对照实况/线路核实
427路,427路(龙归城总站--园夏村总站),官海街口,BV10382343,252,,,否,否,150-300m,中途站无建议：需对照实况/线路核实
增城36路,增城36路(五福路--新塘站公交总站),新聚福,BV11688089,250,,,否,否,150-300m,中途站无建议：需对照实况/线路核实
南53路,南53路(南沙儿童公园站--南沙湾总站),万达广场站,BV10381619,247,,,否,否,150-300m,中途站无建议：需对照实况/线路核实
增城71路,增城71路(科教城西公交总站--科教城东公交总站),医药职业学校,BV09323257,246,,,否,否,150-300m,中途站无建议：需对照实况/线路核实
427路,427路(园夏村总站--龙归城总站),官海街口,BV10382343,244,,,否,否,150-300m,中途站无建议：需对照实况/线路核实
从12路,从12路(吕田公交总站--莱茵汇),温塘肚,BV10775406,244,,,否,否,150-300m,中途站无建议：需对照实况/线路核实
广969路,广969路(中南花园总站--五眼桥总站),嘉洲广场,BV11689448,243,,,否,否,150-300m,中途站无建议：需对照实况/线路核实
南沙70路,南沙70路(蕉门公交总站--市桥汽车站),汽车城地铁站,BV10016577,240,BV11639443,128,否,否,150-300m,有建议但平台仍较远（50-200m，低置信度）：建议平台 + 实况核实
花63路短线,花63路短线(雅瑶公交总站--高新技术学校路口站),高新技术学校路口站,BV11346508,234,,,是,否,150-300m,首末站偏差：总站平台多在站场内，几何不延伸进去属正常，大概率无需改
番202路旅游专线,番202路旅游专线(大学城科学中心总站--大学城体育中心总站),综合商业北区,BV10013797,229,BV11322770,78,否,否,150-300m,有建议但平台仍较远（50-200m，低置信度）：建议平台 + 实况核实
从8路,从8路(地铁东风站--城建学院总站),临时站,BV09225892,227,,,否,否,150-300m,中途站无建议：需对照实况/线路核实
广969路,广969路(五眼桥总站--中南花园总站),嘉洲广场,BV11689448,226,,,否,否,150-300m,中途站无建议：需对照实况/线路核实
从502路,从502路(吕田客运站总站--三水总站),三水总站,BV11116063,220,,,是,是,150-300m,首末站偏差：总站平台多在站场内，几何不延伸进去属正常，大概率无需改
南沙13路,南沙13路(水牛头渡口站--中山大学附属第一(南沙)医院),中山大学附属第一(南沙)医院,BV09077732,219,,,是,否,150-300m,首末站偏差：总站平台多在站场内，几何不延伸进去属正常，大概率无需改
南沙20路,南沙20路(虎门渡口(上湾小区)站--中山大学附属第一(南沙)医院站),中山大学附属第一(南沙)医院站,BV09077732,219,,,是,否,150-300m,首末站偏差：总站平台多在站场内，几何不延伸进去属正常，大概率无需改
508路,508路(家和天曜总站--广州火车东站总站),广州火车东站总站,BV10013973,216,,,是,是,150-300m,首末站偏差：总站平台多在站场内，几何不延伸进去属正常，大概率无需改
南沙70路,南沙70路(市桥汽车站--蕉门公交总站),汽车城地铁站,BV10016577,216,BV11639443,104,否,否,150-300m,有建议但平台仍较远（50-200m，低置信度）：建议平台 + 实况核实
夜43路,夜43路(瑞宝乡总站--天坤三路总站),天坤三路总站,BV11564624,215,,,是,是,150-300m,首末站偏差：总站平台多在站场内，几何不延伸进去属正常，大概率无需改
番131路,番131路(短线)(地铁石碁站--山海连城),山海连城,BV11061616,215,,,是,否,150-300m,首末站偏差：总站平台多在站场内，几何不延伸进去属正常，大概率无需改
番133路高峰短线,番133路高峰短线(地铁新造站--山海连城),山海连城,BV11061616,215,,,是,否,150-300m,首末站偏差：总站平台多在站场内，几何不延伸进去属正常，大概率无需改
番77路,番77路(地铁新造站--山海连城),山海连城,BV11061616,215,,,是,否,150-300m,首末站偏差：总站平台多在站场内，几何不延伸进去属正常，大概率无需改
59路,59路(沥滘总站--广州火车东站总站),广州火车东站总站,BV10013973,212,,,是,是,150-300m,首末站偏差：总站平台多在站场内，几何不延伸进去属正常，大概率无需改
209路,209路(坦尾总站--广州火车东站总站),广州火车东站总站,BV10013973,210,,,是,是,150-300m,首末站偏差：总站平台多在站场内，几何不延伸进去属正常，大概率无需改
393路,393路(黄埔低空经济创新中心总站--连云路总站),开泰大道(开源路口),BV09237474,209,,,否,否,150-300m,中途站无建议：需对照实况/线路核实
183路,183路(汾水小区总站--广州火车东站总站),广州火车东站总站,BV10013973,207,,,是,是,150-300m,首末站偏差：总站平台多在站场内，几何不延伸进去属正常，大概率无需改
122路,122路(丽江花园总站--广州火车东站总站),广州火车东站总站,BV10013973,206,,,是,是,150-300m,首末站偏差：总站平台多在站场内，几何不延伸进去属正常，大概率无需改
B17路,B17路(石化路总站--广州火车东站总站),广州火车东站总站,BV10013973,206,,,是,是,150-300m,首末站偏差：总站平台多在站场内，几何不延伸进去属正常，大概率无需改
南1路B,南1路B(海力花园站--广州船坞总站),金岭南路站,BV10015855,206,,,否,否,150-300m,中途站无建议：需对照实况/线路核实
南夜4路,南夜4路(金洲地铁站--地铁广隆站),金岭南路站,BV10015855,206,,,否,否,150-300m,中途站无建议：需对照实况/线路核实
南沙18路,南沙18路(蕉门地铁(区政府)站--南沙湾总站),金岭南路站,BV10015855,206,,,否,否,150-300m,中途站无建议：需对照实况/线路核实
南沙1路,南沙1路(蕉门公交总站--广州船坞总站),金岭南路站,BV10015855,206,,,否,否,150-300m,中途站无建议：需对照实况/线路核实
南沙49路,南沙49路(大岗公交总站--三姓路站),金岭南路站,BV10015855,206,,,否,否,150-300m,中途站无建议：需对照实况/线路核实
南沙4路,南沙4路(蕉门公交总站--滨海公园站),金岭南路站,BV10015855,206,,,否,否,150-300m,中途站无建议：需对照实况/线路核实
夜13路,夜13路(梅东路总站--天河儿童公园北门总站),锦城花园,BV11171452,206,BV09364274,111,否,否,150-300m,有建议但平台仍较远（50-200m，低置信度）：建议平台 + 实况核实
广283路,广283路(万科四季花城总站--广州火车东站总站),广州火车东站总站,BV10013973,206,,,是,是,150-300m,首末站偏差：总站平台多在站场内，几何不延伸进去属正常，大概率无需改
番141路,番141路(市桥汽车站--江南路站),金岭南路站,BV10015855,206,,,否,否,150-300m,中途站无建议：需对照实况/线路核实
花5B路,花5B路(飞鹅岭地铁口总站--文岗),信达珺悦蓝庭,BV09241595,206,,,否,否,150-300m,中途站无建议：需对照实况/线路核实
南沙16路,南沙16路(团结围总站--新垦站),新垦站,BV10015875,205,,,是,否,150-300m,首末站偏差：总站平台多在站场内，几何不延伸进去属正常，大概率无需改
263路,263路(盈丰路总站--广州火车东站总站),广州火车东站总站,BV10013973,204,,,是,是,150-300m,首末站偏差：总站平台多在站场内，几何不延伸进去属正常，大概率无需改
302A路,302A路(雅居乐--广州火车东站总站),广州火车东站总站,BV10013973,204,,,是,是,150-300m,首末站偏差：总站平台多在站场内，几何不延伸进去属正常，大概率无需改
363路,363路(穗港码头总站--广州火车东站总站),广州火车东站总站,BV10013973,204,,,是,是,150-300m,首末站偏差：总站平台多在站场内，几何不延伸进去属正常，大概率无需改
944路,944路(奥林匹克体育中心总站--萝岗香雪总站),开泰大道(新阳路口),BV11466898,204,,,否,否,150-300m,中途站无建议：需对照实况/线路核实
10路,10路(恒福路总站--昌岗路总站),白云宾馆,BV11009137,203,BV09226118,155,否,否,150-300m,有建议但平台仍较远（50-200m，低置信度）：建议平台 + 实况核实
367路,367路(火村东总站--中海誉城总站),开源大道,BV09067478,203,,,否,否,150-300m,中途站无建议：需对照实况/线路核实
482路,482路(动物园总站(先烈中路)--动物园总站(先烈中路)),白云宾馆,BV11009137,203,BV09226118,162,否,否,150-300m,有建议但平台仍较远（50-200m，低置信度）：建议平台 + 实况核实
397路,397路(萝岗香雪总站--丹水坑风景区总站),开源大道,BV09067478,202,,,否,否,150-300m,中途站无建议：需对照实况/线路核实
夜4路,夜4路(恒福路总站--海珠客运站总站),白云宾馆,BV11009137,202,BV09226118,153,否,否,150-300m,有建议但平台仍较远（50-200m，低置信度）：建议平台 + 实况核实
137路,137路(新洲码头总站--广州火车东站总站),广州火车东站总站,BV10013973,201,,,是,是,150-300m,首末站偏差：总站平台多在站场内，几何不延伸进去属正常，大概率无需改
280路,280路(凰岗总站--广州火车东站总站),广州火车东站总站,BV10013973,201,,,是,是,150-300m,首末站偏差：总站平台多在站场内，几何不延伸进去属正常，大概率无需改
841路,841路(石井总站(滘心村)--广州火车东站总站),广州火车东站总站,BV10013973,201,,,是,是,150-300m,首末站偏差：总站平台多在站场内，几何不延伸进去属正常，大概率无需改
莞616路,莞616路(富民路--黄埔新港),华阳湖路口,BV10494263,201,BV11671373,102,否,否,150-300m,有建议但平台仍较远（50-200m，低置信度）：建议平台 + 实况核实
238路,238路(石井潭村总站--康王路总站(上下九)),石井潭村总站,BV10021214,200,,,是,是,150-300m,首末站偏差：总站平台多在站场内，几何不延伸进去属正常，大概率无需改
41路,41路(汇景北路总站--广州火车东站总站),广州火车东站总站,BV10013973,199,,,是,是,150-300m,首末站偏差：总站平台多在站场内，几何不延伸进去属正常，大概率无需改
569路,569路(萝岗香雪总站--沿河路总站),萝岗香雪总站,BV10017511,199,,,是,是,150-300m,首末站偏差：总站平台多在站场内，几何不延伸进去属正常，大概率无需改
943路,943路(萝岗香雪总站--黄埔东路总站(石化南路)),萝岗香雪总站,BV10017511,199,,,是,是,150-300m,首末站偏差：总站平台多在站场内，几何不延伸进去属正常，大概率无需改
从903路,从903路(从化汽车站总站--银林村委),南医大五附院,BV11623857,199,,,否,否,150-300m,中途站无建议：需对照实况/线路核实
从903路,从903路(银林村委--从化汽车站总站),南医大五附院,BV11623857,199,,,否,否,150-300m,中途站无建议：需对照实况/线路核实
夜51路,夜51路(萝岗香雪总站--车陂总站),萝岗香雪总站,BV10017511,199,,,是,是,150-300m,首末站偏差：总站平台多在站场内，几何不延伸进去属正常，大概率无需改
花103路,花103路(田美上庄--广州工商学院(花都)),田美上庄,BV10970181,199,,,是,否,150-300m,首末站偏差：总站平台多在站场内，几何不延伸进去属正常，大概率无需改
花都113路,花都113路(田美上庄--皮革城站),田美上庄,BV10970181,199,,,是,否,150-300m,首末站偏差：总站平台多在站场内，几何不延伸进去属正常，大概率无需改
238路,238路(康王路总站(上下九)--石井潭村总站),石井潭村总站,BV10021214,198,,,是,是,150-300m,首末站偏差：总站平台多在站场内，几何不延伸进去属正常，大概率无需改
夜21路,夜21路(石井潭村总站--东山龟岗(中共三大会址)总站),石井潭村总站,BV10021214,198,,,是,是,150-300m,首末站偏差：总站平台多在站场内，几何不延伸进去属正常，大概率无需改
233路,233路(滘口客运站总站--广州火车东站总站),广州火车东站总站,BV10013973,197,,,是,是,150-300m,首末站偏差：总站平台多在站场内，几何不延伸进去属正常，大概率无需改
B19路,B19路(杨桃公园总站--广州火车东站总站),广州火车东站总站,BV10013973,197,,,是,是,150-300m,首末站偏差：总站平台多在站场内，几何不延伸进去属正常，大概率无需改
花25B路,花25B路(旗岭市场--芙滨路西),旗新村,BV10462375,196,,,否,否,150-300m,中途站无建议：需对照实况/线路核实
462路,462路(逸景西路总站--侨诚花园总站),南洲路口,BV09025579,194,,,否,否,150-300m,中途站无建议：需对照实况/线路核实
551路,551路(海珠客运站总站--广州火车东站总站),广州火车东站总站,BV10013973,194,,,是,是,150-300m,首末站偏差：总站平台多在站场内，几何不延伸进去属正常，大概率无需改
佛200路,佛200路(芳村大道西总站--佛山西站),佛山西站,BV09244985,194,,,是,否,150-300m,首末站偏差：总站平台多在站场内，几何不延伸进去属正常，大概率无需改
810路,810路(白云高尔夫花园总站--广州火车东站总站),广州火车东站总站,BV10013973,193,,,是,是,150-300m,首末站偏差：总站平台多在站场内，几何不延伸进去属正常，大概率无需改
增城6路,增城6路(增城广场地铁总站--小楼车站),小楼车站,BV09259265,193,,,是,否,150-300m,首末站偏差：总站平台多在站场内，几何不延伸进去属正常，大概率无需改
佛211路,佛211路(广州南站总站--大沥汽车客运站),岭南,BV09388708,192,,,否,否,150-300m,中途站无建议：需对照实况/线路核实
夜15路,夜15路(同德围总站--广州火车东站总站),广州火车东站总站,BV10013973,190,,,是,是,150-300m,首末站偏差：总站平台多在站场内，几何不延伸进去属正常，大概率无需改
夜17路,夜17路(珠村总站--广州火车东站总站),广州火车东站总站,BV10013973,190,,,是,是,150-300m,首末站偏差：总站平台多在站场内，几何不延伸进去属正常，大概率无需改
夜28路,夜28路(丽江花园总站--广州火车东站总站),广州火车东站总站,BV10013973,190,,,是,是,150-300m,首末站偏差：总站平台多在站场内，几何不延伸进去属正常，大概率无需改
夜77路,夜77路(广州白云站公交总站--广州火车东站总站),广州火车东站总站,BV10013973,190,,,是,是,150-300m,首末站偏差：总站平台多在站场内，几何不延伸进去属正常，大概率无需改
花25B路,花25B路(芙滨路西--旗岭市场),旗新村,BV10462375,190,,,否,否,150-300m,中途站无建议：需对照实况/线路核实
高峰快线24路,高峰快线24路(港湾一村--广州火车东站总站),广州火车东站总站,BV10013973,190,,,是,是,150-300m,首末站偏差：总站平台多在站场内，几何不延伸进去属正常，大概率无需改
339路,339路(地铁鱼珠站总站--萝岗香雪总站),开泰大道(新阳路口),BV11466898,188,,,否,否,150-300m,中途站无建议：需对照实况/线路核实
花112路,花112路(毕村--荔红路总站),毕村,BV11165782,188,,,是,否,150-300m,首末站偏差：总站平台多在站场内，几何不延伸进去属正常，大概率无需改
帽峰山旅游专线1线,帽峰山旅游专线1线(太和地铁站A口--帽峰山森林公园),米龙村,BV11400772,186,,,否,否,150-300m,中途站无建议：需对照实况/线路核实
226路,226路(恒宝广场总站--大塘总站),大塘总站,BV10016431,185,,,是,是,150-300m,首末站偏差：总站平台多在站场内，几何不延伸进去属正常，大概率无需改
828路,828路(太和总站--白鳝塘总站),白鳝塘总站,BV10019304,185,,,是,是,150-300m,首末站偏差：总站平台多在站场内，几何不延伸进去属正常，大概率无需改
夜45路,夜45路(城西花园总站--大塘总站),大塘总站,BV10016431,185,,,是,是,150-300m,首末站偏差：总站平台多在站场内，几何不延伸进去属正常，大概率无需改
813路,813路(革新路总站--棠德花苑西总站),棠德花苑西总站,BV09063543,184,,,是,是,150-300m,首末站偏差：总站平台多在站场内，几何不延伸进去属正常，大概率无需改
76路,76路(东山总站(东华北路)--百顺北路总站),百顺北路总站,BV11655931,183,,,是,是,150-300m,首末站偏差：总站平台多在站场内，几何不延伸进去属正常，大概率无需改
花都113路,花都113路(皮革城站--田美上庄),美国工业园,BV10015587,182,,,否,否,150-300m,中途站无建议：需对照实况/线路核实
226路,226路(大塘总站--恒宝广场总站),大塘总站,BV10016431,179,,,是,是,150-300m,首末站偏差：总站平台多在站场内，几何不延伸进去属正常，大概率无需改
增城31路,增城31路(新塘万达广场--香山湖总站),翟洞村,BV11692686,179,,,否,否,150-300m,中途站无建议：需对照实况/线路核实
夜45路,夜45路(大塘总站--城西花园总站),大塘总站,BV10016431,179,,,是,是,150-300m,首末站偏差：总站平台多在站场内，几何不延伸进去属正常，大概率无需改
花15B路,花15B路(塱头村--飞鹅岭地铁口总站),四角围,BV09404948,179,,,否,否,150-300m,中途站无建议：需对照实况/线路核实
南沙12路,南沙12路(新兴村委总站--珠江电厂站),新兴村委总站,BV11324534,178,,,是,是,150-300m,首末站偏差：总站平台多在站场内，几何不延伸进去属正常，大概率无需改
花5路,花5路(炭步总站--站前路公交总站),四角围,BV09404948,177,,,否,否,150-300m,中途站无建议：需对照实况/线路核实
番夜5路,番夜5路(广州南站总站--奥园广场总站),钻汇广场东门,BV09200219,176,,,否,否,150-300m,中途站无建议：需对照实况/线路核实
569路,569路(沿河路总站--萝岗香雪总站),东晖路,BV10703778,173,,,否,否,150-300m,中途站无建议：需对照实况/线路核实
番夜5路,番夜5路(广州南站总站--奥园广场总站),奥园广场总站,BV10019864,173,,,是,是,150-300m,首末站偏差：总站平台多在站场内，几何不延伸进去属正常，大概率无需改
从402路,从402路(华夏学院--明珠管委会),华夏学院,BV10621021,172,,,是,否,150-300m,首末站偏差：总站平台多在站场内，几何不延伸进去属正常，大概率无需改
453A路,453A路(沿河路总站--沿河路总站),东晖路,BV10703778,171,,,否,否,150-300m,中途站无建议：需对照实况/线路核实
453A路,453A路(沿河路总站--沿河路总站),东晖路,BV10703778,171,,,否,否,150-300m,中途站无建议：需对照实况/线路核实
569路,569路(萝岗香雪总站--沿河路总站),东晖路,BV10703778,171,,,否,否,150-300m,中途站无建议：需对照实况/线路核实
大学城专线3路,大学城专线3路(广东药学院总站--大学城总站(中部枢纽)),仑头村,BV10019621,171,,,否,否,150-300m,中途站无建议：需对照实况/线路核实
花15路,花15路(飞鹅岭地铁总站--赤坭西莲塘村委总站),四角围,BV09404948,171,,,否,否,150-300m,中途站无建议：需对照实况/线路核实
花15B路,花15B路(飞鹅岭地铁总站--塱头村),四角围,BV09404948,170,,,否,否,150-300m,中途站无建议：需对照实况/线路核实
花5路,花5路(站前路公交总站--炭步总站),四角围,BV09404948,170,,,否,否,150-300m,中途站无建议：需对照实况/线路核实
莞616路,莞616路(黄埔新港--富民路),华阳湖路口,BV10494263,170,BV11671373,75,否,否,150-300m,有建议但平台仍较远（50-200m，低置信度）：建议平台 + 实况核实
莞619路,莞619路(城际麻涌站--城际麻涌站),华阳湖路口,BV10494263,170,BV11671373,75,否,否,150-300m,有建议但平台仍较远（50-200m，低置信度）：建议平台 + 实况核实
莞619路,莞619路(城际麻涌站--城际麻涌站),华阳湖路口,BV10494263,170,BV11671373,75,否,否,150-300m,有建议但平台仍较远（50-200m，低置信度）：建议平台 + 实况核实
番77路,番77路(地铁新造站--山海连城),广汽荻原基地,BV11018449,169,,,否,否,150-300m,中途站无建议：需对照实况/线路核实
番96路,番96路(市桥汽车站--大石中学总站),钟村市场,BV11689053,168,,,否,否,150-300m,中途站无建议：需对照实况/线路核实
花103路,花103路(田美上庄--广州工商学院(花都)),融创文旅城,BV11431446,168,,,否,否,150-300m,中途站无建议：需对照实况/线路核实
195路,195路(南洲路总站(小洲南路口)--广州火车东站总站),广州火车东站总站,BV10013973,167,,,是,是,150-300m,首末站偏差：总站平台多在站场内，几何不延伸进去属正常，大概率无需改
825路,825路(江高总站(大松岗)--广州佐航花都雅瑶恒通汽车站总站),郭塘站,BV09245330,165,,,否,否,150-300m,中途站无建议：需对照实况/线路核实
825路,825路(雅瑶公交总站--江高总站),郭塘,BV09245330,165,,,否,否,150-300m,中途站无建议：需对照实况/线路核实
833路,833路(太和总站--广卫路总站),广卫路总站,BV10013719,165,BV09174824,132,是,是,150-300m,首末站偏差：总站平台多在站场内，几何不延伸进去属正常，大概率无需改
南沙24路,南沙24路(虎门轮渡码头总站--横沥地铁站公交总站),邮轮母港站,BV09099109,164,,,否,否,150-300m,中途站无建议：需对照实况/线路核实
南沙4路,南沙4路(滨海公园站--蕉门公交总站),滨海公园站,BV11583740,164,,,是,否,150-300m,首末站偏差：总站平台多在站场内，几何不延伸进去属正常，大概率无需改
广州塔1号线,广州塔1号线(广州塔地铁站A口站点--唯品会总部大厦),唯品会总部大厦,BV11524286,164,,,是,否,150-300m,首末站偏差：总站平台多在站场内，几何不延伸进去属正常，大概率无需改
131A路,131A路(赤岗总站--赤岗总站),星海音乐厅,BV11312279,163,,,否,否,150-300m,中途站无建议：需对照实况/线路核实
194路,194路(宝岗大道总站--华景新城总站(翰景路)),星海音乐厅,BV11312279,163,,,否,否,150-300m,中途站无建议：需对照实况/线路核实
89路,89路(大沙头总站--天河客运站总站),星海音乐厅,BV11312279,163,,,否,否,150-300m,中途站无建议：需对照实况/线路核实
B21路,B21路(革新路总站--棠德花苑总站),星海音乐厅,BV11312279,163,,,否,否,150-300m,中途站无建议：需对照实况/线路核实
番163B路,番163B路(奥园城市天地总站--广地花园站),里仁洞站,BV11688082,163,,,否,否,150-300m,中途站无建议：需对照实况/线路核实
花都113路,花都113路(田美上庄--皮革城站),美国工业园,BV10015587,163,,,否,否,150-300m,中途站无建议：需对照实况/线路核实
564路,564路(黄埔古村南广场总站--天河客运站总站),万胜围,BV10420826,162,,,否,否,150-300m,中途站无建议：需对照实况/线路核实
762路,762路(黄埔古村总站--海珠客运站总站),万胜围,BV10420826,162,,,否,否,150-300m,中途站无建议：需对照实况/线路核实
夜100路,夜100路(黄埔古村南广场总站(落客点)--天河客运站总站),万胜围,BV10420826,162,,,否,否,150-300m,中途站无建议：需对照实况/线路核实
126路,126路(凰岗总站--天河客运站总站),凰岗总站,BV10014033,160,,,是,是,150-300m,首末站偏差：总站平台多在站场内，几何不延伸进去属正常，大概率无需改
948路,948路(萝岗香雪总站--华峰寺总站),萝岗香雪总站,BV10017511,160,,,是,是,150-300m,首末站偏差：总站平台多在站场内，几何不延伸进去属正常，大概率无需改
夜90路,夜90路(凰岗总站--天河客运站总站),凰岗总站,BV10014033,160,,,是,是,150-300m,首末站偏差：总站平台多在站场内，几何不延伸进去属正常，大概率无需改
728路,728路(地铁龙归站总站--良田村委总站),北太路柏塘村口站,BV11166353,159,,,否,否,150-300m,中途站无建议：需对照实况/线路核实
45路,45路(小洲总站--广州火车东站总站),广州火车东站总站,BV10013973,158,,,是,是,150-300m,首末站偏差：总站平台多在站场内，几何不延伸进去属正常，大概率无需改
495路,495路(琶洲塔公交总站--玉树新村总站),车陂南站,BV10014565,158,,,否,否,150-300m,中途站无建议：需对照实况/线路核实
增城39路,增城39路(仙村公交总站--尚东阳光),仙村路口站,BV11690284,158,,,否,否,150-300m,中途站无建议：需对照实况/线路核实
754路,754路(犀牛角村总站--犀牛角村总站),犀牛角村总站,BV10382244,157,,,是,是,150-300m,首末站偏差：总站平台多在站场内，几何不延伸进去属正常，大概率无需改
754路,754路(犀牛角村总站--犀牛角村总站),犀牛角村总站,BV10382244,157,,,是,是,150-300m,首末站偏差：总站平台多在站场内，几何不延伸进去属正常，大概率无需改
B1短线快车,B1短线快车(特快车)(体育中心--夏园站),夏园站,BV11687921,157,,,是,否,150-300m,首末站偏差：总站平台多在站场内，几何不延伸进去属正常，大概率无需改
B20路,B20路(天河儿童公园北门总站--广州火车东站总站),广州火车东站总站,BV10013973,157,,,是,是,150-300m,首末站偏差：总站平台多在站场内，几何不延伸进去属正常，大概率无需改
夜3路,夜3路(凰岗总站--石溪总站),凤凰新村(宝业路口),BV10018366,157,,,否,否,150-300m,中途站无建议：需对照实况/线路核实
空港2路,空港2路(长线)(人和墟总站--1号航站楼),1号航站楼,BV11510236,157,,,是,否,150-300m,首末站偏差：总站平台多在站场内，几何不延伸进去属正常，大概率无需改
264A路,264A路(招呼站--珠影),珠影,BV10013679,156,,,是,否,150-300m,首末站偏差：总站平台多在站场内，几何不延伸进去属正常，大概率无需改
花83路,花83路(狮岭龙头市场--东环城际花山镇站),皮革城,BV11306482,156,,,否,否,150-300m,中途站无建议：需对照实况/线路核实
655路,655路(大塘汽车客运站--三达路跨线桥首末站),三达路跨线桥首末站,BV09052349,155,,,是,否,150-300m,首末站偏差：总站平台多在站场内，几何不延伸进去属正常，大概率无需改
广205路,广205路(白沙总站--康王路总站(上下九)),建设大道,BV11689969,155,,,否,否,150-300m,中途站无建议：需对照实况/线路核实
58路,58路(时代玫瑰园总站--广医一院总站(靖海路)),爱群大厦,BV10607944,154,,,否,否,150-300m,中途站无建议：需对照实况/线路核实
703路,703路(机场路总站--荔红路总站),平沙路口,BV09000463,154,,,否,否,150-300m,中途站无建议：需对照实况/线路核实
夜87路,夜87路(机场路总站--广州北站(秀全大道)),平沙路口,BV09000463,154,,,否,否,150-300m,中途站无建议：需对照实况/线路核实
769路/769路快线,769路/769路快线(坑口地铁站总站--地铁南浦站总站),坑口地铁站总站,BV09073347,152,,,是,是,150-300m,首末站偏差：总站平台多在站场内，几何不延伸进去属正常，大概率无需改
B21路,B21路(革新路总站--棠德花苑总站),革新路总站,BV10014587,152,,,是,是,150-300m,首末站偏差：总站平台多在站场内，几何不延伸进去属正常，大概率无需改
B24路,B24路(车陂总站--黄埔低空经济创新中心总站),车陂南站,BV10014565,152,,,否,否,150-300m,中途站无建议：需对照实况/线路核实
南沙24路,南沙24路(横沥地铁站公交总站--虎门轮渡码头总站),邮轮母港,BV09099109,152,,,否,否,150-300m,中途站无建议：需对照实况/线路核实
19路,19路(岭南V谷总站--桥中总站),广州市培英中学站,BV10798983,151,,,否,否,150-300m,中途站无建议：需对照实况/线路核实
87路,87路(广钢新城(荔勤南路)总站--逸景翠园总站),鹤洞路西站,BV09001134,150,,,否,否,150-300m,中途站无建议：需对照实况/线路核实
夜119路,夜119路(司法学校--龙归城总站),行知学院站,BV11171948,150,,,否,否,150-300m,中途站无建议：需对照实况/线路核实
番28B路,番28B路(大刀沙村尾--前锋总站),地铁石碁南站(前锋村),BV09339921,150,,,否,否,150-300m,中途站无建议：需对照实况/线路核实
