合并站名,BV站数,同名站组数,判断,坐标跨度m,不同基名,各同名组站名,BV站点ID
体育中心,7,8,需核对,313,,体育中心①|体育中心1(b8928646) || 体育中心②(afd15e76) || 体育中心①(e30c4b02) || BRT体育中心1|BRT体育中心①(2fc7dfc7) || BRT体育中心3(011b63bc) || BRT体育中心3|BRT体育中心2(962716b8) || 体育中心(bfe1aa5c) || 体育中心BRT总站3(a6939f83),BV11688545 / BV11688435 / BV09375065 / BV09226128 / BV09323474 / BV09337037 / BV11420870
新市墟,7,4,需核对,710,,新市墟③(44d4c26a) || 新市墟①(07e119d1) || 新市墟④(c809048a) || 新市墟②(4a213f48),BV11687839 / BV09226067 / BV09392281 / BV09161217 / BV09226083 / BV09404762 / BV09226085
海印桥南,5,2,需核对,593,,海印桥南①(931a411b) || 海印桥南②(d9295c01),BV09245639 / BV11688474 / BV09413050 / BV11064479 / BV11589123
西湾路,5,3,需核对,930,,西湾路②(2c8bf8ea) || 西湾路①(02083dea) || 西湾路（唐宁花园）①(0500a716),BV09356487 / BV09000495 / BV09269673 / BV09000494 / BV09313510
国防大厦,4,3,需核对,656,,国防大厦③(4e85aafa) || 国防大厦②(b91b7120) || 国防大厦①(dfbf0588),BV11688471 / BV09178253 / BV09317153 / BV09410279
程界村,4,4,需核对,456,,程界村(82c9a8da) || 程界村①(b642e1f7) || 程界村②(0fbb2a5b) || 程界村③(1b012952),BV11688554 / BV09094596 / BV11462295 / BV09413159
黄花岗,4,2,需核对,415,,黄花岗②(04b77342) || 黄花岗①(b274e80c),BV10014265 / BV09348431 / BV09308850 / BV09155477
云台花园,4,4,需核对,417,,云台花园②(b37b4a10) || 云台花园③(4edfdf60) || 云台花园①(3cc21930) || 云台花园(71b7eb53),BV11371562 / BV09364271 / BV09364566 / BV09373903
林和西路,3,3,需核对,338,,林和西路①(f64651ea) || 林和西路③(958415ed) || 林和西路|林和西路②(24e32e52),BV09383025 / BV11509447 / BV11688381
客村立交,3,4,需核对,479,,客村立交3|客村立交(7ee21bd2) || 客村立交1(c088fa14) || 客村立交②|客村立交2(272b38e6) || 客村立交①|客村立交1(bfbe56c7),BV11688553 / BV09377599 / BV09377600
地铁汉溪长隆,3,3,需核对,145,地铁汉溪长隆B / 地铁汉溪长隆C / 地铁汉溪长隆D,地铁汉溪长隆B站(79b8ccff) || 地铁汉溪长隆C站(fd1e9fde) || 地铁汉溪长隆D站(d1f854bf),BV11038930 / BV11062941 / BV10014952
东山口(东华北路),3,6,需核对,398,,东山口（东华北路）(d8842c6b) || 东山口(354d5148) || 东山口2(d124c823) || 东山口1(43a040b3) || 东山口（东华北路）①(56f1912d) || 东山口（东华北路）②(17e415ad),BV11448834 / BV11309872 / BV09322857
中山纪念堂(市总工会),3,4,需核对,431,,中山纪念堂（市总工会）④(9d1e0db1) || 中山纪念堂（市总工会）②(c31906e6) || 中山纪念堂（市总工会）③(5c9aa791) || 中山纪念堂（市总工会）①(26fae520),BV09228990 / BV09404373 / BV09336519
东风东路(陵园西路口),3,3,需核对,402,,东风东路（陵园西路口）①(ebd68429) || 东风东路（陵园西路口）(497e8b5a) || 东风东路（陵园西路口）2(2f014c1b),BV09230319 / BV11278289 / BV09230320
广州体院,3,3,需核对,314,,广州体院①(8aea5e1f) || 广州体院②(13898aee) || 广州体院③(e7a71ac1),BV09375062 / BV09271785 / BV09411494
鹭江,3,3,需核对,413,,鹭江②(231e8502) || 鹭江③(5e36053d) || 鹭江①(2845b7d9),BV11687958 / BV09335012 / BV09160624
瑶台,3,2,需核对,472,,瑶台①(ed23f485) || 瑶台②(a0b102d5),BV11472522 / BV09246642 / BV09226113
棠下(三元里大道),3,3,需核对,441,,棠下（三元里大道）①(90bdb287) || 棠下（三元里大道）②(2ac595ff) || 棠下（三元里大道）③(500ca561),BV11687942 / BV09172231 / BV09169835
东风东路(广东工大),3,6,需核对,2199,,东风东路（陵园西路口）2(2f014c1b) || 东风东路（广东工大）②(3a92816e) || 东风东路（广东工大）1|东风东路（广东工大）①(f1febf4f) || 东风东路（广东工大）1|东风东路（广东工大）①(4cb3b042) || 东风东路（广东工大）③(a6df5d64) || 东风东路（广东工大）②(03c78cde),BV11278166 / BV09351618 / BV09351283
罗冲围客运,3,5,需核对,338,,罗冲围客运站③(8f2618a0) || 罗冲围客运站②(782ebdd6) || 罗冲围客运站①(f75e5735) || 罗冲围客运站(b94ff73d) || 罗冲围客运站2(7f2b2109),BV10013779 / BV11675544 / BV11629687
天河客运,3,2,需核对,399,,天河客运站|天河客运站②(c950ae35) || 天河客运站①(d25da8be),BV10014277 / BV09086211 / BV09397538
科学城路口,3,3,需核对,484,,科学城路口(2e60f8a2) || 科学城路口②(f2823edc) || 科学城路口①(2157f351),BV09081247 / BV11467027 / BV09343742
人和墟(万家福广场),3,5,需核对,558,,人和墟(75516daa) || 人和墟②(9a7c5976) || 人和墟①(9a5f37d9) || 人和墟（万家福广场）(825d8f5c) || 人和墟（地铁人和站）(eed70ceb),BV11689355 / BV09212864 / BV11365784
荔勤南路(崇文四路口),3,3,需核对,558,,荔勤南路(b7959947) || 荔勤南路总站(4bc9917b) || 荔勤南路（崇文四路口）(8ddcc59d),BV09308841 / BV09308840 / BV09191080
上社,3,4,需核对,222,上社 / 上社N / 上社S,BRT上社2(70ebb135) || BRT上社1|BRT上社N1|BRT上社S1(5cd0cc9f) || BRT上社3(5b944e8f) || 上社(0665da53),BV11694281 / BV09350120 / BV09172264
山马塘,3,2,需核对,419,,山马塘1(86b3f69a) || 山马塘2(fee93b98),BV11596288 / BV11596289 / BV11398032
新华工业区,3,3,需核对,405,,新华工业区(3123c3f7) || 新华工业区①(1b37f371) || 新华工业区②(087df9c4),BV11554334 / BV11547976 / BV09206741
花园酒店,2,4,需核对,406,,花园酒店①(4cdd8557) || 花园酒店3(ff4b3722) || 花园酒店4(f24062f3) || 花园酒店②(c0eb9afa),BV09360551 / BV09226130
南方报社,2,3,需核对,362,,南方报社（杨箕东）②(2a7d3a18) || 南方报社（杨箕东）③(f841b97a) || 南方报社（杨箕东）①(b322080f),BV09233664 / BV09005187
白云山制药厂(后山宿舍),2,2,需核对,812,,白云山制药厂(da4aa7e1) || 白云山制药厂（后山宿舍）(6f5dd378),BV10016352 / BV11401180
赤岗路口,2,4,需核对,445,,赤岗路口①|赤岗路口1(18b58fcc) || 赤岗路口②|赤岗路口2(cf7ea94d) || 赤岗路口①(91d4fffc) || 赤岗路口3(50aaed27),BV09317596 / BV09005990
员村四横路口,2,3,需核对,308,,员村四横路口②|员村四横路口(52d37bf8) || 员村四横路口①(de4ee7ad) || 员村四横路口③(042bc440),BV11688540 / BV09302573
怡乐村,2,2,需核对,383,,怡乐村①(0cf3cb4a) || 怡乐村②(07cb9fda),BV11687959 / BV09317206
康乐村,2,2,需核对,364,,康乐村①(ed4479d2) || 康乐村②(39f98dfa),BV09184531 / BV11688348
赤岗(江海大道)#1,2,2,需核对,373,,赤岗（江海大道）(965622e4) || 赤岗(a59440e6),BV10013684 / BV11688338
多宝路(广医三院),2,4,需核对,523,,多宝路（广医三院）①(d6172cd7) || 多宝路（粤剧艺术博物馆）(e6827641) || 多宝路（广医三院）(f3fc04fd) || 多宝路（广医三院）②(c3a3f1ae),BV11615371 / BV10021694
濂泉路口,2,3,需核对,441,,濂泉路口②(81cff6aa) || 濂泉路口①|濂泉路口(0a219755) || 濂泉路口(acced089),BV11688393 / BV09318948
北,2,2,需核对,339,,北站（三元里大道）①(5bc23ab3) || 北站（三元里大道）②(8e9f6315),BV09226114 / BV10013762
槎头,2,3,需核对,529,,槎头②(f1267d70) || 槎头①(402309e5) || 槎头(1838e5ec),BV11687842 / BV09200026
石溪,2,2,需核对,609,,石溪②(18793a1d) || 石溪①(b4b0cf00),BV10681379 / BV09203867
中山五路,2,3,需核对,381,,中山五路①(040ef314) || 中山五路(26736cb0) || 中山五路②(b905fb4a),BV09241189 / BV11596046
电视塔,2,2,需核对,468,,电视塔①(6930f895) || 电视塔②(f35c7c4e),BV09239569 / BV09226125
信和广场(昌岗中路),2,2,需核对,334,,信和广场（昌岗中路）②(cb77b551) || 信和广场（昌岗中路）①(104cc518),BV09226101 / BV10014647
芳村大道西,2,4,需核对,417,,芳村大道西(6e5a4992) || 芳村大道西1(695bfdc5) || 芳村大道西②(b839e3ae) || 芳村大道西3(f31d8ab7),BV11688499 / BV09304064
西坑(益民服装城),2,4,需核对,640,,西坑（益民服装城）(d21e22c5) || 西坑(435e52c5) || 西坑②(760d6cca) || 西坑①(20b42f33),BV11688572 / BV10021638
下芳村,2,3,需核对,346,,下芳村(96147c90) || 下芳村②(f993bfb6) || 下芳村①(1f652dbb),BV10013605 / BV11329135
康王北路(东风路口),2,2,需核对,612,,康王北路(f669344b) || 康王北路（东风路口）(95e3bfc8),BV09374435 / BV09234561
如意坊,2,2,需核对,589,,如意坊②(537e5324) || 如意坊①|如意坊(5e9b47b4),BV11357695 / BV09382089
南浦大桥南(沿沙路),2,3,需核对,11877932,,南浦大桥南(cc67f85c) || 南浦大桥南（沿沙路）(9cfe28bc) || 南浦大桥南（沿沙路）(44a078cf),BV11297525 / BV10023111
车陂南,2,3,需核对,385,,车陂南①(859e9c3b) || 车陂南(73c3e93a) || 车陂南②(ff145fc3),BV10014565 / BV09291511
石井大道(白云湖公园)#1,2,2,需核对,352,,石井大道（红星村）(15d50e9a) || 石井大道（白云湖公园）(9bec0d27),BV10013689 / BV11569023
开泰大道(东荟城)#1,2,2,需核对,577,,开泰大道（东荟城）(9956ae68) || 开泰大道（开源路口）(7fea887a),BV10924417 / BV11461491
开萝大道(地铁香雪站),2,2,需核对,737,,开萝大道（地铁香雪站）(fecdacc6) || 开萝大道(f0c3e289),BV09241985 / BV11621939
开创大道中(南方物流),2,2,需核对,3058,,开创大道中（南方物流）(32c4b380) || 开创大道中(d4a3a7ed),BV11483203 / BV09178249
永和大道(常春藤),2,2,需核对,702,,永和大道（常春藤）(17660c60) || 永和大道（斗塘路口）(6cddd7ba),BV09294351 / BV09003166
广州北站(秀全大道),2,3,需核对,325,广州北 / 广州北站,广州北站|广州北站（站前路）(7c8b5ae2) || 广州北站（秀全大道）总站(fc33f9b7) || 广州北站（秀全大道）(f6633e03),BV10939053 / BV11539721
广龙路(广从公路口),2,2,需核对,11896219,,广龙路（广从公路口）(05237854) || 广龙路(9ac5b90a),BV09301945 / BV11285650
东平北路(横岗村口),2,3,需核对,320,,东平北路(8ec1205d) || 东平北路（横岗村口）(957ac66e) || 东平北路（横岗村口）(06ed2dc1),BV10014200 / BV10014199
岗顶,2,4,需核对,321,,BRT岗顶1(49554e87) || BRT岗顶2(1c9882c4) || BRT岗顶3(952f4cb6) || 岗顶(369d3888),BV11694282 / BV11386239
华景新城#1,2,4,需核对,305,,BRT华景新城1(74671b7c) || BRT华景新城2(8a1b26b7) || BRT华景新城③(f44ad5d9) || BRT华景新城3|华景新城(a44b165d),BV09244990 / BV10014575
车陂,2,5,需核对,425,,BRT车陂1(54f52001) || 车陂③(378f7e98) || 车陂③(a9afd0ae) || BRT车陂2(ae0af2e5) || 车陂(7e7c50f3),BV11693174 / BV10014610
白兔村路口,2,2,需核对,645,,白兔村路口①(40f4a205) || 白兔村路口②(63f4cbad),BV11028709 / BV11028710
福上下社,2,2,需核对,427,,福上下社①(a60bc1f3) || 福上下社2(0846e5e8),BV11352299 / BV11352300
南星汤屋社,2,2,需核对,361,,南星汤屋社①(b967b78b) || 南星汤屋社2(912b00f8),BV11359303 / BV11359304
龙星村#1,2,2,需核对,2039,,龙星村①(77896c7c) || 龙星村③(cd6afa51),BV11352898 / BV11352903
坪地,2,2,需核对,496,,坪地①(9d2c2eb7) || 坪地②(9780d6d6),BV11489895 / BV11559829
地铁南沙客运港,2,3,需核对,11903075,,地铁南沙客运港站(5685d409) || 地铁南沙客运港站②(7cac3f5d) || 地铁南沙客运港站①(7dcf8a3b),BV09078984 / BV09067079
区政府东门,2,2,需核对,347,,区政府东门（永旺梦乐城）(a5ad9290) || 区政府东门分站(6a4df8ef),BV09293280 / BV11562298
禺山高级中学(西门),2,2,需核对,354,,禺山高级中学（西门）(f59174ca) || 禺山高级中学(828df589),BV10868270 / BV11692471
梅山村(金江大道),2,2,需核对,386,,梅山村(485c1084) || 梅山村（金江大道）(44c1bb6f),BV11171484 / BV10019929
南大干线(汽车小镇)#1,2,2,需核对,1026,,南大干线（汽车小镇）|南大干线（汽车小镇）站(26c7ed9b) || 南大干线（金轩二路口）(dd1e3115),BV11646397 / BV09391139
金轩三路(祺盛动力),2,2,需核对,581,,金轩三路（祺盛动力）(ba4ea0cf) || 金轩三路（广汽爱信）(f85958f3),BV11686085 / BV11686080
洛溪桥脚,1,2,需核对,374,,洛溪桥脚②(77f03a6d) || 洛溪桥脚①(cf927513),BV09005210
凰岗总,1,2,需核对,813,,凰岗总站(2687fbc5) || 凰岗（锦东服装城）总站(1401e6df),BV10014033
黄石东路(云城西路口),1,3,需核对,511,,黄石东路（云城西路口）①(03c80e9b) || 黄石东路（云城西路口）②(09c9a293) || 黄石东路（云城西路口）①(7ca17629),BV11688425
颐和山庄,1,3,需核对,356,,颐和山庄(3aa1a2ae) || 颐和山庄1(567d5632) || 颐和山庄②(ddea9635),BV10021221
珠岛花园总,1,2,需核对,338,,珠岛花园总站(b603b20a) || 珠岛花园(85c6aed4),BV10016165
晓港湾,1,2,需核对,533,,晓港湾(50b596c5) || 晓港湾总站(5548ebc6),BV11688514
大塘总,1,3,需核对,1141,,大塘总站(3e1b2270) || 大塘（坚真花园）总站②(09bd0ddc) || 大塘(01d5b438),BV10016431
中山八路总,1,4,需核对,305,,中山八路总站(4bc4ef73) || 中山八路②(a4fb540c) || 中山八路(ec14de25) || 中山八路①(d816c71e),BV10014194
黑山,1,3,需核对,325,,黑山②(38e5f06c) || 黑山①(e09b18f0) || 黑山③(47f5a825),BV11688412
广州大道中#2,1,6,需核对,1504,,广州大道中（地铁沙河站）①(7d86d563) || 广州大道中②(ce745685) || 广州大道中①(99e525a2) || 广州大道中（地铁沙河站）②(af6f9b04) || 广州大道中③(c2d30945) || 广州大道中（地铁沙河站）④(c6e53eda),BV10014367
万胜围,1,2,需核对,350,,万胜围(402fa95e) || 万胜围②(b6d5dbf8),BV10420826
华穗路,1,2,需核对,686,,华穗路(27a2a709) || 华穗路（星汇园）(36d06a7e),BV10022156
中山医,1,2,需核对,324,,中山医②(92366e11) || 中山医①(73af3d05),BV10016203
同德围总#1,1,2,需核对,1279,,同德围(b81518d9) || 同德围（阳光花园）总站(57901a72),BV10387326
金贵村,1,3,需核对,312,,金贵村①(f2461817) || 金贵村②(71b7eb53) || 金贵村(0a219755),BV11688390
西场立交,1,3,需核对,345,,西场立交2(48ca9c89) || 西场立交(4b5a5ba3) || 西场立交1(c9da7183),BV10866338
南洲路总站(小洲南路口),1,2,需核对,3352,,南洲路（盛景家园）(d4e3b93d) || 南洲路（小洲南路口）总站(a4461de4),BV09243517
沥滘,1,2,需核对,797,,沥滘(ec01714c) || 沥滘总站(a32ba658),BV11688783
执信路,1,3,需核对,429,,执信路①(772bc47c) || 执信路(df8d3370) || 执信路②(0eff99d3),BV11688570
柯子岭总,1,2,需核对,375,,柯子岭（地铁大金钟路站）总站(d2495ac5) || 柯子岭(32160f81),BV09370170
水荫路总,1,2,需核对,741,,水荫路总站(084fb239) || 水荫路(f23c087f),BV10021738
广州市培英中学,1,3,需核对,308,,广州市培英中学②(5f2e6bf7) || 广州市培英中学(d51cd7a3) || 广州市培英中学①(fba52766),BV10798983
泮塘,1,2,需核对,453,,泮塘(23b5d2b8) || 泮塘总站(2096c2aa),BV10022283
同德围总#2,1,3,需核对,1032,,同德围（丽康居）总站(c9e1c180) || 同德围（横滘村）总站1(3c67a9ca) || 同德围（横滘村）总站(5c09c23e),BV09001043
广花一路(夏花一路口),1,3,需核对,407,,广花一路（夏花一路口）(d479fdba) || 广花一路（夏花一路口）②(7ffbc567) || 广花一路（夏花一路口）①(64052818),BV09066028
动物园总站(先烈中路),1,2,需核对,443,,动物园（先烈中路）总站(23abee7a) || 动物园总站(f91a89ee),BV11669129
沥滘总,1,2,需核对,694,,沥滘总站(a32ba658) || 沥滘(ec01714c),BV10016721
广州体育馆,1,3,需核对,339,,广州体育馆①(6a4ba5c1) || 广州体育馆(af189cce) || 广州体育馆②(33d8a16d),BV11688384
南洲北路总,1,4,需核对,787,,南洲北路总站②(98f052e6) || 南洲北路总站|南洲北路(630e4278) || 南洲北路总站③(7813e310) || 南洲北路（好信广场）总站(33dd7a87),BV10019120
员村总#2,1,4,需核对,1714,,员村（美林花园）总站(e95e8cc9) || 员村②(8a944f35) || 员村（绢麻厂）总站(0395bd35) || 员村(59e047c4),BV10389050
汇侨新城总,1,2,需核对,316,,汇侨新城总站①|汇侨新城总站(9c7c4ce8) || 汇侨新城总站②(c4f1fa2e),BV10019063
员村一横路总,1,2,需核对,393,,员村一横路总站(c57fb279) || 员村一横路(cd51b87a),BV10013630
太和(丰泰横路)总,1,2,需核对,556,,太和（丰泰横路）总站(b36cfceb) || 太和（谢家庄）(91bede0b),BV11330431
土华总,1,3,需核对,1027,,土华总站(2d8e35c0) || 土华总站(1402ae6f) || 土华(efe1a863),BV10021864
晓港湾总,1,2,需核对,534,,晓港湾总站(5548ebc6) || 晓港湾(50b596c5),BV10018550
黄石路总,1,2,需核对,621,,黄石路总站(b35f607f) || 黄石路①(01fd81f5),BV10018538
科韵路,1,3,需核对,315,,科韵路②(a1aaf1cf) || 科韵路(693af19f) || 科韵路①(4bfd5089),BV11689853
上元岗,1,2,需核对,319,,上元岗②(b097fd28) || 上元岗1(20275710),BV11687888
地铁沙溪站(E1出口),1,2,需核对,339,,地铁沙溪站（E1出口）(54160e37) || 地铁沙溪站(32e519ce),BV11604375
地铁植物园,1,2,需核对,375,,地铁植物园站（世纪绿洲）(25479b9c) || 地铁植物园站（世纪绿洲）(12467ee2),BV10855094
南岗总,1,3,需核对,787,,南岗(4c203a96) || 南岗（国际玩具礼品城）总站(1a90ee39) || 南岗总站(864d1157),BV10017343
开泰大道(新阳路口)#2,1,2,需核对,761,,开泰大道（开达路口）(3c3c874d) || 开泰大道（新阳路口）(fe1250fc),BV11690288
地铁暹岗,1,3,需核对,440,,地铁暹岗站②(c25f2fe6) || 地铁暹岗站①(9020c70f) || 地铁暹岗站(13b0f068),BV10845333
开创大道#1,1,3,需核对,11903024,,开创大道（香雪山南）(ca4c66d3) || 开创大道（中大岭南医院）(1501c8e2) || 开创大道（时代天境）(0a809d26),BV10653045
开泰大道(科丰路口),1,2,需核对,11898435,,开泰大道（科丰路口）(4a6010a2) || 开泰大道（新阳路口）(fe1250fc),BV09005644
科学大道,1,2,需核对,2341,,科学大道（广东质检院）(416d63b9) || 科学大道（揽月路路口）(264ae601),BV10847049
广汕路(科景路口)总,1,2,需核对,460,,广汕路（科景路口）(6703c43d) || 广汕路（科景路口）总站(a64b881f),BV09070817
开源大道,1,2,需核对,842,,开源大道（云信路口）(d6906633) || 开源大道（岭南雅筑）(da1681a6),BV09067478
开泰大道(开源路口),1,2,需核对,730,,开泰大道（东荟城）(9956ae68) || 开泰大道（开源路口）(7fea887a),BV09237474
长贤路#1,1,2,需核对,1146,,长贤路（北师大实验学校）(02669e04) || 长贤路（岭南林语南门）(902942c1),BV11674524
大沙东,1,2,需核对,780,,大沙东(983db794) || 大沙东（黄埔海关）(7cf4c6c9),BV11248514
云埔一路总,1,2,需核对,698,,云埔一路（中一药业）总站(fc127484) || 云埔一路(28289e68),BV10017550
护林路(茅岗路口),1,2,需核对,901,,护林路（茅岗路口）(1f42fa80) || 护林路总站(d2ea0211),BV11689178
凤凰五路(粤芯路口),1,2,需核对,1356,,凤凰五路(e4d86082) || 凤凰五路（粤芯路口站）(262a492e),BV09394736
鱼珠码头总,1,2,需核对,406,,鱼珠码头(74ee0c7d) || 鱼珠码头总站(43d32ed7),BV10018096
开创大道总,1,2,需核对,1024,,开创大道（科翔路口）(08dbe77f) || 开创大道（万科城）总站(4807eba7),BV10018706
知明路(建设新街路口),1,2,需核对,1191,,知明路（建设街路口）(37588636) || 知明路（何棠下）(5cc62f6b),BV09328533
科学大道(揽月路路口),1,2,需核对,2320,,科学大道（揽月路路口）(264ae601) || 科学大道（广东质检院）(416d63b9),BV10653043
汇彩路总,1,3,需核对,1056,,汇彩路总站③(a1426df5) || 汇彩路总站①(3c4d12b1) || 汇彩路(ffd14a12),BV10021328
吉山新路街,1,2,需核对,11893862,,吉山新路街(a8b27306) || 吉山新路街（吉山村委）(f3a11652),BV11086040
科学大道(映日路口),1,2,需核对,3391,,科学大道（映日路口）(d9778341) || 科学大道（广东质检院）(416d63b9),BV11075868
誉山国际五区,1,2,需核对,482,,誉山国际五区(4f3a1832) || 誉山国际五区总站(c0e63849),BV11244693
东圃总,1,3,需核对,709,,东圃（兰亭盛荟）总站(dfd341f0) || 东圃总站(c48a5a45) || 东圃总站(9e24904f),BV10019425
天坤三路总,1,2,需核对,402,,天坤三路(b92a1892) || 天坤三路总站(9bc1d2ff),BV11564624
芳村葵蓬总,1,2,需核对,695,,芳村葵蓬总站(aca9ed96) || 芳村葵蓬（嵘都花园）总站(db6424ac),BV10017985
龙兴西路#1,1,2,需核对,1821,,龙兴西路（云翔学校）(006eacb8) || 龙兴西路(301fc40a),BV11171945
渔沙坦总站(渔中路),1,2,需核对,558,,渔沙坦（渔中路）总站(f670fe69) || 渔沙坦(a81ff8e6),BV10014298
渔沙坦,1,2,需核对,1044,,渔沙坦（中山村）总站(da14aaff) || 渔沙坦(a81ff8e6),BV10847070
广汕一路总站(林机街),1,2,需核对,1162,,广汕一路(5e29ca14) || 广汕一路（林机街）总站(ea249679),BV09042300
光谱西路,1,2,需核对,616,,光谱西路（省食品药品学校）(13f6fc30) || 光谱西路（神舟路路口）(a3a85197),BV11467019
花城大道(华穗路口)#2,1,2,需核对,3043,,花城大道（地铁潭村站）(761ef948) || 花城大道(100080d1),BV11474543
太和路口,1,3,需核对,338,,太和路口(fb60c4fd) || 太和路口①(57d239a0) || 太和路口②(a7278c04),BV11330442
茶滘路,1,2,需核对,408,,茶滘路(5258a81b) || 茶滘路总站(6189ac5c),BV11167618
华观路,1,2,需核对,481,,华观路(dc2b498a) || 华观路（火炉山森林公园）(33fe0d6b),BV11689185
石槎路总,1,2,需核对,330,,石槎路总站（金碧新城）(e2be3895) || 石槎路（地铁小坪站）(435d0304),BV10016204
大罗村总#1,1,2,需核对,765,,大罗村(86b9736b) || 大罗村（省女子监狱）总站(5ef66d98),BV11476851
钟落潭总,1,2,需核对,1849,,钟落潭（白云星汇城）总站(f3992f6f) || 钟落潭（大钟）(306f4e5a),BV09344048
上水(广州老人院),1,2,需核对,381,,上水(48f698c6) || 上水（广州老人院）(b32afc5a),BV11621267
沙田村总,1,2,需核对,1013,,沙田村总站(250db965) || 沙田村(02cd0551),BV10389056
帽峰山总站(高屋村),1,2,需核对,1320,,帽峰山（铜锣湾水库）(daf6c19e) || 帽峰山（高屋村）总站(07092e14),BV11204171
万胜围总,1,2,需核对,329,,万胜围总站(7ea70e68) || 万胜围(402fa95e),BV11011363
荔勤南路,1,2,需核对,501,,荔勤南路(b7959947) || 荔勤南路总站(4bc9917b),BV09149595
嘉禾总,1,2,需核对,4897,,嘉禾2(7cb14937) || 嘉禾（长红双和工业区）总站(1d5ebbbe),BV10017737
广汕路总站(科景路口),1,2,需核对,460,,广汕路（科景路口）总站(a64b881f) || 广汕路（科景路口）(6703c43d),BV09074106
水秀二路总,1,2,需核对,365,,水秀二路(b5ed393a) || 水秀二路（隽泷湾）总站(c1b1caea),BV11615374
水秀二路,1,2,需核对,365,,水秀二路(b5ed393a) || 水秀二路（隽泷湾）总站(c1b1caea),BV11615375
夏茅总#2,1,2,需核对,1310,,夏茅（白云湖公园）总站(b045cda7) || 夏茅(1168d3cb),BV10019542
玲洲,1,2,需核对,591,,玲洲总站(7fcae443) || 玲洲站(709238d9),BV11487751
东明墟,1,2,需核对,305,,东明墟(7c6ab423) || 东明墟总站(316305b8),BV10945043
洞庭路,1,2,需核对,593,,洞庭路（碧翠华庭）(98a5e5b2) || 洞庭路(f0902981),BV11518563
罗村中心广场,1,2,需核对,326,,罗村中心广场(b71e9961) || 罗村中心广场（罗村城区北）(4c1f44df),BV10432504
香山湖总,1,2,需核对,1196,,香山湖(f1a06182) || 香山湖总站(44ef1086),BV09237673
穗盐路总,1,2,需核对,1791,,穗盐路（雅居乐雍景豪园）总站(ab1dc06c) || 穗盐路(a032c054),BV10393984
地铁海涌路,1,2,需核对,556,,地铁海涌路分站(a8be2b1e) || 地铁海涌路站（海傍村）(20c7ffde),BV09350053
华景新城(南华路),1,2,需核对,329,,华景新城（南华路）(60195160) || 华景新城(eb607226),BV10019865
德贤路(时代雅苑),1,2,需核对,359,,德贤路(0f574d7b) || 德贤路（时代雅苑）(8cc03b76),BV11633334
广东国防教育基地总,1,2,需核对,442,,广东国防教育基地总站(aa8b32cf) || 广东国防教育基地(5cfb0f9d),BV10976452
平西村,1,2,需核对,304,,平西村(51b631aa) || 平西村总站(1ea41726),BV11431444
同和,7,4,疑似正常(同基名分站),263,,同和②(9db8ca7c) || 同和③(ee86f4f5) || 同和①(26e13b8b) || 同和(40c56343),BV09209226 / BV11688408 / BV09217029 / BV09041950 / BV09041949 / BV09399597 / BV10388514
梓元岗,6,3,疑似正常(同基名分站),277,,梓元岗①(9e504b0b) || 梓元岗②(51ba34d4) || 梓元岗③(c266ffbe),BV09368674 / BV09364515 / BV09368222 / BV09373815 / BV09391743 / BV09391742
陈家祠,5,2,疑似正常(同基名分站),206,,陈家祠|陈家祠1|陈家祠（停东行）|陈家祠（停西行）|陈家祠①(97deecec) || 陈家祠2(a6adace5),BV11596161 / BV09195327 / BV09177117 / BV09177116 / BV09271075
东风西路,5,3,疑似正常(同基名分站),152,,东风西路②(3e77be15) || 东风西路③(ceba057a) || 东风西路①(494a2ddc),BV09143805 / BV09230294 / BV09209214 / BV11687925 / BV09374493
广州大道南(叠景路口),4,3,疑似正常(同基名分站),283,,广州大道南（叠景路口）①(fc78d2ac) || 广州大道南（叠景路口）②(cc3cff23) || 广州大道南（叠景路口）③(92975ba6),BV09181701 / BV09184938 / BV09183567 / BV09238939
越秀公园,4,3,疑似正常(同基名分站),139,,越秀公园②(8a44f8f0) || 越秀公园③(df9c38c4) || 越秀公园①(aa449e04),BV11688125 / BV11596047 / BV09226094 / BV09266313
锦绣香江#1,4,2,疑似正常(同基名分站),173,,锦绣香江(2a059cf2) || 锦绣香江|锦绣香江分站(6838b0ec),BV09176206 / BV11206265 / BV09062269 / BV09062268
五山路口,4,2,疑似正常(同基名分站),266,,五山路口(3614aaac) || 五山路口①(d45621e7),BV11062767 / BV09366519 / BV09372736 / BV09368726
广东工大(地铁区庄站),4,3,疑似正常(同基名分站),254,,广东工大（地铁区庄站）①(dd64cafe) || 广东工大（地铁区庄站）1|广东工大（地铁区庄站）①(194c8ec6) || 广东工大（地铁区庄站）②(839bb372),BV09130295 / BV11688452 / BV09348370 / BV09048110
和平新村,4,3,疑似正常(同基名分站),300,,和平新村③(4b2372e5) || 和平新村②(7a92f0e6) || 和平新村①(675829c5),BV09010638 / BV11687875 / BV09238796 / BV09238795
石牌村#1,4,4,疑似正常(同基名分站),268,,石牌村②(4c7a3635) || 石牌村④(495d6a84) || 石牌村③(2f5e606e) || 石牌村①(082af2ef),BV10018369 / BV09387753 / BV09256767 / BV09256766
机场立交北,4,2,疑似正常(同基名分站),92,,机场立交北①(0c5017db) || 机场立交北②(555c4c19),BV10523474 / BV09214035 / BV09226069 / BV09226089
西塱,4,3,疑似正常(同基名分站),221,,西塱①(f0172c1b) || 西塱②|西塱(f6f89ac3) || 西塱(111ca270),BV09178250 / BV11687844 / BV09177350 / BV09041862
丹水坑,4,3,疑似正常(同基名分站),69,,丹水坑②(85bf2e58) || 丹水坑(efd07b76) || 丹水坑①(2a976c16),BV11687861 / BV09227576 / BV11484558 / BV09192168
金沙洲路,4,4,疑似正常(同基名分站),196,,金沙洲路②(e9e5e2de) || 金沙洲路②|金沙洲路③(b2a5c33f) || 金沙洲路①(4fdde5b2) || 金沙洲路(b42f3168),BV11688450 / BV09010641 / BV11329134 / BV09369963
燕塘企业,4,3,疑似正常(同基名分站),254,,燕塘企业①(c8b3456c) || 燕塘企业③|燕塘企业3(903e8201) || 燕塘企业②(4cadf386),BV09002629 / BV09341157 / BV09282019 / BV09282018
鹤龙四路(龙兴西路口),4,2,疑似正常(同基名分站),284,,鹤龙四路（龙兴西路口）①(5752f88d) || 鹤龙四路（龙兴西路口）②|鹤龙四路（龙兴西路口）(398848f8),BV09196447 / BV09226081 / BV09228303 / BV09194001
凌塘村,4,2,疑似正常(同基名分站),263,,凌塘村①|凌塘村|凌塘村1(a826a87f) || 凌塘村②|凌塘村(7033924a),BV09081166 / BV09324145 / BV11341513 / BV11689183
广东电视台,3,3,疑似正常(同基名分站),77,,广东电视台1|广东电视台①(e22c43f6) || 广东电视台2|广东电视台②(6bdae584) || 广东电视台(8c995ed3),BV11009136 / BV09226122 / BV09394368
小北,3,2,疑似正常(同基名分站),108,,小北①(69bb6df6) || 小北②(3d42926c),BV11688429 / BV09226117 / BV09226129
仓边路,3,2,疑似正常(同基名分站),194,,仓边路2|仓边路②(e23df607) || 仓边路①|仓边路1(cf6fd1a8),BV09357063 / BV09317752 / BV10013930
体育中心东门#1,3,3,疑似正常(同基名分站),134,,体育中心东门①(c6e49d8e) || 体育中心东门(b2a5423a) || 体育中心东门②(e33a7c22),BV09226124 / BV11678026 / BV09219091
江湾桥南,3,3,疑似正常(同基名分站),134,,江湾桥南1(dbc992d4) || 江湾桥南2(bb0a4094) || 江湾桥南(4c5c88cf),BV09359515 / BV11688521 / BV09172266
敦和,3,3,疑似正常(同基名分站),154,,敦和②(0a443f57) || 敦和③|敦和②(edd77436) || 敦和①(ce00fea7),BV11687930 / BV09406264 / BV09026856
广州大道中#1,3,3,疑似正常(同基名分站),294,,广州大道中②(ce745685) || 广州大道中③(c2d30945) || 广州大道中①(99e525a2),BV09230306 / BV11687847 / BV09382002
荔湾路口,3,2,疑似正常(同基名分站),68,,荔湾路口1(6801b80a) || 荔湾路口2|荔湾路口②(8b558bb2),BV09271782 / BV11164816 / BV10016144
中山八路,3,4,疑似正常(同基名分站),248,,中山八路①(d816c71e) || 中山八路②(a4fb540c) || 中山八路总站(4bc4ef73) || 中山八路(ec14de25),BV11688465 / BV09213747 / BV09167549
桥中,3,3,疑似正常(同基名分站),244,,桥中②(991ab33d) || 桥中站2|桥中(4b21e2d0) || 桥中1|桥中①(fc558b4c),BV09376898 / BV09003001 / BV11163379
文明路,3,4,疑似正常(同基名分站),165,,文明路②(cc93809f) || 文明路2(189b9016) || 文明路①(7cc3bdd5) || 文明路1|文明路①(c17f1561),BV09376614 / BV09398681 / BV09215180
农讲所,3,3,疑似正常(同基名分站),171,,农讲所②(50e41725) || 农讲所①(788e8289) || 农讲所总站(be702c48),BV11688432 / BV09201207 / BV09185490
小坪,3,2,疑似正常(同基名分站),247,,小坪①(e9f36394) || 小坪②(10677e5d),BV09226064 / BV11688428 / BV09209209
黄石路,3,3,疑似正常(同基名分站),111,,黄石路|黄石路②(9ba36eff) || 黄石路①(01fd81f5) || 黄石路②(fd93042e),BV11688426 / BV09351558 / BV09408943
黄石东路口,3,2,疑似正常(同基名分站),207,,黄石东路口①(29f842f3) || 黄石东路口②(0360db29),BV11167648 / BV09167548 / BV09005986
陈田村,3,2,疑似正常(同基名分站),207,,陈田村|陈田村②(6c5e44b0) || 陈田村(bd30aa83),BV11688417 / BV09163011 / BV09163012
元下田,3,2,疑似正常(同基名分站),208,,元下田②(817b89d9) || 元下田①(8470d39b),BV11687852 / BV09072536 / BV09161363
南方医院,3,3,疑似正常(同基名分站),223,,南方医院①(7946fdad) || 南方医院2(7ae0b47d) || 南方医院总站(b0c45965),BV11688389 / BV09199575 / BV09293281
南方大厦,3,2,疑似正常(同基名分站),288,,南方大厦2(0fd32fb8) || 南方大厦1(a4f83770),BV11688451 / BV09169831 / BV09192173
基立下道,3,4,疑似正常(同基名分站),270,,基立下道1(7f68aa66) || 基立下道①(da2337a8) || 基立下道2|基立下道②(5aa73865) || 基立下道③(a7b8ed4e),BV11621851 / BV11688513 / BV11621853
锦城花园,3,4,疑似正常(同基名分站),231,,锦城花园（东风东）总站(3dc7e6a9) || 锦城花园（四五八医院）|锦城花园（四五八医院）②(618032f5) || 锦城花园（四五八医院）①(ed7b4f20) || 锦城花园(e40aa578),BV10014572 / BV11171452 / BV09364274
荔湾路,3,2,疑似正常(同基名分站),116,,荔湾路①|荔湾路②(ad21b5d0) || 荔湾路①(97b4db16),BV09162065 / BV09233339 / BV09374429
彩虹桥#1,3,2,疑似正常(同基名分站),131,,彩虹桥①(e2fc5826) || 彩虹桥②(dce4224b),BV09230293 / BV09162064 / BV09001152
广医,3,3,疑似正常(同基名分站),141,,广医③(b0b5fa83) || 广医②(ed63c001) || 广医①(2bd9e947),BV11167722 / BV11688391 / BV09186856
正骨医院,3,2,疑似正常(同基名分站),54,,正骨医院①(348a5b68) || 正骨医院②|正骨医院①(2e7ca290),BV09230309 / BV09230308 / BV11688485
动物园南门,3,2,疑似正常(同基名分站),240,,动物园南门①(55534a7f) || 动物园南门②(811ca2f8),BV09230318 / BV11688456 / BV09226115
豪景花园,3,4,疑似正常(同基名分站),201,,豪景花园②(09701d02) || 豪景花园③|豪景花园(3289c699) || 豪景花园①(acced089) || 豪景花园(6d3ae746),BV09314787 / BV10326995 / BV09097374
天河,3,2,疑似正常(同基名分站),122,,天河②(4eea13a1) || 天河①(ddb17a01),BV11462418 / BV09321905 / BV09348371
冼村,3,3,疑似正常(同基名分站),192,,冼村③(7157a05e) || 冼村②(8fa64e29) || 冼村①(0262c5c4),BV09262063 / BV11086798 / BV09323877
华侨医院(潭村),3,3,疑似正常(同基名分站),249,,华侨医院（潭村）(e7dceb52) || 华侨医院（潭村）①|华侨医院（谭村）①(a9227a17) || 华侨医院（潭村）②(40393410),BV09067059 / BV10539406 / BV09232892
员村山顶,3,3,疑似正常(同基名分站),200,,员村山顶②|员村山顶①(4c9dbca8) || 员村山顶②(7fa0726b) || 员村山顶③(111f7607),BV09285359 / BV09006109 / BV09285360
天寿路,3,3,疑似正常(同基名分站),90,,天寿路①(6ba2105b) || 天寿路(ae4d2651) || 天寿路②(4cc99163),BV11688551 / BV09306449 / BV09310406
天河南,3,3,疑似正常(同基名分站),192,,天河南②(0986174e) || 天河南①(a420c49e) || 天河南③(d6dd1ba0),BV10405865 / BV11431965 / BV10017705
地铁市二宫,3,2,疑似正常(同基名分站),70,,地铁市二宫站(2bd72377) || 地铁市二宫站①(3380a100),BV10388873 / BV09232762 / BV09403509
省荣军医院(荣校),3,2,疑似正常(同基名分站),300,,省荣军医院（荣校）①(ef020f5c) || 省荣军医院（荣校）②(d872d72c),BV11688347 / BV09091929 / BV09335698
中山大学,3,3,疑似正常(同基名分站),255,,中山大学②(138c75a0) || 中山大学①(6db0e6a4) || 中山大学③(79c43c25),BV11687965 / BV09193343 / BV09243523
江海大道中,3,2,疑似正常(同基名分站),290,,江海大道中1(48b70a5f) || 江海大道中2(cc01492a),BV09319409 / BV09316963 / BV11687940
动物园,3,3,疑似正常(同基名分站),63,,动物园|动物园1(8fe1eb3f) || 动物园|动物园1(02de5947) || 动物园2|动物园(dadd1e10),BV09327047 / BV10014267 / BV09340465
沙河大街,3,3,疑似正常(同基名分站),236,,沙河大街①(4251090c) || 沙河大街(9d3f552d) || 沙河大街②(ee44c9f4),BV09330208 / BV10014271 / BV09332378
机场路岗贝路口(省二医民航院区),3,2,疑似正常(同基名分站),266,,机场路岗贝路口（省二医民航院区）②(017d1296) || 机场路岗贝路口（省二医民航院区）①(3e8dc60d),BV11688420 / BV09091930 / BV09226068
大金钟路,3,3,疑似正常(同基名分站),160,,大金钟路①(d033c0be) || 大金钟路(c07146cf) || 大金钟路②(29ae0e2c),BV11481120 / BV11167255 / BV10388880
沙涌#1,3,2,疑似正常(同基名分站),184,,沙涌（三元里大道）①|沙涌（三元里大道）②(0afd84be) || 沙涌（三元里大道）①(3d52dd3c),BV10713660 / BV09167550 / BV09080691
三元里大道中,3,3,疑似正常(同基名分站),196,,三元里大道中①(ed840171) || 三元里大道中③(6c2721cd) || 三元里大道中②(f5e0c490),BV11687945 / BV09341551 / BV09164965
棠溪,3,3,疑似正常(同基名分站),214,,棠溪(b02d1f22) || 棠溪①(94e0cfee) || 棠溪②(45b0f1e7),BV09001423 / BV11562315 / BV09045365
黄石路口,3,3,疑似正常(同基名分站),233,,黄石路口（地铁马务站）①(bc1d68b6) || 黄石路口（地铁马务站）|黄石路口（地铁马务站）②(041c2292) || 黄石路口（地铁马务站）②(c2a7b1f7),BV11623985 / BV10013753 / BV09226098
克山,3,2,疑似正常(同基名分站),297,,克山1(9c415cff) || 克山1|克山②(10218f9e),BV09377937 / BV11102072 / BV09010643
嘉鸿花园,3,2,疑似正常(同基名分站),47,,嘉鸿花园②(eb0ca6f4) || 嘉鸿花园①(a9ad7c7d),BV09083275 / BV10021775 / BV09360318
三元里大道(桂花岗),3,3,疑似正常(同基名分站),255,,三元里大道（桂花岗）(26e652b6) || 三元里大道（桂花岗）②(9173559d) || 三元里大道（桂花岗）①(228e002e),BV11478560 / BV11576966 / BV11478033
广医二院,3,2,疑似正常(同基名分站),134,,广医二院①|广医二院1(1320b236) || 广医二院②|广医二院2(dbd0926c),BV09374184 / BV09355451 / BV11688346
中山六路,3,3,疑似正常(同基名分站),197,,中山六路(bea2d8ea) || 中山六路②(bd4b86d4) || 中山六路①(4353afb6),BV09317509 / BV09340303 / BV09087077
山村#1,3,2,疑似正常(同基名分站),233,,山村（地铁石围塘站）①(9cd72e60) || 山村（地铁石围塘站）②(69003896),BV09254332 / BV11687869 / BV09250343
云城南,3,2,疑似正常(同基名分站),222,,云城南2(e54b78ec) || 云城南①(5233e69b),BV10013708 / BV09226082 / BV09406832
六二三路,3,2,疑似正常(同基名分站),273,,六二三路①(d56118df) || 六二三路②(6bb4a9ed),BV11688352 / BV09355408 / BV09360104
市中医院,3,3,疑似正常(同基名分站),293,,市中医院①(a9f45a8a) || 市中医院②(1da86fbc) || 市中医院(114489ec),BV09000996 / BV09165635 / BV09385884
清湖村口,3,2,疑似正常(同基名分站),236,,清湖村口②(a6b412be) || 清湖村口①(13e8d085),BV09165291 / BV09226087 / BV11690766
联和,3,2,疑似正常(同基名分站),161,,联和①(9d453cbf) || 联和②(67deea29),BV11687903 / BV09226063 / BV11637999
广外(白云山西门)#1,3,2,疑似正常(同基名分站),273,,广外（白云山西门）②(fa10ea1b) || 广外（白云山西门）①(6849a943),BV09091928 / BV11088402 / BV09176205
白云区政务中心,3,2,疑似正常(同基名分站),70,,白云区政务中心（地铁乐嘉路站）②(58029333) || 白云区政务中心（地铁乐嘉路站）(0b7a7758),BV09000545 / BV09226078 / BV09172232
岑村小学,3,3,疑似正常(同基名分站),133,,岑村小学(a341fe46) || 岑村小学②(7b0d17e2) || 岑村小学①(2bd5fc3e),BV09115544 / BV09115545 / BV10019106
长兴路口,3,3,疑似正常(同基名分站),63,,长兴路口②(16961377) || 长兴路口(9eaba989) || 长兴路口①(84c4dc56),BV10807934 / BV09400278 / BV09400271
武警医院#1,3,2,疑似正常(同基名分站),82,,武警医院②(33c80c7b) || 武警医院①|武警医院1(2ddacbf0),BV11687881 / BV09344864 / BV09260273
地铁萝岗,3,3,疑似正常(同基名分站),107,,地铁萝岗站(7fac4736) || 地铁萝岗站②(906f71fa) || 地铁萝岗站①(c6b7bc8f),BV09192165 / BV10845332 / BV09192166
加庄,3,3,疑似正常(同基名分站),268,,加庄(f9e03895) || 加庄①(5a72518b) || 加庄②(48fcae21),BV09198380 / BV09232680 / BV09232679
碧山村,3,3,疑似正常(同基名分站),137,,碧山村①(bc84f7be) || 碧山村(11e738b7) || 碧山村②(cf800595),BV09005647 / BV11621196 / BV09072664
新丰路口站(永顺大道),3,3,疑似正常(同基名分站),275,,新丰路口②(207815ee) || 新丰路口1|新丰路口(9bfa858a) || 新丰路口①(9960de65),BV11688330 / BV09209215 / BV09287310
家家乐医院,3,3,疑似正常(同基名分站),98,,家家乐医院②(510beca5) || 家家乐医院(7b9aecbe) || 家家乐医院①(91ac2f43),BV09291510 / BV11688359 / BV09212869
开发区路口,3,3,疑似正常(同基名分站),89,,开发区路口(539abcef) || 开发区路口1|开发区路口①(b7075912) || 开发区路口2(e85cd755),BV11689283 / BV09223984 / BV09223988
竹料墟,3,2,疑似正常(同基名分站),72,,竹料墟①(f383522e) || 竹料墟(33dfc010),BV10014397 / BV09036708 / BV09033709
地铁从化客运站(姓钟围),3,3,疑似正常(同基名分站),226,,地铁从化客运站②(27b49263) || 地铁从化客运站（姓钟围）(b8c84e06) || 地铁从化客运站①(b624a7d1),BV11168223 / BV11154169 / BV11154757
大江路口,3,2,疑似正常(同基名分站),21,,大江路口(7f3ecd9d) || 大江路口②(19dd6201),BV09177200 / BV11442559 / BV11442558
地铁横沙,3,2,疑似正常(同基名分站),70,,地铁横沙站①(3bda4851) || 地铁横沙站(31ce6f65),BV10016979 / BV09315831 / BV11621971
白云宾馆,2,4,疑似正常(同基名分站),291,,白云宾馆4(166b81fc) || 白云宾馆2(dbc8de45) || 白云宾馆3(9d191f10) || 白云宾馆①(554882ab),BV11009137 / BV09226118
小北花圈,2,2,疑似正常(同基名分站),207,,小北花圈②(a88c32e5) || 小北花圈①(ce63e316),BV09316767 / BV10013929
文德路,2,2,疑似正常(同基名分站),101,,文德路2(5ba8c99f) || 文德路1(55da7b75),BV11688482 / BV09317748
堑口,2,2,疑似正常(同基名分站),184,,堑口②(ae7f9cb4) || 堑口1(9dff74cc),BV10885474 / BV09179585
洪德路,2,3,疑似正常(同基名分站),123,,洪德路(8abc6f41) || 洪德路②(5460dd60) || 洪德路①(179bface),BV11688508 / BV09200956
革新路口,2,3,疑似正常(同基名分站),150,,革新路口(f71670a0) || 革新路口②(50fef3fd) || 革新路口①(aa79ae84),BV09006413 / BV09314790
凤凰新村(宝业路口),2,3,疑似正常(同基名分站),295,,凤凰新村（宝业路口）①(3c21d142) || 凤凰新村（宝业路口）(a752e512) || 凤凰新村（宝业路口）②(16b4ddbd),BV10018366 / BV11627319
市红会医院,2,2,疑似正常(同基名分站),147,,市红会医院2(65650fe3) || 市红会医院|市红会医院①(d8c60d58),BV10016127 / BV09226102
江南大道北,2,3,疑似正常(同基名分站),120,,江南大道北②(38c84921) || 江南大道北(ecbb08be) || 江南大道北①(625b7d36),BV10016114 / BV09243516
海珠广场(一德东),2,2,疑似正常(同基名分站),234,,海珠广场(c2a751b1) || 海珠广场（一德东）(2c3dc01e),BV10018596 / BV11261876
林和中路,2,2,疑似正常(同基名分站),106,,林和中路①(bbe78d97) || 林和中路②(3ae35b4f),BV09310407 / BV10017488
南田西,2,3,疑似正常(同基名分站),258,,南田西1(a22ee353) || 南田西(ce13f0cf) || 南田西②|南田西2(f46e03a1),BV10715984 / BV09222640
海珠区妇幼,2,3,疑似正常(同基名分站),160,,海珠区妇幼(95c8cdef) || 海珠区妇幼②(8e305fa1) || 海珠区妇幼①(cf4691c7),BV10016125 / BV09226104
江南新村(骨伤科医院)#1,2,2,疑似正常(同基名分站),245,,江南新村(5dab06b6) || 江南新村（骨伤科医院）(3f92276f),BV09387478 / BV10018367
地铁洛溪站(新浦路),2,2,疑似正常(同基名分站),235,,地铁洛溪站(1101baad) || 地铁洛溪站（新浦路）(930d0e80),BV10015048 / BV09201158
上涌,2,3,疑似正常(同基名分站),120,,上涌②(9862516c) || 上涌①(492315f9) || 上涌③(e809739b),BV09175488 / BV10014360
时代广场#1,2,3,疑似正常(同基名分站),122,,时代广场(fabbd13a) || 时代广场2(320bad74) || 时代广场1(5ead7b65),BV11481123 / BV09309831
洛溪新城,2,2,疑似正常(同基名分站),92,,洛溪新城分站(088cb3d3) || 洛溪新城(1c6dcc90),BV09239308 / BV11688563
桂花岗,2,3,疑似正常(同基名分站),102,,桂花岗②(6441ebf9) || 桂花岗(cd72ef5b) || 桂花岗①(471ba0af),BV10016229 / BV11477575
迎宾馆,2,2,疑似正常(同基名分站),170,,迎宾馆①(f79d0014) || 迎宾馆2|迎宾馆②(609f4990),BV11091393 / BV11596048
解放中路,2,4,疑似正常(同基名分站),184,,解放中路3(73e31ce7) || 解放中路1(984981fe) || 解放中路②(98924fe2) || 解放中路1(4aa260d8),BV11688461 / BV09226097
石路基,2,2,疑似正常(同基名分站),82,,石路基①(c6568440) || 石路基②(278c91df),BV11688484 / BV09337403
东升医院,2,3,疑似正常(同基名分站),60,,东升医院1(aafc7149) || 东升医院(9a2121be) || 东升医院②(f35f36ec),BV11688394 / BV09295166
海珠客运,2,2,疑似正常(同基名分站),218,,海珠客运站②(c5a0ab3d) || 海珠客运站①|海珠客运站②(f559d47f),BV11196681 / BV10015271
大沙头游船码头,2,3,疑似正常(同基名分站),243,,大沙头游船码头②(4cd1da03) || 大沙头游船码头(1e2e8648) || 大沙头游船码头①(957908dc),BV11688483 / BV09278983
越秀南路,2,2,疑似正常(同基名分站),183,,越秀南路①(3a8a46f6) || 越秀南路②(4e55b7d4),BV11687913 / BV09319720
中山图书馆,2,2,疑似正常(同基名分站),96,,中山图书馆②(c4675f07) || 中山图书馆①(395c1080),BV11687849 / BV09376612
越秀桥,2,2,疑似正常(同基名分站),69,,越秀桥②(af006682) || 越秀桥①(1b2d9e8a),BV09246905 / BV11688510
白云路,2,3,疑似正常(同基名分站),239,,白云路②(735a958e) || 白云路(37fcab0a) || 白云路①(35527bfe),BV11688476 / BV09376615
石井文化广场(石丰路),2,2,疑似正常(同基名分站),213,,石井文化广场（石丰路）|石井文化广场（石丰路）①(02f75bd2) || 石井文化广场（石丰路）②(c5b0dbb3),BV11688403 / BV09245150
小坪立交桥,2,3,疑似正常(同基名分站),39,,小坪立交桥②(9a74000d) || 小坪立交桥(4b7936e6) || 小坪立交桥①|小坪立交桥1(76bb3dcd),BV10013750 / BV09226107
马务,2,3,疑似正常(同基名分站),131,,马务①(f65d2e53) || 马务(edd443a8) || 马务②(26b7cadc),BV11688360 / BV09226099
元岗路(南兴花园),2,2,疑似正常(同基名分站),220,,元岗路(adc6b7ce) || 元岗路（南兴花园）(0dc93759),BV10016357 / BV11607313
人民南路,2,2,疑似正常(同基名分站),140,,人民南路①(c657c27f) || 人民南路②(a6d212e1),BV11688400 / BV09319719
大新路口,2,2,疑似正常(同基名分站),176,,大新路口①(c8291efa) || 大新路口②(11bd0957),BV11688396 / BV09340762
中山七路,2,3,疑似正常(同基名分站),281,,中山七路1(93bae669) || 中山七路(bffeb27a) || 中山七路2(f4f14df6),BV10016143 / BV09194673
农林东,2,3,疑似正常(同基名分站),129,,农林东(bf2f98db) || 农林东①(eaf32acc) || 农林东②(d952ca6a),BV11688478 / BV09172267
广州大桥北站(五羊邨),2,4,疑似正常(同基名分站),231,,广州大桥北（五羊邨）②(40f123a0) || 广州大桥北（五羊邨）③(cfa8d8bd) || 广州大桥北（五羊邨）①(d8e10de2) || 广州大桥北（五羊邨）3(a136e162),BV11474544 / BV09377936
珠影(地铁客村站),2,3,疑似正常(同基名分站),187,,珠影（地铁客村站）②(c71aa5a3) || 珠影（地铁客村站）①(9675f632) || 珠影总站(dae3d280),BV10013679 / BV09316964
市少年宫,2,2,疑似正常(同基名分站),107,,市少年宫①(78089174) || 市少年宫②(656d085a),BV09229322 / BV11688449
广东大厦,2,2,疑似正常(同基名分站),92,,广东大厦①(50c1f8bb) || 广东大厦②(ecb68dbd),BV09205705 / BV10016774
富力环市西苑(西村),2,4,疑似正常(同基名分站),239,,富力环市西苑（西村）①(3cbb5a0b) || 富力环市西苑（西村）(916ddfdd) || 富力环市西苑（西村）②(7e3c73b0) || 富力环市西苑（西村）③(b78dccbd),BV09000538 / BV10013767
西湾和苑,2,3,疑似正常(同基名分站),82,,西湾和苑2(9eb5c0c8) || 西湾和苑(1da8caff) || 西湾和苑1(6a5372a4),BV09006146 / BV09317154
横滘,2,3,疑似正常(同基名分站),179,,横滘2(55629d1d) || 横滘①(b29d15d5) || 横滘1(580ae3c3),BV09000553 / BV09307684
天河东路,2,3,疑似正常(同基名分站),108,,天河东路(371f0ac7) || 天河东路①(ad40481d) || 天河东路②(089f369e),BV11688544 / BV09310405
琶洲大桥南,2,2,疑似正常(同基名分站),147,,琶洲大桥南(8052c6b8) || 琶洲大桥南①(ad9762f7),BV10013858 / BV09345099
花城大道(华穗路口)#1,2,2,疑似正常(同基名分站),295,,花城大道(100080d1) || 花城大道（华穗路口）(2773729e),BV11462417 / BV10021402
人民日报广东分社,2,2,疑似正常(同基名分站),233,,人民日报广东分社3|人民日报广东分社2(85024a0d) || 人民日报广东分社(a7d70d23),BV11688536 / BV09313214
广卫路总,2,4,疑似正常(同基名分站),204,,广卫路总站①|广卫路总站3(101410b2) || 广卫路总站(a2308736) || 广卫路总站(40424e63) || 广卫路总站④(a7d8af1a),BV10013719 / BV09174824
解放南路,2,2,疑似正常(同基名分站),208,,解放南路①(a48d659a) || 解放南路②(ceffcefa),BV11688454 / BV09226091
江南大道中,2,3,疑似正常(同基名分站),151,,江南大道中1|江南大道中①(1d320d6c) || 江南大道中(05a8cab4) || 江南大道中2(02d8b400),BV10015712 / BV09228038
芳村合兴苑,2,3,疑似正常(同基名分站),165,,芳村合兴苑①(7ef94597) || 芳村合兴苑(4f777c30) || 芳村合兴苑②(8e2ff130),BV11688507 / BV09259264
白云山管理局,2,3,疑似正常(同基名分站),104,,白云山管理局(a98d1654) || 白云山管理局①(265ff2f1) || 白云山管理局②(4e3c94b1),BV10013651 / BV09329720
沙河,2,2,疑似正常(同基名分站),77,,沙河②(9b90a65a) || 沙河①(855432d6),BV09263630 / BV09375063
景泰坑,2,3,疑似正常(同基名分站),236,,景泰坑(0ef92448) || 景泰坑1(d596445e) || 景泰坑2(75320a31),BV11088401 / BV09304041
金碧花园,2,2,疑似正常(同基名分站),210,,金碧花园①(7f832c1b) || 金碧花园②(97389410),BV09245151 / BV09407139
新滘西路口,2,2,疑似正常(同基名分站),299,,新滘西路口②(91d66325) || 新滘西路口①(a9d7eccf),BV09243519 / BV09360317
礼岗,2,3,疑似正常(同基名分站),117,,礼岗（省口腔医院）(976a8f81) || 礼岗（省口腔医院）②(ccf035f9) || 礼岗（省口腔医院）①(b4037247),BV10016110 / BV09226106
华海大厦,2,2,疑似正常(同基名分站),238,,华海大厦②(3beb7ee0) || 华海大厦①(ccd0505d),BV10015713 / BV09317631
南村#1,2,2,疑似正常(同基名分站),228,,南村2(b1412dc6) || 南村1|南村①(0c13ce10),BV09316713 / BV11688567
盘福路,2,3,疑似正常(同基名分站),175,,盘福路(b310045c) || 盘福路(18dce651) || 盘福路①(32a2e43f),BV11091396 / BV09227578
越秀公园北门,2,2,疑似正常(同基名分站),116,,越秀公园北门①(3a82a153) || 越秀公园北门②(4f5535fe),BV09226120 / BV09010640
珠江医院总,2,2,疑似正常(同基名分站),39,,珠江医院总站(86411bbe) || 珠江医院总站1(82716974),BV09245917 / BV10021721
雕塑公园,2,3,疑似正常(同基名分站),50,,雕塑公园(f94bb9aa) || 雕塑公园②(8bd4ce5d) || 雕塑公园①|雕塑公园1(cf7de2f4),BV11554813 / BV09317749
天河立交,2,3,疑似正常(同基名分站),296,,天河立交(ff15f994) || 天河立交1(bfcb2b15) || 天河立交②(75c0ee58),BV10013640 / BV09226112
猎德大道北,2,3,疑似正常(同基名分站),36,,猎德大道北①(1d418861) || 猎德大道北(bc2ba30f) || 猎德大道北②(f460ecf7),BV11688556 / BV09413161
富力半岛花园,2,3,疑似正常(同基名分站),297,,富力半岛花园①(7e7e9a7d) || 富力半岛花园2(6c4bbe35) || 富力半岛花园(5c917474),BV10461190 / BV09006431
芳村,2,3,疑似正常(同基名分站),223,,芳村①(559cbb0e) || 芳村(a6d1c22e) || 芳村②(18e4d5db),BV09177348 / BV11688439
鹤洞路西,2,3,疑似正常(同基名分站),226,,鹤洞路西(82639c2f) || 鹤洞路西②(4d1e14fd) || 鹤洞路西①(e8d99857),BV09001134 / BV09199072
杨箕村,2,3,疑似正常(同基名分站),106,,杨箕村(3cc2233f) || 杨箕村1(61c92c84) || 杨箕村②(e4b761dc),BV11688472 / BV09312331
花地大道,2,3,疑似正常(同基名分站),15,,花地大道(7201cc18) || 花地大道①(bc4a3c33) || 花地大道②(e0e8b4cf),BV09001039 / BV09163014
芳村客运,2,2,疑似正常(同基名分站),74,,芳村客运站①(aebf6f50) || 芳村客运站(c27bd85f),BV10014060 / BV09307685
员村东,2,3,疑似正常(同基名分站),87,,员村东(a138afc8) || 员村东②(70a4cecd) || 员村东①(a8420e0b),BV09243513 / BV09291509
平沙,2,2,疑似正常(同基名分站),250,,平沙①(2d1c8e7c) || 平沙(53537d09),BV09226062 / BV11688453
鹤南(兵房街),2,2,疑似正常(同基名分站),196,,鹤南(47eae4ec) || 鹤南（兵房街）(d59ab203),BV09001451 / BV10405425
康王南路,2,3,疑似正常(同基名分站),146,,康王南路(3661b991) || 康王南路①(3ba54577) || 康王南路②(ec3d847a),BV11688480 / BV09328895
海港花园,2,3,疑似正常(同基名分站),249,,海港花园②(b88d4509) || 海港花园(30a3f4ba) || 海港花园①(ae5cf88e),BV10569365 / BV09269675
太和文化广场,2,3,疑似正常(同基名分站),285,,太和文化广场②(bbb0ebb9) || 太和文化广场(9abd8c61) || 太和文化广场①(bdf3f8b2),BV09319309 / BV09005242
市交校,2,3,疑似正常(同基名分站),88,,市交校(65ef9f94) || 市交校①(f2626901) || 市交校②(f0a14ea0),BV10014469 / BV09226088
嘉禾,2,2,疑似正常(同基名分站),226,,嘉禾②|嘉禾2(7cb14937) || 嘉禾1(481000ae),BV10014476 / BV09226080
远景路,2,3,疑似正常(同基名分站),235,,远景路①(492d30fe) || 远景路②(b3ec5cf2) || 远景路(d64fb901),BV09168358 / BV11688397
岑村红花岗,2,3,疑似正常(同基名分站),41,,岑村红花岗(99d4f24b) || 岑村红花岗②(8662a083) || 岑村红花岗①(f418583a),BV11689166 / BV09370266
城西花园,2,2,疑似正常(同基名分站),118,,城西花园|城西花园①(de8a2adf) || 城西花园总站②(24248611),BV11688445 / BV09244061
金沙洲大桥西,2,3,疑似正常(同基名分站),285,,金沙洲大桥西②(cce60f9a) || 金沙洲大桥西(a9731938) || 金沙洲大桥西①(289a5456),BV10713669 / BV09010639
龙美村(迎新路),2,2,疑似正常(同基名分站),235,,龙美村(e53defa2) || 龙美村（迎新路）(fabb3327),BV09374430 / BV10020032
地铁大石(新光快速),2,2,疑似正常(同基名分站),229,,地铁大石站(6ec1cc2c) || 地铁大石站（新光辅道）(bde9243c),BV10020322 / BV11685768
上堂,2,3,疑似正常(同基名分站),277,,上堂(46f36c39) || 上堂①(27dc4c40) || 上堂②(a95a020c),BV09169832 / BV11690379
布岭路(新业路口),2,2,疑似正常(同基名分站),269,,布岭路(8ad9f712) || 布岭路（新业路口）(3306bccd),BV11314255 / BV11314256
光谱东路(新乐路口),2,2,疑似正常(同基名分站),243,,光谱东路(1d158ba2) || 光谱东路（新乐路口）(bd2c5690),BV10017537 / BV11497597
科学大道口,2,3,疑似正常(同基名分站),69,,科学大道口(eaca447f) || 科学大道口①(b29846d4) || 科学大道口②(169ecdc7),BV11687887 / BV09212867
来安四街(珠江嘉园),2,2,疑似正常(同基名分站),139,,来安四街(859fa1f1) || 来安四街（珠江嘉园）(e6c033fb),BV10013842 / BV10871156
莲溪,2,3,疑似正常(同基名分站),229,,莲溪(0d033b32) || BRT莲溪1|莲溪①(6651f8ef) || BRT莲溪2(2c066a66),BV09246211 / BV09326646
下沙,2,2,疑似正常(同基名分站),174,,下沙(7d9f9061) || 下沙①(6f8ec6f3),BV10019592 / BV11386267
下南路口,2,2,疑似正常(同基名分站),84,,下南路口2(b22d9df4) || 下南路口①(2d212ead),BV09370220 / BV10013787
珠村,2,3,疑似正常(同基名分站),161,,珠村(4c415e52) || BRT珠村2(e091e520) || BRT珠村1|珠村①(3f9d959c),BV10014557 / BV11502696
珠江村,2,3,疑似正常(同基名分站),234,,珠江村(da915c28) || BRT珠江村1|珠江村①(a9db998c) || BRT珠江村2(0da158d9),BV10018093 / BV11386251
地铁香雪,2,2,疑似正常(同基名分站),24,,地铁香雪站②(43e4c3b9) || 地铁香雪站(9c454e0a),BV10845329 / BV09192170
知新路总站(万科幸福荟),2,2,疑似正常(同基名分站),173,,知新路（万科幸福荟）总站(0d22c2cf) || 知新路（含英一路口）(5f4fd28d),BV09367802 / BV09367801
暨华医院(南安村),2,2,疑似正常(同基名分站),174,,暨华医院（南安村）|暨华医院(d5f454d0) || 暨华医院（南安村）(a7fbce0f),BV10860771 / BV11584435
乌冲,2,3,疑似正常(同基名分站),211,,乌冲(c870a595) || 乌冲①(c4345702) || BRT乌冲2(f178084c),BV11386241 / BV10019591
起义路口,2,2,疑似正常(同基名分站),51,,起义路口1(ed3c404c) || 起义路口①|起义路口(91a370c3),BV10016248 / BV09376640
龙洞东路(天源路口),2,2,疑似正常(同基名分站),242,,龙洞东路(fa8573f7) || 龙洞东路（天源路口）(c60bed52),BV10014440 / BV10567098
石槎路(地铁聚龙站),2,3,疑似正常(同基名分站),69,,石槎路（地铁聚龙站）②(57d9c917) || 石槎路（地铁聚龙站）(c7b9547c) || 石槎路（地铁聚龙站）①(3a68e255),BV09242095 / BV11464892
太和总#1,2,5,疑似正常(同基名分站),215,,太和总站③(eb57e912) || 太和总站①(5730d8e7) || 太和总站(819fb5d7) || 太和总站|太和总站②(41bc3068) || 太和总站④(f8b63d8b),BV10019029 / BV09173927
人爱医院(龙珠路),2,2,疑似正常(同基名分站),271,,人爱医院(9bccb277) || 人爱医院（龙珠路）|人爱医院(3cb88bd4),BV11494118 / BV10915701
石牌桥,2,3,疑似正常(同基名分站),190,,BRT石牌桥1|BRT石牌桥2|BRT石牌桥3(1417f9de) || BRT石牌桥1(2c863d40) || BRT石牌桥3(6818651b),BV10014527 / BV11694311
师大暨大,2,5,疑似正常(同基名分站),231,,师大暨大(0ff14575) || BRT师大暨大2(746ed63a) || BRT师大暨大1(92f2d679) || BRT师大暨大4(a460a42f) || BRT师大暨大③(aaf8e959),BV09241986 / BV11688561
棠东,2,6,疑似正常(同基名分站),150,,BRT棠东2(23edc77e) || BRT棠东2(607bd625) || BRT棠东1(407871c5) || BRT棠东3(b3b79c49) || BRT棠东1(5e343ae9) || BRT棠东1|BRT棠东①|棠东BRT站3|棠东(48bbbae2),BV11694280 / BV10014607
天朗明居,2,5,疑似正常(同基名分站),214,,BRT天朗明居1(f923d57e) || 天朗明居③(4f4fc9d0) || 天朗明居③(220e9371) || BRT天朗明居2|天朗明居(c2a16984) || BRT天朗明居2(c3af8e9e),BV11693217 / BV10014609
双岗,2,3,疑似正常(同基名分站),167,,BRT双岗1(26d7581c) || BRT双岗2(49c1fbed) || 双岗(11538d3c),BV11386234 / BV10014598
沙浦,2,3,疑似正常(同基名分站),214,,BRT沙浦1(90b6ebd3) || BRT沙浦(6beff392) || 沙浦(e638da20),BV11386265 / BV10014600
南海神庙,2,2,疑似正常(同基名分站),134,,BRT南海神庙1|BRT南海神庙(f54f160c) || 南海神庙(0bf1dd7e),BV11386237 / BV10014601
庙头,2,2,疑似正常(同基名分站),223,,庙头①(4d322f66) || 庙头(b28ba5f7),BV11386258 / BV10014602
南湾,2,3,疑似正常(同基名分站),154,,BRT南湾1|南湾(09704633) || BRT南湾(f6154c08) || 南湾(26905427),BV11386229 / BV10014603
神棋路口(G355线),2,2,疑似正常(同基名分站),139,,神棋路口(52163ce1) || 神棋路口（S355线）(670aa7a5),BV10621025 / BV11626271
宣星路口(星光五金水电商场),2,3,疑似正常(同基名分站),130,,宣星路口(61af9e51) || 宣星路口②|宣星路口②（北行）(c29e2b89) || 宣星路口①(35af138d),BV10022860 / BV11359301
广佛路口(滘口客运站),2,3,疑似正常(同基名分站),160,,广佛路口（滘口客运站）(6ba8d2cb) || 广佛路口（滘口客运站）|广佛路口（滘口客运站）②(9a9d2257) || 广佛路口（滘口客运站）①(11f5e600),BV09006180 / BV09376899
雄峰商城(105国道),2,2,疑似正常(同基名分站),277,,雄峰商城（105国道）(34277251) || 雄峰商城总站(c4f5cdbf),BV10023079 / BV11607755
万科海上明月,2,2,疑似正常(同基名分站),280,,万科海上明月站①(686d4588) || 万科海上明月站(c4a0efd3),BV11443817 / BV09010681
高新沙路口,2,2,疑似正常(同基名分站),149,,高新沙路口(b63c4868) || 高新沙路口①(74d6b1a8),BV09100634 / BV10014985
金海岸花园,2,2,疑似正常(同基名分站),231,,金海岸花园(b3753a78) || 金海岸花园分站(6a8c5aa3),BV11687946 / BV09305008
交通大厦,2,2,疑似正常(同基名分站),266,,交通大厦分站(cd819a96) || 交通大厦|交通大厦站(7180f58a),BV11131149 / BV11689917
星海公园,2,2,疑似正常(同基名分站),76,,星海公园(ba567784) || 星海公园分站(24657fac),BV10014904 / BV11132547
大北路,2,2,疑似正常(同基名分站),134,,大北路(5d4d4116) || 大北路分站(e5a0c26b),BV09000378 / BV11131343
中医院#1,2,2,疑似正常(同基名分站),191,,中医院分站(c052a48e) || 中医院(199ff5ce),BV11131300 / BV09245149
荔城三中(A站),2,2,疑似正常(同基名分站),227,,荔城三中(39bf8394) || 荔城三中（A站）(4a5a7f2c),BV10020763 / BV09173467
新塘牛仔城(A),2,2,疑似正常(同基名分站),90,,新塘牛仔城（A）(d5ba6073) || 新塘牛仔城(3802cbf2),BV11504203 / BV11689290
华侨城,2,2,疑似正常(同基名分站),126,,华侨城(c57524b6) || 华侨城(7b7f9dbb),BV09005810 / BV11132734
钟村文化广场(钟屏路),2,2,疑似正常(同基名分站),141,,钟村文化广场（钟屏路）(d2679de9) || 钟村文化广场（钟屏路）(4967ec28),BV11689918 / BV10014963
中华大道(德贤路口),2,2,疑似正常(同基名分站),263,,中华大道（德贤路口）(847b9744) || 中华大道（昊龙花园）(41e3a6be),BV11372023 / BV11377471
东莞庄(广花路)#1,2,2,疑似正常(同基名分站),5,,东莞庄（x264）|东莞庄（广花路）(8705b56c) || 东莞庄（x264）|东莞庄(d3dc4547),BV11624933 / BV10432288
海珠广场(侨光西),1,2,疑似正常(同基名分站),69,,海珠广场（侨光西）①(7d72dac3) || 海珠广场（侨光西）②(268ca84b),BV11261928
梅园西,1,3,疑似正常(同基名分站),299,,梅园西（地铁凤凰新村站）(66209f98) || 梅园西（地铁凤凰新村站）②(ef76ebb1) || 梅园西（地铁凤凰新村站）①(da78a999),BV09005236
沙园,1,3,疑似正常(同基名分站),286,,沙园1(8cb283e3) || 沙园2(f1e1c0c0) || 沙园①(de1471ec),BV09242190
基建新村,1,3,疑似正常(同基名分站),90,,基建新村1(f7b5b64c) || 基建新村2(def646bb) || 基建新村②(c89185b5),BV10681376
珠江广场,1,3,疑似正常(同基名分站),66,,珠江广场②(0f1798e0) || 珠江广场(36a08b58) || 珠江广场①(9f2b08fc),BV09241994
广东药学院,1,3,疑似正常(同基名分站),224,,广东药学院②(38a4ea70) || 广东药学院(2ed4afc9) || 广东药学院①(965b38f1),BV11688519
上涌南,1,2,疑似正常(同基名分站),175,,上涌南①(a13e264f) || 上涌南②(ef45d589),BV09005254
广州大桥北(五羊邨),1,4,疑似正常(同基名分站),231,,广州大桥北（五羊邨）①(d8e10de2) || 广州大桥北（五羊邨）③(cfa8d8bd) || 广州大桥北（五羊邨）②(40f123a0) || 广州大桥北（五羊邨）3(a136e162),BV09005177
云苑新村总,1,2,疑似正常(同基名分站),65,,云苑新村总站(82e4b1d3) || 云苑新村总站(e32a22b9),BV10018323
惠福路,1,2,疑似正常(同基名分站),121,,惠福路（省医门诊部）(5f4232d6) || 惠福路（省医门诊部）站(cb3d5e2f),BV11688565
上九东,1,2,疑似正常(同基名分站),79,,上九东(6e3c1921) || 上九东1(340e9724),BV10016156
丽江花园,1,2,疑似正常(同基名分站),152,,丽江花园(e06145fb) || 丽江花园总站(247534df),BV10015193
江湾桥脚,1,3,疑似正常(同基名分站),178,,江湾桥脚②(e4cbc38d) || 江湾桥脚(aaec759d) || 江湾桥脚①(c76e51d1),BV11687876
东坑,1,3,疑似正常(同基名分站),75,,东坑2(cd9fdab9) || 东坑(37301bf4) || 东坑1(055541f5),BV10014377
京溪路,1,2,疑似正常(同基名分站),23,,京溪路(3acd534b) || 京溪路(adbe58c0),BV11506953
云景花园,1,2,疑似正常(同基名分站),139,,云景花园(adbe58c0) || 云景花园(fd2de2ce),BV11688407
人民北路,1,3,疑似正常(同基名分站),39,,人民北路(850caa12) || 人民北路①(1680a6a6) || 人民北路(0a53d6c8),BV09002684
海角红楼,1,3,疑似正常(同基名分站),190,,海角红楼②(77b16b22) || 海角红楼(ba817bb5) || 海角红楼①(e0b133e3),BV09323095
梅花村,1,3,疑似正常(同基名分站),234,,梅花村1(be90f0cd) || 梅花村(a5f8f8a0) || 梅花村2(6c34787e),BV10016241
天河北路,1,2,疑似正常(同基名分站),23,,天河北路②(c1c784ce) || 天河北路(848c4a00),BV11688537
赤岗总,1,2,疑似正常(同基名分站),255,,赤岗总站(72eed32d) || 赤岗(a59440e6),BV10021665
先烈南路,1,3,疑似正常(同基名分站),100,,先烈南路(01eaf6f1) || 先烈南路2(659274cb) || 先烈南路1(c33bddf7),BV10016425
鹅掌坦,1,2,疑似正常(同基名分站),159,,鹅掌坦②(d9b7c27e) || 鹅掌坦①(49f429d1),BV11688387
同德乡,1,2,疑似正常(同基名分站),231,,同德乡（地铁同德站）①(689da02d) || 同德乡（地铁同德站）②(7c508369),BV11688411
上步村,1,3,疑似正常(同基名分站),65,,上步村（地铁上步站）(f35256d5) || 上步村（地铁上步站）②(612aa5d6) || 上步村（地铁上步站）①(0e658e12),BV11688399
军体院,1,2,疑似正常(同基名分站),100,,军体院①(dda0bec3) || 军体院(6eb6612c),BV11589193
省军区,1,3,疑似正常(同基名分站),77,,省军区(e21d3f67) || 省军区1(f1b9d207) || 省军区(2f050a10),BV09012731
员村#1,1,2,疑似正常(同基名分站),176,,员村①(59e047c4) || 员村②(8a944f35),BV09242192
京溪路口,1,2,疑似正常(同基名分站),218,,京溪路口(fd2de2ce) || 京溪路口(c868caf5),BV10019227
员村总#1,1,2,疑似正常(同基名分站),113,,员村总站②(7e54e03a) || 员村总站①(696a7e88),BV11492234
龙潭村,1,3,疑似正常(同基名分站),112,,龙潭村①(ec0e9d1c) || 龙潭村(9b8bbec7) || 龙潭村2(3e5df441),BV11688340
黄沙大道,1,3,疑似正常(同基名分站),272,,黄沙大道（广医口腔医院）②(b1aa774c) || 黄沙大道（广医口腔医院）(70becf82) || 黄沙大道（广医口腔医院）①(c173f523),BV09001038
西华路尾总,1,2,疑似正常(同基名分站),33,,西华路尾总站(abc39a0a) || 西华路尾总站①(db78b0f5),BV10021696
农林下路,1,3,疑似正常(同基名分站),108,,农林下路（广药附属一院）②(fa1df454) || 农林下路（广药附属一院）①(f51b88c6) || 农林下路（广药附属一院）1(374dedce),BV11688431
天平架总,1,2,疑似正常(同基名分站),149,,天平架总站(9f5529ff) || 天平架总站(d3911de2),BV10015233
犀牛路口,1,2,疑似正常(同基名分站),115,,犀牛路口2(f9f63547) || 犀牛路口1(630f5e46),BV10013737
德康路,1,3,疑似正常(同基名分站),53,,德康路(ccc565ae) || 德康路②(95bdac21) || 德康路①(63fe8cb7),BV09355218
岗贝路,1,2,疑似正常(同基名分站),7,,岗贝路(1984ad04) || 岗贝路(65e5dc02),BV10019052
盈翠华庭,1,2,疑似正常(同基名分站),122,,盈翠华庭②(69f338da) || 盈翠华庭②(72d902f7),BV09006149
柯子岭牌坊,1,3,疑似正常(同基名分站),197,,柯子岭牌坊①(921a8838) || 柯子岭牌坊(c96f1c53) || 柯子岭牌坊②(941725b2),BV09005969
广园客运,1,3,疑似正常(同基名分站),137,,广园客运站②(f99ab08f) || 广园客运站(c09ea70b) || 广园客运站①(ea0587b2),BV10013626
兴华路口,1,3,疑似正常(同基名分站),148,,兴华路口2(6d3ae746) || 兴华路口①(e5b9865b) || 兴华路口(04b12b19),BV10017237
伍仙桥,1,3,疑似正常(同基名分站),173,,伍仙桥1(04b12b19) || 伍仙桥2(1f012bf3) || 伍仙桥(f87f7927),BV10014371
鸡颈坑,1,2,疑似正常(同基名分站),113,,鸡颈坑|鸡颈坑2(f87f7927) || 鸡颈坑(2486422c),BV10014372
梅园新村,1,3,疑似正常(同基名分站),237,,梅园新村（地铁梅花园站）②(2486422c) || 梅园新村（地铁梅花园站）①(bf915c57) || 梅园新村（地铁梅花园站）(1166e045),BV10017236
梅花园,1,3,疑似正常(同基名分站),283,,梅花园②(1166e045) || 梅花园①(16320b78) || 梅花园(35f0e2d1),BV09355216
一五七医院,1,4,疑似正常(同基名分站),268,,一五七医院（地铁京溪南方医院站）(35f0e2d1) || 一五七医院（地铁京溪南方医院站）②(a6cbbb72) || 一五七医院（地铁京溪南方医院站）①(67604882) || 一五七医院（地铁京溪南方医院站）(3acd534b),BV11269468
白云山制药厂总,1,2,疑似正常(同基名分站),203,,白云山制药厂总站(95caa113) || 白云山制药厂(da4aa7e1),BV10014380
泽德花苑,1,2,疑似正常(同基名分站),32,,泽德花苑②(ae8e63b7) || 泽德花苑②(cbb3c120),BV11688398
康王中路,1,2,疑似正常(同基名分站),241,,康王中路②|康王中路2(c58b2c99) || 康王中路1(8e620446),BV11688470
南洲名苑,1,2,疑似正常(同基名分站),153,,南洲名苑（瑞宝花园）①(3ee440b7) || 南洲名苑（瑞宝花园）②(65751afb),BV10016102
保利花园(南石头),1,2,疑似正常(同基名分站),175,,保利花园（南石头）①(110bd339) || 保利花园（南石头）②(1504f82f),BV10021897
五羊邨,1,4,疑似正常(同基名分站),217,,五羊邨(87b4a746) || 五羊邨①(a027b25d) || 五羊邨②(dcc88b0e) || 五羊邨总站(e0ac25db),BV11316646
三元里,1,3,疑似正常(同基名分站),203,,三元里①(936a05f5) || 三元里(5c53ef8a) || 三元里2(ed85df2e),BV09002689
越华路,1,2,疑似正常(同基名分站),168,,越华路(65b3d950) || 越华路②(1f78f67f),BV10018741
东峻广场,1,2,疑似正常(同基名分站),266,,东峻广场①(9ff981d7) || 东峻广场②(db0847c4),BV11688575
石榴岗总#1,1,2,疑似正常(同基名分站),1,,石榴岗（海珠行政服务中心）总站(6dbd206a) || 石榴岗（海珠行政服务中心）总站(fa508ebd),BV10756309
江海大道中总,1,2,疑似正常(同基名分站),111,,江海大道中2(cc01492a) || 江海大道中(48b70a5f),BV11365453
景云路,1,2,疑似正常(同基名分站),92,,景云路②(387d9e58) || 景云路(d0438001),BV10019173
桥东小区,1,2,疑似正常(同基名分站),26,,桥东小区1(a509cb75) || 桥东小区2(35c3ea21),BV11688504
西场电器城,1,2,疑似正常(同基名分站),42,,西场电器城(a33f1da2) || 西场电器城1(444df9a7),BV11688443
崇文二路(荔勤北路口),1,2,疑似正常(同基名分站),29,,崇文二路（荔勤北路口）(6f4a0019) || 崇文二路（荔勤北路口）(bdfbb6c2),BV09066309
崇文二路北,1,2,疑似正常(同基名分站),38,,崇文二路北站(e50015e6) || 崇文二路北(17623367),BV09066304
大东门(中山三路),1,3,疑似正常(同基名分站),117,,大东门（中山三路）(0c480952) || 大东门（中山三路）②(0aa32046) || 大东门（中山三路）①(76467199),BV11327667
东风中路#1,1,3,疑似正常(同基名分站),168,,东风中路(aed07aa3) || 东风中路①(be77bf5a) || 东风中路2(744bb2fb),BV09409855
裕海路,1,2,疑似正常(同基名分站),23,,裕海路(daced6b9) || 裕海路(cb101735),BV10017979
龙溪西路,1,2,疑似正常(同基名分站),24,,龙溪西路2(02d11a0d) || 龙溪西路(9d36d307),BV10017978
增南路口,1,3,疑似正常(同基名分站),106,,增南路口(0613d49f) || 增南路口(0d8e1e2f) || 增南路口②(0697bf80),BV10018580
金穗路,1,3,疑似正常(同基名分站),84,,金穗路2(c5b7cdb5) || 金穗路(cec43fb3) || 金穗路①(281dbf40),BV10015735
东华西路,1,3,疑似正常(同基名分站),199,,东华西路①(f4048a64) || 东华西路(5f57a74c) || 东华西路②(60d93284),BV11623782
芳村西塱总,1,2,疑似正常(同基名分站),141,,芳村西塱总站(594fd044) || 芳村西塱总站(f0172c1b),BV10016194
黄埔大道,1,3,疑似正常(同基名分站),289,,黄埔大道（羊城创意园）(ff730cda) || 黄埔大道（羊城创意园）②(3c1492bb) || 黄埔大道（羊城创意园）①(6630c300),BV11279611
纸厂,1,3,疑似正常(同基名分站),156,,纸厂（地铁燕岗站）(9d8ae84f) || 纸厂（地铁燕岗站）①(020ba6df) || 纸厂（地铁燕岗站）②(55409826),BV09347832
白云路总,1,4,疑似正常(同基名分站),121,,白云路总站③(c48cdf67) || 白云路总站④(1cd511bb) || 白云路总站①(aba3f02c) || 白云路总站②(7c931652),BV10016236
滨江东路总,1,2,疑似正常(同基名分站),0,,滨江东路总站(36a08b58) || 滨江东路总站(0f1798e0),BV10016328
琶洲,1,3,疑似正常(同基名分站),177,,琶洲(4129dcaa) || 琶洲1(51f2b31a) || 琶洲2(37eb01b3),BV11688440
华工大总,1,2,疑似正常(同基名分站),223,,华工大总站(01a66f85) || 华工大(0c76cb97),BV10017909
纸厂横马路总,1,2,疑似正常(同基名分站),101,,纸厂横马路(d630b797) || 纸厂横马路总站(67af2445),BV10021807
革新路总,1,3,疑似正常(同基名分站),238,,革新路（光大花园）总站(806b0897) || 革新路总站(7b8f6e79) || 革新路总站(fa6ae6db),BV10014587
白云农批市场,1,2,疑似正常(同基名分站),20,,白云农批市场(04db65e9) || 白云农批市场(8f9a31ce),BV10013964
南方医科大学,1,2,疑似正常(同基名分站),179,,南方医科大学(c868caf5) || 南方医科大学(04db65e9),BV10013965
云台花园总,1,3,疑似正常(同基名分站),233,,云台花园总站(855978bf) || 云台花园②(b37b4a10) || 云台花园总站(71b7eb53),BV10014637
小洲,1,2,疑似正常(同基名分站),21,,小洲(4e8de21d) || 小洲(28562269),BV11689633
晓港中马路,1,3,疑似正常(同基名分站),228,,晓港中马路(224e476e) || 晓港中马路2|晓港中马路②(4d703363) || 晓港中马路1(75eeaf2e),BV10018252
广仁路总,1,3,疑似正常(同基名分站),124,,广仁路总站②(49f4f351) || 广仁路总站①(c6838fbc) || 广仁路总站(bb2611d3),BV10018482
小坪桥口,1,2,疑似正常(同基名分站),98,,小坪桥口①(d15b23b9) || 小坪桥口②(52b21cc7),BV10021853
滘心路口,1,2,疑似正常(同基名分站),12,,滘心路口(6b33efec) || 滘心路口(5845e56f),BV11601155
银河园,1,3,疑似正常(同基名分站),219,,银河园(7affcff7) || 银河园①(29b695e4) || 银河园②(7538f278),BV11687892
站前路总,1,2,疑似正常(同基名分站),28,,站前路（西郊大厦）(28f90092) || 站前路（西郊大厦）总站(22e2a467),BV11421155
棠德花苑总,1,4,疑似正常(同基名分站),22,,棠德花苑总站④(4b7c6e00) || 棠德花苑总站(84484345) || 棠德花苑总站③(f5058d9d) || 棠德花苑总站①(c9d4109c),BV09059552
棠安路(棠德西路口),1,3,疑似正常(同基名分站),162,,棠安路（棠德西路口）②(cf34a2dd) || 棠安路（棠德西路口）(b40bf0db) || 棠安路（棠德西路口）①(fc11f110),BV09063542
长隆旅游度假区总,1,2,疑似正常(同基名分站),71,,长隆旅游度假区总站(c570650c) || 长隆旅游度假区总站(9005e3a4),BV10021917
东山广场总,1,2,疑似正常(同基名分站),0,,东山广场总站(714c3837) || 东山广场总站①(18415555),BV10019141
科学城(揽月路)总,1,2,疑似正常(同基名分站),11,,科学城（揽月路）总站(bd97f962) || 科学城（揽月路）总站(12e1e938),BV09199365
联和总站(惠联路),1,2,疑似正常(同基名分站),70,,联和（惠联路）总站①(8b3ffbb7) || 联和（惠联路）总站②(26b17513),BV10022266
开创大道(广汕路口),1,3,疑似正常(同基名分站),141,,开创大道（广汕路口）①(d2c9e3a6) || 开创大道（广汕路口）(fa810824) || 开创大道（广汕路口）②(22134185),BV11688158
大观中路(新塘大街),1,3,疑似正常(同基名分站),212,,大观中路（新塘大街）(6d0203ec) || 大观中路（新塘大街）②(76e98a64) || 大观中路（新塘大街）①(543bef9e),BV11268996
科学城总站(揽月路),1,2,疑似正常(同基名分站),11,,科学城（揽月路）总站①(bd97f962) || 科学城（揽月路）总站②(12e1e938),BV09266626
地铁裕丰围,1,2,疑似正常(同基名分站),296,,地铁裕丰围站(2d384411) || 地铁裕丰围站(59ff1940),BV09176208
华峰路口总,1,2,疑似正常(同基名分站),22,,华峰路口总站(19a241e3) || 华峰路口总站(41d1f942),BV09097133
永顺大道(新业路口),1,2,疑似正常(同基名分站),266,,永顺大道（新业路口）(50c16f30) || 永顺大道(eb309092),BV09076741
黄埔港总,1,2,疑似正常(同基名分站),0,,黄埔港总站②(dc833304) || 黄埔港总站①(9c132614),BV10017404
华峰寺总,1,2,疑似正常(同基名分站),106,,华峰寺总站①(66c4db25) || 华峰寺总站②(c3363490),BV11040301
知识城南(凤湖四路),1,2,疑似正常(同基名分站),210,,知识城南（凤湖四路）(2cc2b069) || 知识城南总站（地铁何棠下站）(be944c8c),BV11360164
知识城南总,1,2,疑似正常(同基名分站),208,,知识城南总站（地铁何棠下站）|知识城南（地铁何棠下站）总站(be944c8c) || 知识城南（凤湖四路）(2cc2b069),BV11302780
地铁高塘石,1,2,疑似正常(同基名分站),29,,地铁高塘石站①(cf7ed3a3) || 地铁高塘石站(600c1339),BV10845278
凤湖四路西,1,2,疑似正常(同基名分站),24,,凤湖四路西(c1356c9b) || 凤湖四路西(a232a6db),BV09237615
护林路西,1,2,疑似正常(同基名分站),46,,护林路西(850bed46) || 护林路西(d2ea0211),BV11412818
黄埔低空经济创新中心总,1,2,疑似正常(同基名分站),184,,黄埔低空经济创新中心总站(7860ec6d) || 黄埔低空经济创新中心(86c61747),BV09400275
荔湖城总,1,2,疑似正常(同基名分站),15,,荔湖城总站(ddf21b55) || 荔湖城总站(becd32a5),BV10632869
火村东总,1,2,疑似正常(同基名分站),22,,火村东总站(a216948d) || 火村东总站(2465000a),BV10014162
凤秀家园,1,2,疑似正常(同基名分站),11,,凤秀家园(eb47784c) || 凤秀家园(d757a89c),BV09056352
育山一路中,1,2,疑似正常(同基名分站),171,,育山一路中(66cb91f6) || 育山一路中(4352f2a2),BV09181062
广州交校,1,2,疑似正常(同基名分站),161,,广州交校(536c933a) || 广州交校(13e5a953),BV09181060
交通学院,1,2,疑似正常(同基名分站),202,,交通学院(8674533f) || 交通学院(54e38815),BV09181064
创盈路中,1,2,疑似正常(同基名分站),112,,创盈路中总站|创盈路中(abedfd14) || 创盈路中(a88c63a4),BV09236546
萝岗总,1,2,疑似正常(同基名分站),164,,萝岗总站(575eb33f) || 萝岗总站(f9e3b107),BV10018576
地铁大学城南,1,2,疑似正常(同基名分站),50,,地铁大学城南站(f2a9d287) || 地铁大学城南站(86d0ecb4),BV10442569
黄埔低空经济创新中心,1,2,疑似正常(同基名分站),164,,黄埔低空经济创新中心(86c61747) || 黄埔低空经济创新中心总站(7860ec6d),BV09400279
坑围村,1,2,疑似正常(同基名分站),189,,坑围村(cb74d6af) || 坑围村(80fdfe5c),BV10847184
萝峰村,1,2,疑似正常(同基名分站),23,,萝峰村(61a55824) || 萝峰村(bc318fd0),BV10847185
东圃大马路,1,2,疑似正常(同基名分站),7,,东圃大马路(9e24904f) || 东圃大马路(c48a5a45),BV10017897
黄村路(大观南路口),1,2,疑似正常(同基名分站),222,,黄村路（王园路口）(ecab8e59) || 黄村路（大观南路口）(20d02bbd),BV10018703
车陂公交场,1,3,疑似正常(同基名分站),298,,车陂公交场(e5e8ff56) || 车陂公交场②(785ff25a) || 车陂公交场①(39d03a0e),BV11688356
百顺北路总,1,2,疑似正常(同基名分站),194,,百顺北路（岭南新世界）总站(85ed8e49) || 百顺北路(07717fe6),BV11655931
新新大道中,1,2,疑似正常(同基名分站),168,,新新大道中(29679166) || 新新大道中(b62da940),BV10017830
小洲总,1,2,疑似正常(同基名分站),10,,小洲总站(4e8de21d) || 小洲总站(28562269),BV10022287
神山,1,2,疑似正常(同基名分站),49,,神山(ccafbf81) || 神山(fa92fd9b),BV09000493
机电技工学校,1,2,疑似正常(同基名分站),51,,机电技工学校(1bd6d90d) || 机电技工学校(4f695d54),BV10458378
云城南二路,1,2,疑似正常(同基名分站),151,,云城南二路(8eb1b599) || 云城南二路(57ac2927),BV10018318
广东体育职业学院,1,3,疑似正常(同基名分站),280,,广东体育职业学院(ad27f289) || 广东体育职业学院(d9e97c53) || 广东体育职业学院②(58255353),BV10018189
沐陂村,1,2,疑似正常(同基名分站),43,,沐陂村(183a8f5c) || 沐陂村总站(1d46ecb2),BV11458236
元岗横路中,1,2,疑似正常(同基名分站),29,,元岗横路中(48b230af) || 元岗横路中(9ebc9e9e),BV10021464
天健创意园,1,3,疑似正常(同基名分站),45,,天健创意园②(02f80a2a) || 天健创意园(ba1e2706) || 天健创意园①(c04df93a),BV09027379
嘉禾望岗总,1,2,疑似正常(同基名分站),227,,嘉禾望岗(a69189d4) || 嘉禾望岗总站(fab0ffef),BV09408554
嘉禾望岗,1,2,疑似正常(同基名分站),227,,嘉禾望岗总站(fab0ffef) || 嘉禾望岗(a69189d4),BV09408343
夏港,1,3,疑似正常(同基名分站),153,,夏港②(06aa752c) || 夏港(a88f5238) || 夏港①(e35fc1fb),BV09288121
永兴村口,1,2,疑似正常(同基名分站),161,,永兴村口②(37de3df5) || 永兴村口(30c8ee20),BV11171943
市儿童公园总,1,2,疑似正常(同基名分站),49,,市儿童公园总站①(0cb6dd47) || 市儿童公园总站②(7f854ce0),BV09234564
纸厂总,1,2,疑似正常(同基名分站),55,,纸厂（地铁燕岗站）②(55409826) || 纸厂（地铁燕岗站）(9d8ae84f),BV10021944
桥东小区总,1,2,疑似正常(同基名分站),71,,桥东小区总站(31a42ea7) || 桥东小区总站(695bfdc5),BV10022284
岑村,1,3,疑似正常(同基名分站),121,,岑村(e3b24a19) || 岑村②(78294440) || 岑村①(7a0a58b1),BV11689186
唐阁村总,1,2,疑似正常(同基名分站),8,,唐阁村总站(4d214efd) || 唐阁村总站(b27becb8),BV10014187
钟落潭高校园,1,3,疑似正常(同基名分站),225,,钟落潭高校园②(1e6a5e9a) || 钟落潭高校园(3c4fa3e3) || 钟落潭高校园①(8b87691c),BV11166864
新和,1,2,疑似正常(同基名分站),34,,新和(d170a8e6) || 新和(f4fa1e79),BV11388333
棠安路,1,2,疑似正常(同基名分站),49,,棠安路(668fd7dc) || 棠安路(495cadcf),BV11430751
毕村,1,2,疑似正常(同基名分站),227,,毕村(37652cdc) || 毕村站(f29226e5),BV11165782
人和墟总,1,3,疑似正常(同基名分站),136,,人和墟②(9a7c5976) || 人和墟总站(75516daa) || 人和墟（地铁人和站）(eed70ceb),BV10014381
中医院#2,1,2,疑似正常(同基名分站),203,,中医院(a546b4e1) || 中医院(1ea9910b),BV11134667
地铁新和站总,1,2,疑似正常(同基名分站),34,,地铁新和站总站(d170a8e6) || 地铁新和站总站(f4fa1e79),BV10971863
南悦花苑总,1,2,疑似正常(同基名分站),119,,南悦花苑总站(92d03e3e) || 南悦花苑(a6a09996),BV10828444
金沙洲码头,1,2,疑似正常(同基名分站),24,,金沙洲码头(da1eacec) || 金沙洲码头总站①(ad1518ed),BV10022432
星汇云城,1,2,疑似正常(同基名分站),3,,星汇云城(f433a46b) || 星汇云城(6b1745c8),BV11294318
北山路口,1,2,疑似正常(同基名分站),4,,北山路口总站(08cf12de) || 北山路口(65889db1),BV10019070
赤沙路中,1,2,疑似正常(同基名分站),38,,赤沙路中站(458ac56f) || 赤沙路中(797d7ee5),BV11476044
瀛洲生态公园总,1,2,疑似正常(同基名分站),92,,瀛洲生态公园总站(1d14c4ea) || 瀛洲生态公园(cb744ab4),BV10022466
沥滘大埗头总,1,2,疑似正常(同基名分站),63,,沥滘大埗头总站(83e6aa32) || 沥滘大埗头(ed10ef78),BV10022783
广外南国商学院,1,2,疑似正常(同基名分站),13,,广外南国商学院①(ffa4ee13) || 广外南国商学院(19e0586c),BV11621037
莲塘村#2,1,2,疑似正常(同基名分站),66,,莲塘村(bd60a4de) || 莲塘村(4a4c3e18),BV11619425
金沙洲码头总,1,2,疑似正常(同基名分站),46,,金沙洲码头总站①(ad1518ed) || 金沙洲码头总站(da1eacec),BV10019002
渔北路,1,4,疑似正常(同基名分站),90,,渔北路2(371553a3) || 渔北路2(ffbad632) || 渔北路1(c196932f) || 渔北路①(b2ee9cbc),BV10014296
沙太路北总,1,2,疑似正常(同基名分站),24,,沙太路北总站(6cd5112b) || 沙太路北总站(cecca921),BV10022667
嘉禾金铂天地,1,2,疑似正常(同基名分站),5,,嘉禾金铂天地(1fde9154) || 嘉禾金铂天地(d320c0f7),BV11620485
体育中心总,1,3,疑似正常(同基名分站),177,,体育中心①(e30c4b02) || 体育中心②(afd15e76) || 体育中心(bfe1aa5c),BV10018645
黄村#1,1,3,疑似正常(同基名分站),208,,BRT黄村3(a814833f) || BRT黄村1(53592ee9) || BRT黄村②(95e1c4c1),BV11692816
文园,1,2,疑似正常(同基名分站),126,,BRT文园（地铁双岗站）1(36dcf287) || BRT文园（地铁双岗站）(6b640e59),BV09060273
七星路口#2,1,3,疑似正常(同基名分站),162,,七星路口(cbf3f5be) || 七星路口②(e710cb94) || 七星路口①(7dd48a20),BV11625936
毛埔,1,2,疑似正常(同基名分站),89,,毛埔站(fc7770fe) || 毛埔(95a51d52),BV11480861
府前路中,1,2,疑似正常(同基名分站),117,,府前路中(c95f0c97) || 府前路中(69483e3e),BV11578748
供电局,1,3,疑似正常(同基名分站),75,,供电局②(8b725bd1) || 供电局(9bdf6974) || 供电局①(7c380c70),BV11492618
西街口,1,2,疑似正常(同基名分站),204,,西街口(2a71e8ce) || 西街口(e607593f),BV11492267
花林湖畔总,1,2,疑似正常(同基名分站),23,,花林湖畔总站(c76baa2b) || 花林湖畔总站(339ebf64),BV11335401
黄水口,1,2,疑似正常(同基名分站),234,,黄水口(609957d5) || 黄水口站(5784a817),BV11152748
地铁太平,1,2,疑似正常(同基名分站),97,,地铁太平站(37e35d1a) || 地铁太平站(89ca805a),BV11115122
地铁联和,1,2,疑似正常(同基名分站),113,,地铁联和站(ad5a93e5) || 地铁联和站（罗村一中）(11e7f3cd),BV09306208
小塘车,1,2,疑似正常(同基名分站),124,,小塘车站(2133b5f6) || 小塘车站(6b6e937a),BV10252307
沙面新城,1,2,疑似正常(同基名分站),261,,沙面新城(4cd6afe9) || 沙面新城总站(ec7bd7d6),BV09376900
锦龙,1,2,疑似正常(同基名分站),74,,锦龙站(682735f3) || 锦龙站(d68997ff),BV09001095
蕉门地铁,1,2,疑似正常(同基名分站),55,,蕉门地铁站（区政府）(b4d49a58) || 蕉门地铁（区政府）站(091e7329),BV10014705
地铁横沥,1,2,疑似正常(同基名分站),186,,地铁横沥站(4330f65b) || 地铁横沥站(8dad0a03),BV11603399
万科海上明月总,1,2,疑似正常(同基名分站),290,,万科海上明月站①(686d4588) || 万科海上明月(cf47bf81),BV11625830
南沙客运港,1,2,疑似正常(同基名分站),125,,南沙客运港(b35d5522) || 南沙客运港总站(ed51aba1),BV10015841
南沙湾御苑,1,2,疑似正常(同基名分站),96,,南沙湾御苑(b2478e89) || 南沙湾御苑站(2dd2ad91),BV09302422
南沙中心医院西门,1,2,疑似正常(同基名分站),80,,南沙中心医院西门站(1fd71e41) || 南沙中心医院西门(ca3fec6a),BV11583739
明珠湾小学,1,2,疑似正常(同基名分站),51,,明珠湾小学(16ce6c4d) || 明珠湾小学(5494238e),BV11621753
彭场村,1,2,疑似正常(同基名分站),65,,彭场村(8b818e32) || 彭场村(0cac8596),BV10655509
华立学院,1,2,疑似正常(同基名分站),18,,华立学院(a47b83b4) || 华立学院总站(55dfd000),BV10020748
华立学院总,1,2,疑似正常(同基名分站),18,,华立学院总站(55dfd000) || 华立学院(a47b83b4),BV11259172
新塘汽车客运,1,2,疑似正常(同基名分站),125,,新塘汽车客运总站(b362fb10) || 新塘汽车客运站(3959cc26),BV10014147
广州幼专,1,2,疑似正常(同基名分站),89,,广州幼专(6ffa535d) || 广州幼专（东行）(42a83d50),BV09056052
市技师学院,1,2,疑似正常(同基名分站),63,,市技师学院（西行）(453b5141) || 市技师学院（东行）(173b6be8),BV09181058
叠溪花园总,1,2,疑似正常(同基名分站),229,,叠溪花园总站(5d637b15) || 叠溪花园(89ba5dc3),BV09359809
医药职业学校,1,2,疑似正常(同基名分站),126,,医药职业学校(fdcad561) || 医药职业学校（东行）(bc473887),BV09323257
裕海路总,1,2,疑似正常(同基名分站),0,,裕海路总站(daced6b9) || 裕海路总站(cb101735),BV11265333
柏塘中心公园,1,2,疑似正常(同基名分站),44,,柏塘中心公园(7fdf9d25) || 柏塘中心公园(852f8d38),BV09069499
城西花园总,1,2,疑似正常(同基名分站),26,,城西花园总站(8ecc81ab) || 城西花园总站(24248611),BV10014504
陈家祠总站(中山七路),1,2,疑似正常(同基名分站),115,,陈家祠(97deecec) || 陈家祠（中山七路）总站(48f1ccb4),BV10017981
永和开发区总,1,2,疑似正常(同基名分站),13,,永和开发区总站(5979aeee) || 永和开发区总站(2fcd2783),BV10490938
白沙总,1,2,疑似正常(同基名分站),24,,白沙（中海金沙湾）总站(68e644a4) || 白沙（中海金沙湾）(1113e437),BV11585800
白沙(中海金沙湾)总,1,2,疑似正常(同基名分站),80,,白沙（中海金沙湾）总站(68e644a4) || 白沙（中海金沙湾）(1113e437),BV11341395
白沙总站(中海金沙湾),1,2,疑似正常(同基名分站),100,,白沙（中海金沙湾）总站(68e644a4) || 白沙（中海金沙湾）(1113e437),BV10572835
新世界大厦,1,2,疑似正常(同基名分站),64,,新世界大厦(9cee7f30) || 新世界大厦(8afc0938),BV10019845
石壁中学总,1,2,疑似正常(同基名分站),196,,石壁中学总站(53998fff) || 石壁中学(d2e3435a),BV11451734
石壁中学,1,2,疑似正常(同基名分站),220,,石壁中学(d2e3435a) || 石壁中学(53998fff),BV10023026
都那村总,1,2,疑似正常(同基名分站),107,,都那村(f9208e86) || 都那村总站|都那村(0353efce),BV10023024
莲花山车,1,2,疑似正常(同基名分站),47,,莲花山车站(3a25c71d) || 莲花山车站(7a8f57aa),BV10023434
地铁会江,1,2,疑似正常(同基名分站),213,,地铁会江站(06f6578b) || 地铁会江站（巨大创意产业园）(171edb33),BV10023162
裕丰钢铁厂站(南门),1,2,疑似正常(同基名分站),6,,裕丰钢铁厂(1c2230e5) || 裕丰钢铁厂（南门）(8d616741),BV10023177
周山岗总,1,2,疑似正常(同基名分站),158,,周山岗总站(47b73b10) || 周山岗站（南大干线）(d7d93e26),BV11391200
番禺区第二人民医院,1,2,疑似正常(同基名分站),47,,番禺区第二人民医院(42269aba) || 番禺区第二人民医院(61ac37d8),BV11569024
南浦车,1,2,疑似正常(同基名分站),15,,南浦车站(34d8d65a) || 南浦车站(dee0057b),BV10023220
西二村市场,1,2,疑似正常(同基名分站),7,,西二村市场(e7c8ac4e) || 西二村市场站(f269e4ed),BV11508603
西乡二路路口,1,2,疑似正常(同基名分站),44,,西乡二路路口(a3cbd17d) || 西乡二路路口站(6443278e),BV10023222
西三村口,1,2,疑似正常(同基名分站),2,,西三村口(a701ed01) || 西三村口站(30062aaf),BV11483559
南城路北,1,2,疑似正常(同基名分站),12,,南城路北站（南）(7e58ca40) || 南城路北(fd4926dd),BV09082668
石碁文化广场,1,2,疑似正常(同基名分站),183,,石碁文化广场(707339f0) || 石碁文化广场总站(62980a60),BV10832137
复甦,1,2,疑似正常(同基名分站),234,,复甦（南侧）(18b7e377) || 复甦(3d2f736c),BV10019994
南大干线(金轩一路口),1,2,疑似正常(同基名分站),223,,南大干线（金轩一路口）(5ee61285) || 南大干线（金轩一路）站(0991cc56),BV11686082
竹山村(番禺大道),1,2,疑似正常(同基名分站),117,,竹山村（番禺大道）(da7d84c6) || 竹山村（番禺大道）(eeec4a4a),BV10990061
石碁文化广场总,1,2,疑似正常(同基名分站),156,,石碁文化广场总站(62980a60) || 石碁文化广场(707339f0),BV11139586
威乐工业区,1,2,疑似正常(同基名分站),122,,威乐工业区(eca3e95a) || 威乐工业区(5039ae58),BV10942758
2号航站楼,1,2,疑似正常(同基名分站),86,,2号航站楼（东客运站31卡位）(530d105c) || 2号航站楼(538c8e7a),BV11510235
赤坭西莲塘村委总,1,2,疑似正常(同基名分站),0,,赤坭西莲塘村委总站(d77ca1fc) || 赤坭西莲塘村委总站(57d6d630),BV10449599
中建映花悦府,1,2,疑似正常(同基名分站),84,,中建映花悦府总站(0b06f1bf) || 中建映花悦府(4f06b69d),BV11632610
胡忠产科医院,1,2,疑似正常(同基名分站),26,,胡忠产科医院(dae2e269) || 胡忠产科医院(71960d6d),BV10016699
岐山村口,1,2,疑似正常(同基名分站),224,,岐山村口站(d25d94ae) || 岐山村口(34930996),BV11614568
花山中学,1,2,疑似正常(同基名分站),12,,花山中学(ba4afaf8) || 花山中学(bfb521ab),BV11552458
天湖峰境,1,2,疑似正常(同基名分站),139,,天湖峰境(8ecabf79) || 天湖峰境(4b1de4af),BV11226217
