physicalStId,涉及合并站,BV站点ID,车来了站名,BV站数,说明
5e5ffa6f5c674fa0b8d40a2d1a2af403,江高(广技师白云校区)#1 / 江高 / 江高总#1 / 江高总#2 / 江高(广技师白云校区)总,BV11371426 / BV09242094 / BV10623355 / BV11436893 / BV09368252,江高,5,总站与非总站混合，不自动合并
1d8f13b0b80e4346ba54013af3efcfe2,陈家祠 / 陈家祠总站(中山七路),BV11596161 / BV09177116 / BV10017981 / BV09195327,陈家祠 / 陈家祠（停西行） / 陈家祠①,4,总站与非总站混合，不自动合并
44c0ceea224a417898d72210890718dd,江海大道中 / 江海大道中总,BV09316963 / BV11365453 / BV11687940 / BV09319409,江海大道中2,4,总站与非总站混合，不自动合并
8e895659a14d409f8e8e9456bcab1269,桥中 / 桥中总,BV11163379 / BV11225789 / BV09003001 / BV09376898,桥中1 / 桥中总站 / 桥中①,4,总站与非总站混合，不自动合并
2fe85d6de48a488abcc89e6180161c6d,中山八路 / 中山八路总 / 中山八路2,BV09167549 / BV11688465 / BV10014194 / BV09385634,中山八路②,4,总站与非总站混合，不自动合并
72fd92e75cbb4e828fde594ff06248c1,太和(谢家庄) / 太和总站(丰泰横路) / 太和(丰泰横路)总 / 太和#2,BV09027377 / BV11296119 / BV11330431 / BV11628196,太和（谢家庄）,4,总站与非总站混合，不自动合并
976769d5f50b438cafe661a5d07f36bf,科学城路口 / 科学城路口总,BV09081247 / BV11467027 / BV11010138 / BV09343742,科学城路口① / 科学城路口总站,4,总站与非总站混合，不自动合并
eb4f209c0e3d4173a41b09e08e6a1c3e,石井总站(红星村) / 石井总#2 / 石井(红星小学)总 / 石井(广东兵工厂旧址)#3,BV11628198 / BV09377935 / BV11316584 / BV09368723,石井（红星小学）总站,4,总站与非总站混合，不自动合并
50845ad6abcd4e7dbe9c85eb43dfb9e5,体育中心 / 体育中心总,BV11688435 / BV09226128 / BV10018645 / BV11688545,体育中心,4,总站与非总站混合，不自动合并
eaf4877b975a413f8e90567784146cac,中山八路 / 中山八路总,BV09213747 / BV11688465 / BV10014194,中山八路①,3,总站与非总站混合，不自动合并
a7faf043bcba455696b29ac25d27455e,黄石路 / 黄石路总,BV09351558 / BV11688426 / BV10018538,黄石路①,3,总站与非总站混合，不自动合并
79a6040daf1d4c46887e189985a1233e,江海大道中 / 江海大道中总,BV09319409 / BV11687940 / BV11365453,江海大道中1 / 江海大道中,3,总站与非总站混合，不自动合并
e23b70f486774d14a5323a55d146657f,云台花园 / 云台花园总,BV11371562 / BV09364271 / BV10014637,云台花园②,3,总站与非总站混合，不自动合并
c6196f0ddd6243acb05beadefefac20d,西塱 / 芳村西塱总,BV11687844 / BV09178250 / BV10016194,西塱① / 芳村西塱总站,3,总站与非总站混合，不自动合并
67a7da93acaa4631905b8dee6bcc2881,赤岗(江海大道)#1 / 赤岗总,BV11688338 / BV10013684 / BV10021665,赤岗,3,总站与非总站混合，不自动合并
21cd24c157994893904c7b974fc4dd83,嘉禾 / 嘉禾总,BV10014476 / BV09226080 / BV10017737,嘉禾2,3,总站与非总站混合，不自动合并
01c4c1309f044cd592b1b4fe6407adb5,广汕路(科景路口) / 广汕路(科景路口)总 / 广汕路总站(科景路口),BV09066404 / BV09070817 / BV09074106,广汕路（科景路口）,3,总站与非总站混合，不自动合并
62acba88dd1e4cc6b9a05f4bef208bc3,开萝大道(地铁香雪站) / 开萝大道总,BV09241985 / BV11621939 / BV09320059,开萝大道（地铁香雪站）,3,总站与非总站混合，不自动合并
fd9a4b5b21b44aea8791b43c2ce949df,南湾总 / 南湾,BV11472711 / BV11386229 / BV10014603,南湾总站 / BRT南湾1 / 南湾,3,总站与非总站混合，不自动合并
cebfe88e84814e249e558e52688626fe,永和大道(斗塘路口) / 永和大道(常春藤)总 / 永和大道(常春藤),BV09193688 / BV09387963 / BV09003166,永和大道（斗塘路口）,3,总站与非总站混合，不自动合并
be7be1e40488478e84f7e0c0802c3006,江高(大松岗)总 / 江高(大松岗) / 江高总站(大松岗),BV11267411 / BV09112239 / BV11127777,江高（大松岗）总站 / 江高（大松岗）,3,总站与非总站混合，不自动合并
ba7e9ea4c52a46db95f2e0f960561298,人和墟(万家福广场) / 人和墟总,BV11689355 / BV09212864 / BV10014381,人和墟②,3,总站与非总站混合，不自动合并
348d8224b60b4a2aa7f74dd0f936f9e2,站前路总 / 站前路(西郊大厦)总 / 站前路#1,BV11421155 / BV11673137 / BV09354794,站前路（西郊大厦）总站,3,总站与非总站混合，不自动合并
935fc586d9ff477098f86ee5ff354cc8,石井(广东兵工厂旧址)#2 / 石井总#3 / 石井#2,BV09368724 / BV10381320 / BV11481130,石井（庆丰纺织服装城）总站,3,总站与非总站混合，不自动合并
13943b25ed434c029ba20a6df0abacea,新和 / 新和地铁 / 地铁新和站总,BV11388333 / BV11623812 / BV10971863,新和 / 新和地铁站 / 地铁新和站总站,3,总站与非总站混合，不自动合并
BE09AE5C937B498C85BE084C95FBE64C,体育中心总 / 体育中心,BV10018645 / BV09337037 / BV11420870,体育中心②,3,总站与非总站混合，不自动合并
fa6a53f34deb4aef80893215ff6b7545,良口公交总 / 良口墟 / 良口墟总,BV09361692 / BV10808751 / BV11491341,良口公交总站 / 良口墟 / 良口墟总站,3,总站与非总站混合，不自动合并
9bd4f23d642f4e03996eef409408d6f1,蕉门地铁 / 蕉门地铁(区政府) / 蕉门公交总,BV10014705 / BV09078572 / BV10525622,蕉门地铁站（区政府） / 蕉门地铁（区政府）站 / 蕉门公交总站,3,总站与非总站混合，不自动合并
f6a4ce7f43d64967b8852dc12845815a,万科海上明月 / 万科海上明月总,BV11443817 / BV09010681 / BV11625830,万科海上明月站①,3,总站与非总站混合，不自动合并
bbc0b2f94cea427a8a54a33062e228b8,虎门渡口总 / 虎门渡口(上湾小区) / 虎门渡口,BV09099103 / BV09271070 / BV09305393,虎门渡口（上湾小区）,3,总站与非总站混合，不自动合并
06d3a47f84d648179deb31eef0e30403,区政府东门 / 区政府东门(永旺梦乐城) / 区政府东门总,BV09293280 / BV09305549 / BV10632191,区政府东门（永旺梦乐城）,3,总站与非总站混合，不自动合并
f1e121f49fb34b249bf1b6a677b189de,城西花园总 / 城西花园,BV10014504 / BV09244061 / BV11688445,城西花园总站 / 城西花园总站②,3,总站与非总站混合，不自动合并
ffd81814ff374294a2672c40633722ca,白沙 / 白沙总 / 白沙总站(中海金沙湾),BV11457906 / BV11585800 / BV10572835,白沙（中海金沙湾）,3,总站与非总站混合，不自动合并
08d7a2cca47047889ac4f73b7778af1a,白沙 / 白沙总站(中海金沙湾) / 白沙(中海金沙湾)总,BV11457906 / BV10572835 / BV11341395,白沙（中海金沙湾）,3,总站与非总站混合，不自动合并
c8a2cf9db6ca400b91b5e7eddd91f768,南泰路西 / 珠江医院总,BV10021619 / BV10021721,南泰路西 / 珠江医院总站1,2,总站与非总站混合，不自动合并
af15636f88034aeba95584d93ba06406,珠江广场 / 滨江东路总,BV09241994 / BV10016328,珠江广场② / 滨江东路总站,2,总站与非总站混合，不自动合并
e3fe573c071643fabcde4a4db3b707fc,珠江广场 / 滨江东路总,BV09241994 / BV10016328,珠江广场 / 滨江东路总站,2,总站与非总站混合，不自动合并
cee0ef788bd5483a8a2f25b8efdba88a,金宇花园 / 金宇花园总,BV11688515 / BV10013810,金宇花园 / 金宇花园总站,2,总站与非总站混合，不自动合并
592d08bf0d964cdebbe98306156f2020,云苑新村总 / 云苑新村,BV10018323 / BV10018325,云苑新村总站 / 云苑新村,2,总站与非总站混合，不自动合并
d6f2aacf7aa04bd58d9800e5df5dfdf2,白云山制药厂(后山宿舍) / 白云山制药厂总,BV10016352 / BV10014380,白云山制药厂,2,总站与非总站混合，不自动合并
c761159bb47348d2ba849b49c976c745,珠岛花园 / 珠岛花园总,BV10803702 / BV10016165,珠岛花园,2,总站与非总站混合，不自动合并
674763cdb09041e1991320eed2d0eb28,晓港湾 / 晓港湾总,BV11688514 / BV10018550,晓港湾,2,总站与非总站混合，不自动合并
9a732c2f62304c0997b04e6cca0ebf93,锦城花园(东风东)总 / 锦城花园,BV11620748 / BV10014572,锦城花园（东风东）总站,2,总站与非总站混合，不自动合并
0eeb15891ca0412eba01bb05f8c91b76,晓港湾 / 晓港湾总,BV11688514 / BV10018550,晓港湾,2,总站与非总站混合，不自动合并
a1ceba7c33834537aed9db6c9bb66e6e,大江苑 / 大江苑总,BV10021299 / BV10323128,大江苑 / 大江苑总站,2,总站与非总站混合，不自动合并
9f1d1ef5703e4325b18664549f409cb0,中山八路总 / 中山八路,BV10014194 / BV11688465,中山八路总站,2,总站与非总站混合，不自动合并
28878a1d9e754a88b1bdb520fcbc8993,员村#1 / 员村总#2,BV09242192 / BV10389050,员村① / 员村,2,总站与非总站混合，不自动合并
07b65d73cdd7428bab3a05300feacf8a,琶洲大桥北 / 琶洲大桥北总,BV11688358 / BV10580172,琶洲大桥北,2,总站与非总站混合，不自动合并
dcfa50818554423d967ba151e9bc0cba,万胜围 / 万胜围总,BV10420826 / BV11011363,万胜围,2,总站与非总站混合，不自动合并
731cd7340fe14622a09df043c7eda447,琶洲大桥北 / 琶洲大桥北总,BV11688358 / BV10580172,琶洲大桥北,2,总站与非总站混合，不自动合并
c76337f0e1344b08820dcdfcddb0e875,汾水小区总 / 汾水小区,BV10018714 / BV09405895,汾水小区总站 / 汾水小区,2,总站与非总站混合，不自动合并
6ae8022af38f44db93c40153e1286746,同德围总#1 / 同德围,BV10387326 / BV09355217,同德围,2,总站与非总站混合，不自动合并
ecdb53545bed40c8b5f3c41d5cbc2d47,岗贝路 / 岗贝路总,BV10019052 / BV10018301,岗贝路 / 岗贝路总站,2,总站与非总站混合，不自动合并
5bed88cac25e43d19080d508ba233ab6,地铁白云公园 / 地铁白云公园站总,BV10022459 / BV11568890,地铁白云公园站 / 地铁白云公园站总站,2,总站与非总站混合，不自动合并
1ceec2e777f44c8c8eb6766742e81726,同德围 / 同德围总#1,BV09355217 / BV10387326,同德围,2,总站与非总站混合，不自动合并
840a3c59bbf34c24b91a975b87683303,南洲路总站(小洲南路口) / 南洲路,BV09243517 / BV10791667,南洲路（盛景家园）,2,总站与非总站混合，不自动合并
6a9a46e807524307969cad8f6546ec86,解放北路总站(应元路口) / 解放北路(应元路口),BV10387132 / BV11663428,解放北路（应元路口）总站 / 解放北路（应元路口）,2,总站与非总站混合，不自动合并
1e655080df20482aa70bddb549686bec,横枝岗#1 / 横枝岗总,BV09091397 / BV10389127,横枝岗,2,总站与非总站混合，不自动合并
5e113ede769845f6bb6db2f4458c865d,横枝岗总 / 横枝岗#1,BV10389127 / BV09091397,横枝岗,2,总站与非总站混合，不自动合并
f279b10735f346c9b74059d16f447e19,石榴岗总#1 / 台涌,BV10756309 / BV11689398,石榴岗（海珠行政服务中心）总站 / 台涌,2,总站与非总站混合，不自动合并
2306772edfa64a3395b578192e641e1e,柯子岭总 / 柯子岭,BV09370170 / BV11688535,柯子岭,2,总站与非总站混合，不自动合并
5193180f9c3e4d8ab1e9038fd689e772,海珠广场(侨光西) / 海珠广场总站(侨光西),BV11261928 / BV11206247,海珠广场（侨光西）②,2,总站与非总站混合，不自动合并
1263ed6acbec42268e6087b08d68ee89,水荫路 / 水荫路总,BV10016135 / BV10021738,水荫路,2,总站与非总站混合，不自动合并
af954c8d2bad407b87d4fdb979e82ebe,芳村大道西 / 桥东小区总,BV11688499 / BV10022284,芳村大道西1 / 桥东小区总站,2,总站与非总站混合，不自动合并
eca52fd1ff894ab7b2308e8873b411eb,沥滘 / 沥滘总,BV11688783 / BV10016721,沥滘,2,总站与非总站混合，不自动合并
2c24e9c0466344f090898399585fb2aa,金贵村 / 云台花园总,BV11688390 / BV10014637,金贵村② / 云台花园总站,2,总站与非总站混合，不自动合并
dc8ad6fcdf1e410295e23e47d2b12479,裕海路 / 裕海路总,BV10017979 / BV11265333,裕海路 / 裕海路总站,2,总站与非总站混合，不自动合并
e26967673d884b0ab76ec28495de1f84,裕海路 / 裕海路总,BV10017979 / BV11265333,裕海路 / 裕海路总站,2,总站与非总站混合，不自动合并
31c77d174d4a4874a77562b0e8d0bc59,华工大 / 华工大总,BV11485000 / BV10017909,华工大,2,总站与非总站混合，不自动合并
eb9c05b91013404884df3043de51ed5a,南岗 / 南岗总,BV11687851 / BV10017343,南岗,2,总站与非总站混合，不自动合并
b46305cd52594827a1942a9138c26352,南岗 / 南岗总,BV11687851 / BV10017343,南岗,2,总站与非总站混合，不自动合并
33662e22f4554572b01b79c8fda19b58,员村#1 / 员村总#2,BV09242192 / BV10389050,员村②,2,总站与非总站混合，不自动合并
682ce6887dde4a3a8bc4ed6fc8166745,夏茅 / 夏茅总#2,BV11688462 / BV10019542,夏茅,2,总站与非总站混合，不自动合并
1b943ef7b8a54c3783ee1b3e3fe6f854,江南西路 / 江南西路总,BV10017764 / BV10015253,江南西路 / 江南西路总站,2,总站与非总站混合，不自动合并
c79cc80501654df0bd251024556f598b,纸厂 / 纸厂总,BV09347832 / BV10021944,纸厂（地铁燕岗站）,2,总站与非总站混合，不自动合并
1f2b08cb29764572b75af34750a2800f,沥滘总 / 沥滘,BV10016721 / BV11688783,沥滘总站,2,总站与非总站混合，不自动合并
5772700722f2481faa769fc07d927ec9,纸厂 / 纸厂总,BV09347832 / BV10021944,纸厂（地铁燕岗站）②,2,总站与非总站混合，不自动合并
c6753c2abb3e40eda83eea12525f2f15,纸厂横马路 / 纸厂横马路总,BV11671145 / BV10021807,纸厂横马路,2,总站与非总站混合，不自动合并
2b752d20ed3b4f4fa40053e9cfeef6c8,南洲北路 / 南洲北路总,BV10014357 / BV10019120,南洲北路,2,总站与非总站混合，不自动合并
42d86d9d807b4329b4e81e32d4fc2e5d,南洲北路 / 南洲北路总,BV10014357 / BV10019120,南洲北路 / 南洲北路总站,2,总站与非总站混合，不自动合并
a3b571c260ba43beaa922e4ff666c2ac,光大花园 / 革新路总,BV10015261 / BV10014587,光大花园 / 革新路总站,2,总站与非总站混合，不自动合并
196f299edee14992b0ec3e6de5b9fbe6,员村一横路 / 员村一横路总,BV10022311 / BV10013630,员村一横路,2,总站与非总站混合，不自动合并
4dfd2a0855e74b3a8376f0d552f90859,茶山庄 / 沙太路北总,BV10019236 / BV10022667,茶山庄 / 沙太路北总站,2,总站与非总站混合，不自动合并
3130bd070f20428187555871c835450b,七星岗总 / 七星岗#1,BV10019657 / BV10021829,七星岗,2,总站与非总站混合，不自动合并
248b395c605948d9946db8ab722cb06e,站南路 / 站南路总,BV10014073 / BV09012353,站南路② / 站南路总站,2,总站与非总站混合，不自动合并
4a10bc2a383147209c6bd0919380f6ce,七星岗#1 / 七星岗总,BV10021829 / BV10019657,七星岗,2,总站与非总站混合，不自动合并
6580280403df4d369e5a2c48aef2f450,小洲村口 / 小洲村口总,BV10018555 / BV11471863,小洲村口 / 小洲村口总站,2,总站与非总站混合，不自动合并
cdd12eba5844493e8d86d92fd1443e60,小洲 / 小洲总,BV11689633 / BV10022287,小洲 / 小洲总站,2,总站与非总站混合，不自动合并
bce381eb41fb432e8e75ea291c76d9e8,土华 / 土华总,BV10018239 / BV10021864,土华,2,总站与非总站混合，不自动合并
64b44aa92b0a4fa7ad065b0a9677edff,小洲村口 / 小洲村口总,BV10018555 / BV11471863,小洲村口 / 小洲村口总站,2,总站与非总站混合，不自动合并
0c6e783a8b3241af9117f425e5bdc4fe,瀛洲生态公园 / 瀛洲生态公园总,BV09273926 / BV10022466,瀛洲生态公园,2,总站与非总站混合，不自动合并
1e3d15e4b5a045b181f66a8c428e1178,江南大道南(地铁江泰路站) / 江南大道南总,BV09364559 / BV10016121,江南大道南（地铁江泰路站） / 江南大道南（地铁江泰路站）总站,2,总站与非总站混合，不自动合并
5a19c692148e4a1faf237568e862e12b,鱼珠码头 / 鱼珠码头总,BV11361606 / BV10018096,鱼珠码头,2,总站与非总站混合，不自动合并
94626643de514202af8d0ae4ea0a1f30,盈丰路总 / 盈丰路,BV10017134 / BV11370357,盈丰路总站 / 盈丰路,2,总站与非总站混合，不自动合并
2d388cfaf1e242f79ca4e0173e56ae1c,北山村(新滘东路) / 北山村总站(新滘东路),BV11475052 / BV10022387,北山村（新滘东路） / 北山村（新滘东路）总站,2,总站与非总站混合，不自动合并
955a52cf8cc34c0d905bd9c4d9b28e98,珠江泳场 / 珠江泳场总,BV09006391 / BV10021858,珠江泳场（海印公园）总站,2,总站与非总站混合，不自动合并
51bc13db2bc944f3973e16bcd42745bb,泮塘总 / 泮塘,BV10021910 / BV10022283,泮塘总站,2,总站与非总站混合，不自动合并
f7fc14cfd14149f1a1b9f0812f3c95ee,土华总 / 土华路西,BV10021864 / BV11488927,土华总站 / 土华路西,2,总站与非总站混合，不自动合并
effdaad90564473a8c699f794107c6f4,滘心路口 / 石井总站(滘心村),BV11601155 / BV10817722,滘心路口 / 石井（滘心村）总站,2,总站与非总站混合，不自动合并
e22fb2d9f1f94570b5cdde3fdb315b3b,晓港湾总 / 晓港湾,BV10018550 / BV11688514,晓港湾总站,2,总站与非总站混合，不自动合并
b6d07d51c8c2442eb8db6006321de463,临江大道(员村二横路口) / 员村总#2,BV10021902 / BV10389050,临江大道（员村二横路口） / 员村（绢麻厂）总站,2,总站与非总站混合，不自动合并
86a39655f35e45a1888b192af878988e,兴华路 / 天平架总,BV09164364 / BV10015233,兴华路（地铁天平架站） / 天平架总站,2,总站与非总站混合，不自动合并
838a8f13f4f048f7ac7a2381d3ada60c,夏茅 / 夏茅总#2,BV11688462 / BV10019542,夏茅,2,总站与非总站混合，不自动合并
216d438ff02d423b84d0c33ecc517b8d,节能科技园 / 节能科技园总,BV10014702 / BV10386996,节能科技园,2,总站与非总站混合，不自动合并
4e3b46b3847b4a91acf960353b8c739a,大石地铁站总 / 地铁大石(新光快速),BV10728326 / BV10020322,大石地铁站总站 / 地铁大石站,2,总站与非总站混合，不自动合并
652464eea9b34ee380d767e76269f45d,大石地铁站总 / 地铁大石(新光快速),BV10728326 / BV10020322,大石地铁站总站 / 地铁大石站,2,总站与非总站混合，不自动合并
f1d46968e93e4d048a1f5dd0a54f28d3,解放北路总站(应元路口) / 解放北路(应元路口),BV10387132 / BV11663428,解放北路（应元路口）总站 / 解放北路（应元路口）,2,总站与非总站混合，不自动合并
286b8f32af1d44a5bcb83185a4c73260,开创大道(科翔路口) / 开创大道总,BV09002104 / BV10018706,开创大道（科翔路口）,2,总站与非总站混合，不自动合并
0972649558294ff0a66728c0bbcf61d4,奥体南路 / 奥体南路总,BV11279578 / BV11388273,奥体南路,2,总站与非总站混合，不自动合并
b7193a38b82244ba812279bb796c0ca2,奥体南路 / 奥体南路总,BV11279578 / BV11388273,奥体南路,2,总站与非总站混合，不自动合并
44a5a36186374643914c54ead9b6c934,华峰路口总 / 华峰路口,BV09097133 / BV09368449,华峰路口总站 / 华峰路口,2,总站与非总站混合，不自动合并
59220f6ef4264f8b94d845e8bc107f97,火村东 / 火村东总,BV10021347 / BV10014162,火村东 / 火村东总站,2,总站与非总站混合，不自动合并
a3aa979d2e754d0d964ce207bc422f1a,荔红路 / 萝岗总,BV09232690 / BV10018576,荔红路（萝岗中医院） / 萝岗总站,2,总站与非总站混合，不自动合并
528b59c5a95b490d87e612fff27365f7,永和开发区 / 永和开发区总,BV10013974 / BV10490938,永和开发区 / 永和开发区总站,2,总站与非总站混合，不自动合并
2a5280eff82f46aa8c225c829d3e81fa,地铁红卫 / 地铁红卫站总,BV10974234 / BV11598269,地铁红卫站 / 地铁红卫站总站,2,总站与非总站混合，不自动合并
54cd78686d094392a853e0090d51cac2,鱼珠码头 / 鱼珠码头总,BV11361606 / BV10018096,鱼珠码头,2,总站与非总站混合，不自动合并
5d38ccb835a44dbfaea0eb2f68926ef0,知识城南总 / 知识城南(凤湖四路),BV11302780 / BV11360164,知识城南总站（地铁何棠下站）,2,总站与非总站混合，不自动合并
70b979f2f9e04ac796f621abcaa00684,联和墟 / 联和墟总,BV11689574 / BV10022293,联和墟 / 联和墟总站,2,总站与非总站混合，不自动合并
5dda6fac78dd4f6ba87ccb9cf53fdde2,云埔一路 / 云埔一路总,BV11379024 / BV10017550,云埔一路,2,总站与非总站混合，不自动合并
8b3c26107f0f41eebae3e485c988e164,裕丰围总 / 地铁裕丰围,BV09245156 / BV09176208,裕丰围总站 / 地铁裕丰围站,2,总站与非总站混合，不自动合并
6f00e77206724c69a30a42620a2acbdb,开创大道(科翔路口) / 开创大道总,BV09002104 / BV10018706,开创大道（科翔路口）,2,总站与非总站混合，不自动合并
57fe713077e7407696e07ae6e6dacf6e,知识城南总 / 知识城南(凤湖四路),BV11302780 / BV11360164,知识城南（凤湖四路）,2,总站与非总站混合，不自动合并
b5ffa54e1f4244699b644b1c60c28a81,珠村 / 珠村总,BV10014557 / BV10016497,珠村 / 珠村1,2,总站与非总站混合，不自动合并
824edd28d2e94d30bceae3ee7d6d6abf,珠村 / 珠村总,BV10014557 / BV10016497,珠村,2,总站与非总站混合，不自动合并
D228CB7E54E3461BB9CD52D8C6C49689,汇彩路 / 汇彩路总,BV11487907 / BV10021328,汇彩路,2,总站与非总站混合，不自动合并
742e4b68e07c41c39bcab9205e81e964,黄埔低空经济创新中心总 / 黄埔低空经济创新中心,BV09400275 / BV09400279,黄埔低空经济创新中心总站,2,总站与非总站混合，不自动合并
79f5200189364c838e4046e90bc7f051,华坑生态村 / 华坑生态村总,BV10021386 / BV10017803,华坑生态村 / 华坑生态村总站,2,总站与非总站混合，不自动合并
1458304712364af390b275f0c2c3ee30,华坑生态村 / 华坑生态村总,BV10021386 / BV10017803,华坑生态村 / 华坑生态村总站,2,总站与非总站混合，不自动合并
d9df808af5bd4855bc4d9f8c935e65ad,小洲 / 小洲总,BV11689633 / BV10022287,小洲 / 小洲总站,2,总站与非总站混合，不自动合并
1f25d563f04b496585422480cbe22917,黄埔低空经济创新中心总 / 黄埔低空经济创新中心,BV09400275 / BV09400279,黄埔低空经济创新中心总站,2,总站与非总站混合，不自动合并
11183BAB875746C9BD82780B3FC3E909,夏园 / 夏园总,BV11687921 / BV10014074,夏园 / 夏园总站,2,总站与非总站混合，不自动合并
40f7889e7c8f4b2fb638930e573d3115,创盈路中 / 创盈路中总,BV09236546 / BV09370049,创盈路中总站,2,总站与非总站混合，不自动合并
b5d2d817122e442bb8e25bf96e351f9a,永和 / 永和总#3,BV11469405 / BV10014093,永和（崇和花园） / 永和（崇和花园）总站,2,总站与非总站混合，不自动合并
1ff9280f637e4232b3c203cbe719455c,凤凰城总 / 凤凰城,BV11284683 / BV09046615,凤凰城（凤馨苑）总站,2,总站与非总站混合，不自动合并
1144cd8e08734398b90938e2fdfa58a6,黄埔低空经济创新中心 / 黄埔低空经济创新中心总,BV09400279 / BV09400275,黄埔低空经济创新中心,2,总站与非总站混合，不自动合并
16b3129d826b425fa748eed7d6c08e52,禾丰新村西门 / 永和禾丰新村总,BV11654250 / BV11444715,禾丰新村西门 / 永和禾丰新村总站,2,总站与非总站混合，不自动合并
1c72093b736e406f878b864cfb61f810,禾丰新村西门 / 永和禾丰新村总,BV11654250 / BV11444715,禾丰新村西门 / 永和禾丰新村总站,2,总站与非总站混合，不自动合并
d0a6498260a3459da12a6e280507243a,广汕路(科景路口) / 广汕路(科景路口)总,BV09066404 / BV09070817,广汕路（科景路口）,2,总站与非总站混合，不自动合并
8d1db8dd4c8d47a5a89ea62da314b49f,东圃大马路 / 东圃总,BV10017897 / BV10019425,东圃大马路 / 东圃总站,2,总站与非总站混合，不自动合并
6926ba0cf9ac4617bb349bafd212b408,天坤三路总 / 天坤三路,BV11564624 / BV11609227,天坤三路,2,总站与非总站混合，不自动合并
1d011e8e82594644bf9dd676e83c5e1d,天坤三路 / 天坤三路总,BV11609227 / BV11564624,天坤三路,2,总站与非总站混合，不自动合并
44eef9f71b2d4e2389a74319f1aacd82,司法学校 / 司法学校总,BV10982982 / BV11645374,司法学校,2,总站与非总站混合，不自动合并
c7c54ed19bad4b188c6583090f2c8cf6,深井码头总 / 安新路北,BV10497615 / BV11392682,深井码头总站 / 安新路北,2,总站与非总站混合，不自动合并
543d7d99ff2c4309bf2c3a460f47af73,吉岐路 / 天河儿童公园北门总,BV10013830 / BV10499588,吉岐路 / 天河儿童公园北门总站,2,总站与非总站混合，不自动合并
291cd6600fe34f75bbaf356ac966b61a,小塱总 / 小塱,BV10019461 / BV10871158,小塱总站 / 小塱,2,总站与非总站混合，不自动合并
720bee8145ce417e96d6de3bc12f7e69,北山 / 北山总,BV10013862 / BV10541319,北山,2,总站与非总站混合，不自动合并
a0a53d01b4d14195a3cc396631774a46,仑头 / 仑头总,BV09224391 / BV10796283,仑头,2,总站与非总站混合，不自动合并
1ea9897e9528497db2dfd8d245444399,地铁东晓南站总 / 地铁东晓南,BV10018263 / BV10022709,地铁东晓南站总站 / 地铁东晓南站,2,总站与非总站混合，不自动合并
05e237b3a64844d1b4f4cc7b5ef33814,土华总 / 土华路西,BV10021864 / BV11488927,土华总站 / 土华路西,2,总站与非总站混合，不自动合并
3dbe5a600a13445b87049f5a0f5ad0f2,神山 / 神山总,BV09000493 / BV10013876,神山,2,总站与非总站混合，不自动合并
c75487e493d74b26a25c38ea2e685881,白沙村 / 白沙村总,BV10018425 / BV10381111,白沙村,2,总站与非总站混合，不自动合并
69319febc2dc473c94742271345c936d,淘金路口 / 淘金北路总,BV10509901 / BV10604971,淘金路口 / 淘金北路总站,2,总站与非总站混合，不自动合并
dcc6e44a473040448b0b0ffb88c224b5,渔沙坦(中山村)总 / 渔沙坦,BV09343729 / BV10847070,渔沙坦（中山村）总站,2,总站与非总站混合，不自动合并
67b2387288644052b7b6376d75826b04,地铁植物园 / 天源路总,BV10855094 / BV09065517,地铁植物园站（世纪绿洲） / 天源路（华南国家植物园）总站,2,总站与非总站混合，不自动合并
91c19788626746eabc60ae4d972e0602,渔沙坦 / 渔沙坦(中山村)总,BV10847070 / BV09343729,渔沙坦（中山村）总站,2,总站与非总站混合，不自动合并
a194d1c8006947c6a47da958bf63b47a,广汕一路总站(林机街) / 广汕一路,BV09042300 / BV11688562,广汕一路,2,总站与非总站混合，不自动合并
440b2188ba5e48d39f0dd533af7795bd,东圃总 / 东圃大马路,BV10019425 / BV10017897,东圃总站 / 东圃大马路,2,总站与非总站混合，不自动合并
769a93a1f88c40b8b07c61f9b519a4b1,嘉禾望岗总 / 嘉禾望岗,BV09408554 / BV09408343,嘉禾望岗,2,总站与非总站混合，不自动合并
93ecbd7927444ef0891facef789b969f,江高 / 江高总#1,BV09242094 / BV10623355,江高,2,总站与非总站混合，不自动合并
169ed6f234674579a996f4cdbcba927a,嘉禾望岗 / 嘉禾望岗总,BV09408343 / BV09408554,嘉禾望岗总站,2,总站与非总站混合，不自动合并
dbc7527bcdb24ec999066d66f846026e,人和墟(万家福广场) / 人和墟总,BV11689355 / BV10014381,人和墟 / 人和墟总站,2,总站与非总站混合，不自动合并
46ad69eae3764d529f65290a09bb81fd,云埔一路 / 云埔一路总,BV11379024 / BV10017550,云埔一路,2,总站与非总站混合，不自动合并
552844d8411948799aa517ca857bba96,江高小塘总 / 江高小塘,BV10014050 / BV10018878,江高小塘总站 / 江高小塘,2,总站与非总站混合，不自动合并
cf2558a07f864d9b8b95a98ea89bcd71,金宇花园 / 金宇花园总,BV11688515 / BV10013810,金宇花园 / 金宇花园总站,2,总站与非总站混合，不自动合并
af02afd743fd442eb6570c2e6b4b2bdc,石岗路(绿地滨江汇)总 / 石岗路(绿地滨江汇),BV10021824 / BV11317279,石岗路（绿地滨江汇）,2,总站与非总站混合，不自动合并
f870372fdb8d44a9a530b91ae520c714,百顺北路 / 百顺北路总,BV11482221 / BV11655931,百顺北路,2,总站与非总站混合，不自动合并
70d617291649436da2c6c1699b445841,石井总#3 / 石井#2,BV10381320 / BV11481130,石井（庆丰纺织服装城）总站,2,总站与非总站混合，不自动合并
072bb8241db0414b8bb15f86912e5e3f,唐阁村总 / 唐阁,BV10014187 / BV11688071,唐阁村总站 / 唐阁,2,总站与非总站混合，不自动合并
ee6228e139794f34bbdde8b658973300,体育中心 / 体育中心总,BV11688545 / BV10018645,体育中心①,2,总站与非总站混合，不自动合并
6a3c8987d05b4800b7f8e544f55bc420,大罗村总#1 / 大罗村,BV11476851 / BV10018776,大罗村,2,总站与非总站混合，不自动合并
824d6faab93441d0a6ec90a78e8dbe4a,新和 / 地铁新和站总,BV11388333 / BV10971863,新和 / 地铁新和站总站,2,总站与非总站混合，不自动合并
6b928f4245864d59985bae92d5a51db1,钟落潭(大钟) / 钟落潭总,BV10435171 / BV09344048,钟落潭（大钟）,2,总站与非总站混合，不自动合并
406014cb7f6d45f391f4d619acde8277,嘉禾望岗总 / 嘉禾望岗,BV09408554 / BV09408343,嘉禾望岗总站,2,总站与非总站混合，不自动合并
1bb722d304654cef94a62f79dd09ebe8,广州北站(秀全大道) / 广州北站总站(秀全大道),BV11539721 / BV11662637,广州北站（秀全大道）总站,2,总站与非总站混合，不自动合并
679103dcc0344ff295e1592fd2cc05fd,人和墟(万家福广场)总 / 人和墟(万家福广场),BV11333202 / BV11365784,人和墟（万家福广场）总站 / 人和墟（万家福广场）,2,总站与非总站混合，不自动合并
6d44d72f815b4c1dadceb47fad5b742b,峡石村 / 峡石村总,BV09376989 / BV10018889,峡石村,2,总站与非总站混合，不自动合并
3a46729e868847debed9ca6ad71ff955,江高(大松岗) / 江高总站(大松岗),BV09112239 / BV11127777,江高（大松岗）总站,2,总站与非总站混合，不自动合并
c1ef4f8cb7254913bca5491dc02d03e2,虎塘村 / 虎塘村委总,BV11209846 / BV11269586,虎塘村 / 虎塘村委总站,2,总站与非总站混合，不自动合并
891a2e9787fa461b861fa34128da9124,白沙村总 / 白沙村,BV10381111 / BV10018425,白沙村,2,总站与非总站混合，不自动合并
7db71362c9624d27837532ba3d9a2009,沙田村 / 沙田村总,BV11656584 / BV10389056,沙田村,2,总站与非总站混合，不自动合并
b1d4fa0315534f169fadaad43ae4ea0e,南悦花苑 / 南悦花苑总,BV11154136 / BV10828444,南悦花苑,2,总站与非总站混合，不自动合并
10f13ff5626048f5bf39048cfb158c65,金沙洲码头 / 金沙洲码头总,BV10022432 / BV10019002,金沙洲码头 / 金沙洲码头总站,2,总站与非总站混合，不自动合并
f36419e617ea4fb58088f261c044ccb9,星汇云城 / 星汇云城总,BV11294318 / BV11454297,星汇云城 / 星汇云城总站,2,总站与非总站混合，不自动合并
1a7e7af4d3a848ae93f6aa7d48412119,柏塘工业区总 / 柏塘中心公园,BV10019023 / BV09069499,柏塘工业区总站 / 柏塘中心公园,2,总站与非总站混合，不自动合并
78356f280987483d9ddc733a78293315,帽峰山 / 帽峰山总站(高屋村),BV11482313 / BV11204171,帽峰山（铜锣湾水库）,2,总站与非总站混合，不自动合并
7b0de50040da4e2cb875b34e452ae74d,叁悦广场 / 宸悦路总,BV11011360 / BV11357632,叁悦广场 / 宸悦路总站,2,总站与非总站混合，不自动合并
82aa137c17bd44feb9f6b7d0967ad78d,农讲所总 / 农讲所,BV09187507 / BV11688432,农讲所总站,2,总站与非总站混合，不自动合并
d77dd5eb4b484738abe6f377131366f4,茶滘路 / 茶滘路总,BV11167618 / BV10331027,茶滘路总站,2,总站与非总站混合，不自动合并
bc556aa8b8c847d5b05699e0a9c25308,荔勤南路(崇文四路口) / 荔勤南路总,BV09308840 / BV09234523,荔勤南路总站,2,总站与非总站混合，不自动合并
f5e703ba003b4a419aa47169cc52b15f,荔勤南路总 / 荔勤南路,BV09234523 / BV09149595,荔勤南路总站,2,总站与非总站混合，不自动合并
EA925B8CDC60489A8D59028D79FEBCD8,广州市第八医院 / 地铁嘉禾望岗站总,BV10014465 / BV10014401,广州市第八医院 / 地铁嘉禾望岗站（市八医院）总站,2,总站与非总站混合，不自动合并
a9b19358eeae41259d5f2d48c25232db,陈洞村总 / 陈洞村,BV10388106 / BV10018912,陈洞村总站 / 陈洞村,2,总站与非总站混合，不自动合并
a3d8b54906084bfc8273670838c1e369,金沙洲码头总 / 金沙洲码头,BV10019002 / BV10022432,金沙洲码头总站①,2,总站与非总站混合，不自动合并
0108f572d80740919af1c715986f3858,渔沙坦 / 渔沙坦总站(渔中路),BV10847070 / BV10014298,渔沙坦,2,总站与非总站混合，不自动合并
b49b014a87f64dcc8a5d15e17457df52,水秀二路总 / 水秀二路,BV11615374 / BV11615375,水秀二路,2,总站与非总站混合，不自动合并
8a7c8426882e415fa73819df0bbe0c4d,水秀二路 / 水秀二路总,BV11615375 / BV11615374,水秀二路,2,总站与非总站混合，不自动合并
4d6b47275d50449f8ec6347ce657b67d,云城南二路总 / 云城南二路,BV10019539 / BV10018318,云城南二路总站 / 云城南二路,2,总站与非总站混合，不自动合并
2b120b185d6a48b5b3c5a8520b1fdd99,水秀二路总 / 水秀二路,BV11615374 / BV11615375,水秀二路（隽泷湾）总站,2,总站与非总站混合，不自动合并
bcbdc231f63943f1a3985af739a287f8,水秀二路 / 水秀二路总,BV11615375 / BV11615374,水秀二路（隽泷湾）总站,2,总站与非总站混合，不自动合并
f5646abe67894101902529a91def9e6c,五羊邨总 / 五羊邨,BV10019121 / BV11316646,五羊邨总站,2,总站与非总站混合，不自动合并
5c1fa48df0664f78b94ce5d1be92c9ac,莱茵汇总 / 莱茵汇(广百),BV09356516 / BV09311801,莱茵汇,2,总站与非总站混合，不自动合并
11730e0dc4f24174b6c6ddb26ba1bb55,华夏学院 / 华夏学院总,BV10621021 / BV11491307,华夏学院 / 华夏学院总站,2,总站与非总站混合，不自动合并
aecd838bb8e84faaa643db2406b9821d,高坣 / 高坣总,BV09395781 / BV11216190,高坣总站,2,总站与非总站混合，不自动合并
d7ca305a9b734319abca73dab43a5a11,从化汽车站总 / 从化汽车,BV10014777 / BV10451069,从化汽车站总站 / 从化汽车站,2,总站与非总站混合，不自动合并
5a7d8e6b3ea14f23a5c2a6075c579d9a,玲洲总 / 玲洲,BV10387111 / BV11487751,玲洲总站,2,总站与非总站混合，不自动合并
07637cd7044a47a0b9563dace143f151,地铁东风 / 地铁东风站总,BV11115115 / BV11261178,地铁东风站 / 地铁东风站总站,2,总站与非总站混合，不自动合并
8bfde818b7ff4f4fa0bf87c12e4e11a8,明珠管委会 / 明珠管委会总,BV10017884 / BV11491312,明珠管委会 / 明珠管委会总站,2,总站与非总站混合，不自动合并
5cadf79863964be689ddcd7555dc539c,花林湖畔总 / 花林湖畔,BV11335401 / BV11308175,花林湖畔总站 / 花林湖畔,2,总站与非总站混合，不自动合并
eaf7742446cc4ae3914a8783ff21e062,图书馆#1 / 图书馆总,BV11689996 / BV11456554,图书馆,2,总站与非总站混合，不自动合并
0b1773d73b3e4b4a9a9c961de0c3eb09,图书馆#1 / 图书馆总,BV11689996 / BV11456554,图书馆,2,总站与非总站混合，不自动合并
81738859a8f94cc4b221b3f88ad0f54d,太平小学 / 太平小学总,BV10020865 / BV11620155,太平小学,2,总站与非总站混合，不自动合并
996094923df34e309bba8c1958658941,太平小学 / 太平小学总,BV10020865 / BV11620155,太平小学,2,总站与非总站混合，不自动合并
2fc018b1337e4758b495d73a179b7613,合群村委 / 合群村委总,BV11152724 / BV11491337,合群村委总站,2,总站与非总站混合，不自动合并
5f9462d050d34447919152cc12047ed8,三百洞村委总 / 三百洞村委,BV11418722 / BV11334506,三百洞村委,2,总站与非总站混合，不自动合并
44b8b0b474e846d39ded5068e8796c26,东方广场北门 / 东方广场北门总,BV11139067 / BV10252150,东方广场北门总站,2,总站与非总站混合，不自动合并
015d6d75520c4a3e90df81691cf8d935,中山八路总 / 中山八路,BV10014194 / BV09213747,中山八路,2,总站与非总站混合，不自动合并
dd3a5260daa54c8983e05958fb16dbbc,团结围总 / 团结围,BV09242692 / BV10015943,团结围总站,2,总站与非总站混合，不自动合并
9dc68ff4c9bf4380978b51c5c17fff59,地铁横沥 / 横沥地铁站公交总,BV11603399 / BV11603419,地铁横沥站 / 横沥地铁站公交总站,2,总站与非总站混合，不自动合并
1513414eb43c4662aa0a170cc14d32ee,地铁横沥 / 横沥地铁站公交总,BV11603399 / BV11603419,地铁横沥站 / 横沥地铁站公交总站,2,总站与非总站混合，不自动合并
1fa0ed59e13e4e448179d328efb6f0f8,雁洲村总 / 雁洲村,BV11561860 / BV10023020,雁洲村总站,2,总站与非总站混合，不自动合并
730072115af14894bfc5fdb5daf1c58a,翡翠蓝湾社区总 / 翡翠蓝湾社区,BV09302203 / BV10405444,翡翠蓝湾社区总站,2,总站与非总站混合，不自动合并
14018d8826ba456195abc5c0a20103af,新垦 / 新垦总,BV10015875 / BV09302150,新垦,2,总站与非总站混合，不自动合并
1207542c5411430b97890c66070d4ced,华立学院 / 华立学院总,BV10020748 / BV11259172,华立学院,2,总站与非总站混合，不自动合并
a9f6a9be582e46d18849e6a7ca3e62fe,华立学院总 / 华立学院,BV11259172 / BV10020748,华立学院总站,2,总站与非总站混合，不自动合并
1b5de067af6248ac84c3286795ae3a85,誉山国际五区总 / 誉山国际五区,BV11380372 / BV11244693,誉山国际五区总站,2,总站与非总站混合，不自动合并
3136babf4b344b739081cdda2dd9d4a3,香山湖 / 香山湖总,BV11141640 / BV09237673,香山湖,2,总站与非总站混合，不自动合并
80981acb09544b47b6fd38ecf132bd37,叠溪花园 / 叠溪花园总,BV11118929 / BV09359809,叠溪花园,2,总站与非总站混合，不自动合并
64c3af1079ae4ef2b09fe61593c1994d,沐陂村总 / 沐陂村,BV10014615 / BV11458236,沐陂村总站,2,总站与非总站混合，不自动合并
e5fa21046dfe4943a2fa1d19820c4305,沥滘大埗头 / 沥滘大埗头总,BV11366953 / BV10022783,沥滘大埗头,2,总站与非总站混合，不自动合并
5e4f577dced34d39895d54dbe2c09187,丽江花园总 / 丽江花园,BV10015192 / BV10015193,丽江花园总站,2,总站与非总站混合，不自动合并
db82f1bcc6414771adbcf139822af324,体育中心 / 体育中心总,BV11688435 / BV10018645,体育中心,2,总站与非总站混合，不自动合并
c2c7c30ea3674196bd62b0329e4b1fe0,汇侨路 / 汇侨路总,BV10018043 / BV11461975,汇侨路,2,总站与非总站混合，不自动合并
2a09074a43934ad995cbaadd6d66ce25,汇侨新城 / 汇侨新城总,BV09226079 / BV10019063,汇侨新城 / 汇侨新城总站②,2,总站与非总站混合，不自动合并
242e0f5a56fe4024a07141ad58382b92,南方医院总 / 南方医院,BV10021222 / BV11688389,南方医院总站,2,总站与非总站混合，不自动合并
51ba970cdfbb485a8bf423dd0021278e,广州市档案馆南 / 广州市档案馆南总,BV09201159 / BV09201157,广州市档案馆南（大学城） / 广州市档案馆南（大学城）总站,2,总站与非总站混合，不自动合并
24430b8bc47b4904983875175ad7e304,黄岐办事处 / 黄岐办事处总,BV10641791 / BV10393784,黄岐办事处 / 黄岐办事处总站,2,总站与非总站混合，不自动合并
b77248e20d914e00a44b0b0939c223b4,黄岐办事处 / 黄岐办事处总,BV10641791 / BV10393784,黄岐办事处 / 黄岐办事处总站,2,总站与非总站混合，不自动合并
eb2427ab27414ea08cafe8f8231811b5,中山八路 / 中山八路总,BV09167549 / BV10014194,中山八路总站,2,总站与非总站混合，不自动合并
dc141023713e442b9c6564dcf17d02f5,沙面新城总 / 沙面新城,BV10393856 / BV09376900,沙面新城总站,2,总站与非总站混合，不自动合并
2d688eb7c3b8447d987164bb7bbc3153,穗盐路 / 穗盐路总,BV09318581 / BV10393984,穗盐路,2,总站与非总站混合，不自动合并
f6e5bcb9cda548b9bd14bd1602eb9155,穗盐路 / 穗盐路总,BV09318581 / BV10393984,穗盐路,2,总站与非总站混合，不自动合并
7e9317b3cab549c9ae3680557e9455cb,沙凤一路西 / 沙凤一路西总,BV11627312 / BV11457903,沙凤一路西,2,总站与非总站混合，不自动合并
3253199711094d9dad8513148236bc80,沙面新城 / 沙面新城总,BV09376900 / BV10393856,沙面新城总站,2,总站与非总站混合，不自动合并
99f993a92ffd4a3ab815421084d16c59,石壁中学总 / 石壁中学,BV11451734 / BV10023026,石壁中学总站 / 石壁中学,2,总站与非总站混合，不自动合并
06ef19d40425455896ad613029085cf8,石壁中学 / 石壁中学总,BV10023026 / BV11451734,石壁中学,2,总站与非总站混合，不自动合并
94e4d4e4420f44c7ab5e9d6485223561,儿童公园总 / 儿童公园#3,BV10454909 / BV11195830,儿童公园总站,2,总站与非总站混合，不自动合并
514c63ea8aca4304935201c4d6be356b,山海连城 / 山海连城总,BV11061616 / BV09341766,山海连城 / 山海连城总站,2,总站与非总站混合，不自动合并
ae4de1d7cb174e99a3731c52b5dbb673,洛溪南浦总 / 南浦车,BV10023117 / BV10023220,洛溪南浦总站 / 南浦车站,2,总站与非总站混合，不自动合并
141c05f14d6643919cf277d9497f081b,沙湾珠宝产业园总 / 威乐工业区,BV10388982 / BV10942758,沙湾珠宝产业园总站 / 威乐工业区,2,总站与非总站混合，不自动合并
7912e2351da64a4c8b3a8aae26d8b06e,地铁大石(新光快速) / 地铁大石总,BV11685768 / BV10019654,地铁大石站（新光辅道）,2,总站与非总站混合，不自动合并
a57089960b0e4f908339736f028f0e5c,竹山总 / 竹山村(番禺大道),BV11621709 / BV10990061,竹山总站 / 竹山村（番禺大道）,2,总站与非总站混合，不自动合并
4bafa12e027f4ab19f99f64efb7fd513,石碁文化广场 / 石碁文化广场总,BV10832137 / BV11139586,石碁文化广场,2,总站与非总站混合，不自动合并
9b6b63ef81774a60b1821d34529fe634,蔡边村总 / 蔡边村,BV10015073 / BV10019955,蔡边村总站 / 蔡边村,2,总站与非总站混合，不自动合并
aeb11cfd88504fb7875b25595a8ec13e,蔡边村总 / 蔡边村,BV10015073 / BV10019955,蔡边村总站 / 蔡边村,2,总站与非总站混合，不自动合并
ac22f2dc30b446d8ba7ff76cc074e5c4,地铁新造 / 地铁新造总,BV10020043 / BV11437063,地铁新造总站,2,总站与非总站混合，不自动合并
7eb7101228bc43a1b99c974fad983eb6,石碁文化广场 / 石碁文化广场总,BV10832137 / BV11139586,石碁文化广场总站,2,总站与非总站混合，不自动合并
1932a1b5083e46e2bfd9fd3aaefc3cae,人和墟(万家福广场) / 人和墟总,BV11689355 / BV10014381,人和墟（地铁人和站）,2,总站与非总站混合，不自动合并
f71cdd045ad148eca78af9ae09419fa2,赤坭医院 / 赤坭医院总,BV11375046 / BV11626267,赤坭医院,2,总站与非总站混合，不自动合并
67accf29cbdd47d7b2f23a479ab5979a,炭步总 / 炭步,BV10442979 / BV10703910,炭步总站,2,总站与非总站混合，不自动合并
8eb4296461ab4b3a99d560a427ccbae0,狮岭汽车站总 / 狮岭汽车,BV11306579 / BV10015488,狮岭汽车站总站 / 狮岭汽车站,2,总站与非总站混合，不自动合并
c88a1cedd98c456b8d370241491e542f,广东国防教育基地 / 广东国防教育基地总,BV09237932 / BV10976452,广东国防教育基地,2,总站与非总站混合，不自动合并
fc6dceab411543c189f1867f236a7604,白云农批市场 / 金湖雅苑总,BV10013964 / BV10021815,白云农批市场 / 金湖雅苑总站,2,总站与非总站混合，不自动合并
