候选,BV站点ID
广州大道中#1 ↔ 广州大道中#2  [广州大道中①],BV09382002 / BV10014367 / BV11687847 / BV09230306
广州大道中#1 ↔ 广州大道中#2  [广州大道中②],BV09230306 / BV10014367 / BV11687847
五洲装饰城(地铁厦滘站) ↔ 五洲装饰城  [五洲装饰城（地铁厦滘站）],BV11689280 / BV10681282 / BV10681281
广州大桥北(五羊邨) ↔ 广州大桥北站(五羊邨)  [广州大桥北（五羊邨）②],BV09005177 / BV11474544 / BV09377936
江南新村(骨伤科医院)#1 ↔ 江南新村  [江南新村（骨伤科医院）],BV10018367 / BV09276322 / BV09387478
江南新村(骨伤科医院)#1 ↔ 江南新村  [江南新村（骨伤科医院）],BV10018367 / BV09276324 / BV09387478
五洲装饰城(地铁厦滘站) ↔ 五洲装饰城  [五洲装饰城（地铁厦滘站）],BV11689280 / BV10681281 / BV09291068
开创大道(时代天境) ↔ 开创大道#2 ↔ 开创大道#1  [开创大道（时代天境）],BV09254012 / BV09256769 / BV10653045
龙星村#1 ↔ 龙星村#2  [龙星村①],BV11352898 / BV11352903 / BV11352902
白沙总 ↔ 白沙(中海金沙湾)总 ↔ 白沙总站(中海金沙湾)  [白沙（中海金沙湾）总站],BV11585800 / BV11341395 / BV10572835
广州大桥北(五羊邨) ↔ 广州大桥北站(五羊邨)  [广州大桥北（五羊邨）①],BV09005177 / BV11474544
广州大桥北(五羊邨) ↔ 广州大桥北站(五羊邨)  [广州大桥北（五羊邨）③],BV09005177 / BV11474544
石井(广东兵工厂旧址)#1 ↔ 石井#1  [石井（广东兵工厂旧址）],BV09368725 / BV09368284
东山口站(东华北路) ↔ 东山口(东华北路)  [东山口（东华北路） / 东山口（东华北路）②],BV10693291 / BV11448834
广州大桥北站(五羊邨) ↔ 广州大桥北(五羊邨)  [广州大桥北（五羊邨）②],BV11474544 / BV09005177
广州大道中#1 ↔ 广州大道中#2  [广州大道中③],BV11687847 / BV10014367
花城大道(华穗路口)#1 ↔ 花城大道(华穗路口)#2  [花城大道],BV11462417 / BV11474543
赤沙总 ↔ 赤沙(广东财经大学)总  [赤沙（广东财经大学）总站],BV10015733 / BV11554062
广州火车站总 ↔ 广州火车站(草暖公园)总  [广州火车站（草暖公园）总站],BV10014059 / BV09330045
南洲路总站(小洲南路口) ↔ 南洲路(小洲南路口)总  [南洲路（小洲南路口）总站],BV09243517 / BV09244066
华景新城(翰景路)总 ↔ 华景新城总站(翰景路)  [华景新城（翰景路）总站],BV11578887 / BV11107113
花城大道(华穗路口)#1 ↔ 花城大道(华穗路口)#2  [花城大道],BV11462417 / BV11474543
广州大桥北(五羊邨) ↔ 广州大桥北站(五羊邨)  [广州大桥北（五羊邨）①],BV09005177 / BV11474544
广州大桥北(五羊邨) ↔ 广州大桥北站(五羊邨)  [广州大桥北（五羊邨）3],BV09005177 / BV11474544
东山总站(署前路) ↔ 东山(署前路)总  [东山（署前路）总站],BV10021758 / BV09347831
东山龟岗(中共三大会址)总 ↔ 东山龟岗总  [东山龟岗（中共三大会址）总站],BV10416004 / BV11625413
罗冲围总站(松南路) ↔ 罗冲围(松南)总  [罗冲围（松南路）总站],BV10016552 / BV09400280
黄石东(白云尚城)总 ↔ 黄石东总  [黄石东（白云尚城）总站],BV10832133 / BV10013663
黄石东(白云尚城)总 ↔ 黄石东总  [黄石东（白云尚城）总站],BV10832133 / BV10013663
广州大道中#2 ↔ 广州大道中#1  [广州大道中①],BV10014367 / BV09382002
富力桃园(增埗村)总 ↔ 富力桃园总站(增埗村)  [富力桃园（增埗村）总站],BV11044096 / BV11639167
迎龙路(石门禅院) ↔ 迎龙路#2  [迎龙路（石门禅院）],BV09396367 / BV09345882
科学城(揽月路)总 ↔ 科学城总站(揽月路)  [科学城（揽月路）总站 / 科学城（揽月路）总站①],BV09199365 / BV09266626
开创大道#1 ↔ 开创大道(香雪山南)  [开创大道（香雪山南）],BV10653045 / BV11690285
科丰路(科林路口) ↔ 科丰路（科林路口）  [科丰路（科林路口）],BV09267391 / CL100014
广汕路(科景路口)总 ↔ 广汕路总站(科景路口)  [广汕路（科景路口）总站],BV09070817 / BV09074106
开源大道 ↔ 开源大道(云信路口)  [开源大道（云信路口）],BV09067478 / BV09065655
开泰大道(瑞和路口) ↔ 开泰大道站(瑞和路口)  [开泰大道（瑞和路口）],BV10846994 / BV10924416
萝岗香雪总 ↔ 萝岗香雪(梅花世界)总  [萝岗香雪（梅花世界）总站],BV10017511 / BV11632957
永和总#1 ↔ 永和(万科里享家)总  [永和（万科里享家）总站],BV10767509 / BV09385631
云埔一路总 ↔ 云埔一路(中一药业)总  [云埔一路（中一药业）总站],BV10017550 / BV10991201
开泰大道(新阳路口)#1 ↔ 开泰大道(新阳路口)#2  [开泰大道（新阳路口）],BV11466898 / BV11690288
南岗总 ↔ 南岗(总站)  [南岗总站],BV10017343 / BV09074314
凤凰五路(粤芯路口) ↔ 凤凰五路  [凤凰五路],BV09394736 / BV09112243
穗丰村总站(兴太三路) ↔ 穗丰村(兴太三路)总  [穗丰村（兴太三路）总站],BV09403797 / BV09403105
知识城南总 ↔ 知识城南(地铁何棠下站)总  [知识城南（地铁何棠下站）总站],BV11302780 / BV09320057
科学大道(揽月路路口) ↔ 科学大道  [科学大道（揽月路路口）],BV10653043 / BV10847049
开创大道(时代天境) ↔ 开创大道#2  [开创大道（时代天境）],BV09254012 / BV09256769
大沙东(黄埔海关) ↔ 大沙东  [大沙东（黄埔海关）],BV09227577 / BV11248514
吉山新路街 ↔ 吉山新路街(吉山村委)  [吉山新路街（吉山村委）],BV11086040 / BV11620081
开源大道(云信路口) ↔ 开源大道  [开源大道（云信路口）],BV09065655 / BV09067478
启学路(玉岩路路口) ↔ 启学路站(玉岩路路口)  [启学路（玉岩路路口）],BV10014029 / BV11102415
新庄二路(新安路口) ↔ 新庄二路站(新安路口)  [新庄二路（新安路口）],BV09003168 / BV11102413
长贤路#2 ↔ 长贤路#1  [长贤路（岭南林语南门）],BV11488679 / BV11674524
百顺北路总 ↔ 百顺北路(岭南新世界)总  [百顺北路（岭南新世界）总站],BV11655931 / BV09245159
百顺北路总 ↔ 百顺北路(岭南新世界)总  [百顺北路（岭南新世界）总站],BV11655931 / BV09245159
大沙东(黄埔海关) ↔ 大沙东  [大沙东（黄埔海关）],BV09227577 / BV11248514
南岗总 ↔ 南岗(总站)  [南岗总站],BV10017343 / BV09074314
知明路南 ↔ 知明路南(广州泰和肿瘤医院)  [知明路南],BV09299187 / BV09299182
渔沙坦总站(渔中路) ↔ 渔沙坦(渔中路)总  [渔沙坦（渔中路）总站],BV10014298 / BV09404923
光谱西路(神舟路路口) ↔ 光谱西路  [光谱西路（神舟路路口）],BV11467032 / BV11467019
科学城(揽月路)总 ↔ 科学城总站(揽月路)  [科学城（揽月路）总站 / 科学城（揽月路）总站②],BV09199365 / BV09266626
保税区(酒博城)总 ↔ 保税区总  [保税区（酒博城）总站],BV09385630 / BV10022078
保税区(酒博城)总 ↔ 保税区总  [保税区（酒博城）总站],BV09385630 / BV10022078
太和总#2 ↔ 太和(民营科技园)总  [太和（民营科技园）总站],BV10019031 / BV11459336
太和总#2 ↔ 太和(民营科技园)总  [太和（民营科技园）总站],BV10019031 / BV11459336
华观路(火炉山森林公园) ↔ 华观路  [华观路（火炉山森林公园）],BV10405622 / BV11689185
人和总 ↔ 人和(恒充充电站)总  [人和（恒充充电站）总站],BV11648878 / BV09293649
上水 ↔ 上水(广州老人院)  [上水],BV11623811 / BV11621267
钟落潭总 ↔ 钟落潭(白云星汇城)总  [钟落潭（白云星汇城）总站],BV09344048 / BV09298089
龙兴西路#2 ↔ 龙兴西路#1  [龙兴西路],BV09180357 / BV11171945
龙兴西路#1 ↔ 龙兴西路#2  [龙兴西路],BV11171945 / BV09180357
华观路(火炉山森林公园) ↔ 华观路  [华观路（火炉山森林公园）],BV10405622 / BV11689185
荔勤南路 ↔ 荔勤南路(崇文四路口)  [荔勤南路],BV09149595 / BV09308841
空港大道(永和西街口) ↔ 空港大道#1  [空港大道],BV09063602 / BV11621666
兴民路总 ↔ 兴民路(天汇广场)总  [兴民路（天汇广场）总站],BV10828446 / BV09408342
地铁沙溪 ↔ 地铁沙溪站(E1出口)  [地铁沙溪站],BV10019645 / BV11604375
永顺大道(新业路口) ↔ 永顺大道  [永顺大道],BV09076741 / BV11690259
黄埔东路(石化南路)总 ↔ 黄埔东路总站(石化南路)  [黄埔东路（石化南路）总站],BV09065963 / BV09065518
旧黄茅#1 ↔ 旧黄茅#2  [旧黄茅],BV11632515 / BV11352959
五丰新村#1 ↔ 五丰新村#2  [五丰新村],BV11632962 / BV11491323
红联#1 ↔ 红联#2  [红联站],BV11596280 / BV11596279
佛岗村委 ↔ 佛岗村委(八号仓东)  [佛岗村委（八号仓东）站],BV11332852 / BV09303681
芳村大道西总 ↔ 芳村大道西(滘口汽车站)总  [芳村大道西（滘口客运站）总站],BV11035137 / BV11648146
祈丰路(金洲地铁) ↔ 祈丰路  [祈丰路（金洲地铁站）],BV11156027 / BV11206071
医谷 ↔ 医谷(视联科创)  [医谷（视联科创）],BV09099102 / BV09305436
石基村站(市南路) ↔ 石基村(市南路)  [石基村（市南路）],BV11624360 / BV09347034
南沙疾控中心(启慧学校) ↔ 南沙疾控中心  [南沙疾控中心（启慧学校）],BV11477167 / BV11520060
二湾路口(大岗供电所) ↔ 二湾路口  [二湾路口（大岗供电所）],BV11419871 / BV10014935
石岗村(亚运大道) ↔ 石岗村#1  [石岗村（亚运大道）],BV09200218 / BV09197108
和平村 ↔ 和平村(招呼站)  [和平村],BV11119399 / BV11409762
地铁海涌路站(海傍村) ↔ 地铁海涌路  [地铁海涌路站（海傍村）],BV09343732 / BV09350053
石岗村(亚运大道) ↔ 石岗村#1  [石岗村（亚运大道）],BV09200218 / BV09197108
广医二院南门(番禺院区) ↔ 广医二院(番禺院区)南门  [广医二院南门（番禺院区）],BV11168024 / BV11483408
华景新城(南华路) ↔ 华景新城#2  [华景新城],BV10019865 / BV11578800
北环路(圃结街路口) ↔ 北环路  [北环路（渔人码头）],BV11627531 / BV09357587
雅居乐总#2 ↔ 雅居乐(城南源著)总  [雅居乐（城南源著）总站],BV11384377 / BV10581069
德贤路(时代雅苑) ↔ 德贤路  [德贤路],BV11633334 / BV10435949
德贤路 ↔ 德贤路(时代雅苑)  [德贤路],BV10435949 / BV11633334
永乐村(水渭路口) ↔ 永乐村  [永乐村],BV10432262 / BV10016657
碧桂园(会所) ↔ 碧桂园#3  [碧桂园（漾翠苑）],BV11615670 / BV09041130
