站点ID,记录中出现过的站名,bus_stops站名
[],宝安汽车站(107国道) / 裕安路口公交站(107国道) / 西乡立交公交站(107国道) / 固戍村站(107国道) / 黄田公交站(107国道) / 宝安交警大队公交站 / 福永汽车站 / 沙井中心客运站公交站 / 松岗天虹商场,宝安汽车站(107国道)
BV09183567,广州大道南(叠景路口) / 广州大道南(叠景路口)1 / 广州大道南(叠景路口)站 / 广州大道南(叠景路口)2,广州大道南(叠景路口)1
BV09238939,广州大道南(叠景路口)3 / 广州大道南(叠景路口)站 / 广州大道南(叠景路口) / 广州大道南(叠景路口)2,广州大道南(叠景路口)3
BV09228303,鹤龙四路(龙兴西路口)站 / 鹤龙四路(龙兴西路口) / 鹤龙四路(龙兴西路口)2 / 鹤龙四路(龙兴西路口)1,鹤龙四路(龙兴西路口)1
BV09316963,江海大道中2 / 江海大道中 / 江海大道中站 / 江海大道中1 / 江海大道中总站,江海大道中2
BV09184938,广州大道南(叠景路口)2 / 广州大道南(叠景路口) / 广州大道南(叠景路口)站,广州大道南(叠景路口)2
BV09226067,新市墟 / 新市墟3 / 新市墟2 / 新市墟4 / 新市墟站 / 新市墟5,新市墟2
BV11690288,开泰大道(开达路口) / 开泰大道(开达路口)站 / 开泰大道(新阳路口),开泰大道(开达路口)
BV09302293,城西花园2 / 城西花园1 / 城西花园站 / 城西花园总站 / 城西花园,城西花园2
BV09169835,棠下(三元里大道)2 / 棠下(三元里大道) / 棠下(三元里大道)1,棠下(三元里大道)2
BV09232892,华侨医院(潭村)1 / 华侨医院(潭村) / 华侨医院(潭村)站,华侨医院(潭村)1
BV09226083,新市墟2 / 新市墟 / 新市墟站2 / 新市墟1 / 新市墟3,新市墟1
BV09077732,中山大学附属第一(南沙)医院 / 中山大学附属第一(南沙)医院站,中山大学附属第一(南沙)医院
BV09213747,中山八路 / 中山八路1 / 中山八路站 / 中山八路总站,中山八路1
BV09375065,体育中心 / 体育中心1 / 体育中心总站 / 体育中心站,体育中心1
BV09364271,云台花园 / 云台花园2 / 云台花园站 / 云台花园总站,云台花园2
BV09167549,中山八路2 / 中山八路 / 中山八路总站 / 中山八路站,中山八路2
BV09209214,东风西路1 / 东风西路 / 东风西路站2 / 东风西路站,东风西路1
BV09172266,江湾桥南站 / 江湾桥南2 / 江湾桥南 / 江湾桥南1,江湾桥南2
BV09271785,广州体院2 / 广州体院站 / 广州体院 / 广州体院1,广州体院2
BV09193343,中山大学1 / 中山大学站 / 中山大学 / 中山大学2,中山大学1
BV09238795,和平新村1 / 和平新村2 / 和平新村 / 和平新村站,和平新村1
BV11329134,金沙洲路 / 金沙洲路2 / 金沙洲路1 / 金沙洲路站,金沙洲路2
BV09235566,新丰路口站 / 新丰路口 / 新丰路口2 / 新丰路口1,新丰路口1
BV11692323,开创大道(香雪八路路口) / 开创大道(香雪八路路口)站,开创大道(香雪八路路口)站
BV11322695,外语外贸大学(公开学院) / 外语外贸大学(公开学院)站,外语外贸大学(公开学院)
BV09099112,华南师范大学附属南沙中学站 / 华南师范大学附属南沙中学,华南师范大学附属南沙中学
BV11688403,石井文化广场(石丰路) / 石井文化广场(石丰路)站,石井文化广场(石丰路)
BV11688425,黄石东路(云城西路口)站 / 黄石东路(云城西路口),黄石东路(云城西路口)站
BV09217029,同和站 / 同和3 / 同和 / 同和1 / 同和2,同和3
BV09230319,东风东路(陵园西路口)1 / 东风东路(陵园西路口),东风东路(陵园西路口)1
BV11278289,东风东路(陵园西路口) / 东风东路(陵园西路口)站,东风东路(陵园西路口)
BV09232762,地铁市二宫站 / 地铁市二宫站1 / 地铁市二宫站2,地铁市二宫站1
BV11687883,龙溪立交南(坑口牌坊) / 龙溪立交南(坑口牌坊)站,龙溪立交南(坑口牌坊)
BV09364517,流花(南部战区总医院)站 / 流花(南部战区总医院),流花(南部战区总医院)站
BV09230320,东风东路(陵园西路口) / 东风东路(陵园西路口)2,东风东路(陵园西路口)2
BV09226120,越秀公园北门1 / 越秀公园北门 / 越秀公园北门站,越秀公园北门1
BV10461190,富力半岛花园1 / 富力半岛花园 / 富力半岛花园站,富力半岛花园1
BV11675544,罗冲围客运站 / 罗冲围客运站2 / 罗冲围客运站1,罗冲围客运站2
BV09319309,太和文化广场 / 太和文化广场2 / 太和文化广场站,太和文化广场2
BV09164965,三元里大道中 / 三元里大道中2 / 三元里大道中站,三元里大道中2
BV11467022,瑞和路北(开泰大道口) / 瑞和路北(开泰大道口)站,瑞和路北(开泰大道口)
BV11488846,新安路(摇田河大街口)站 / 新安路(摇田河大街口),新安路(摇田河大街口)
BV11466907,开泰大道(天泰二路口)站 / 开泰大道(天泰二路口),开泰大道(天泰二路口)
BV10885190,南云四路(南翔三路口)站 / 南云四路(南翔三路口),南云四路(南翔三路口)
BV10653043,科学大道(揽月路路口) / 科学大道(揽月路路口)站,科学大道(揽月路路口)站
BV11466897,开泰大道(东明三路口) / 开泰大道(东明三路口)站,开泰大道(东明三路口)
BV11467032,光谱西路(神舟路路口) / 光谱西路(神舟路路口)站,光谱西路(神舟路路口)
BV09226081,鹤龙四路(龙兴西路口)2 / 鹤龙四路(龙兴西路口),鹤龙四路(龙兴西路口)2
BV09245150,石井文化广场(石丰路)1 / 石井文化广场(石丰路),石井文化广场(石丰路)1
BV09187508,明珠科学园(万新大道) / 明珠科学园(万新大道)站,明珠科学园(万新大道)
BV11631975,番禺大道南(东怡新区) / 番禺大道南(东怡新区)站,番禺大道南(东怡新区)站
BV09370308,美的工业园(南珠大道)站 / 美的工业园(南珠大道),美的工业园(南珠大道)
BV11534205,空港大道(永和西街口) / 空港大道(永和西街口)站,空港大道(永和西街口)站
BV09343732,地铁海涌路站(海傍村)站 / 地铁海涌路站(海傍村),地铁海涌路站(海傍村)站
BV09192168,丹水坑 / 丹水坑2 / 丹水坑站2 / 丹水坑站,丹水坑站2
BV09376615,白云路 / 白云路1 / 白云路总站 / 白云路站,白云路1
BV09212864,人和墟 / 人和墟2 / 人和墟总站 / 人和墟站,人和墟2
BV09005177,广州大桥北(五羊邨) / 广州大桥北(五羊邨)站,广州大桥北(五羊邨)
BV09368222,梓元岗站 / 梓元岗 / 梓元岗2 / 梓元岗1,梓元岗2
BV09000538,富力环市西苑(西村) / 富力环市西苑(西村)站,富力环市西苑(西村)
BV09356487,西湾路2 / 西湾路 / 西湾路1 / 西湾路3,西湾路2
BV11688402,花地大道北(花地湾) / 花地大道北(花地湾)站,花地大道北(花地湾)站
BV09161217,新市墟站 / 新市墟 / 新市墟2 / 新市墟3,新市墟3
BV11091379,人民北路(站南路口) / 人民北路(站南路口)站,人民北路(站南路口)
BV09215180,文明路2 / 文明路1 / 文明路站 / 文明路,文明路1
BV09226101,信和广场(昌岗中路)2 / 信和广场(昌岗中路),信和广场(昌岗中路)2
BV09330409,龙溪中路(江北路口)站 / 龙溪中路(江北路口),龙溪中路(江北路口)站
BV09006142,开发区加速器产业园区 / 开发区加速器产业园区站,开发区加速器产业园区
BV11690286,开创大道(连云路口) / 开创大道(连云路口)站,开创大道(连云路口)
BV11688158,开创大道(广汕路口) / 开创大道(广汕路口)站,开创大道(广汕路口)
BV09002104,开创大道(科翔路口) / 开创大道(科翔路口)站,开创大道(科翔路口)
BV11690285,开创大道(香雪山南) / 开创大道(香雪山南)站,开创大道(香雪山南)站
BV11466898,开泰大道(新阳路口) / 开泰大道(新阳路口)站,开泰大道(新阳路口)
BV09005644,开泰大道(科丰路口)站 / 开泰大道(科丰路口),开泰大道(科丰路口)站
BV11268996,大观中路(新塘大街)站 / 大观中路(新塘大街),大观中路(新塘大街)站
BV09065655,开源大道(云信路口) / 开源大道(云信路口)站,开源大道(云信路口)
BV09237474,开泰大道(开源路口)站 / 开泰大道(开源路口),开泰大道(开源路口)站
BV10846994,开泰大道(瑞和路口) / 开泰大道(瑞和路口)站,开泰大道(瑞和路口)
BV11488674,香雪大道(下中路口)站 / 香雪大道(下中路口),香雪大道(下中路口)
BV11488680,萝岭路(永顺大道口)站 / 萝岭路(永顺大道口),萝岭路(永顺大道口)
BV11467038,科翔路(尖塔山路口) / 科翔路(尖塔山路口)站,科翔路(尖塔山路口)
BV11360164,知识城南(凤湖四路) / 知识城南(凤湖四路)站,知识城南(凤湖四路)
BV09062309,开发大道(骏成路口) / 开发大道(骏成路口)站,开发大道(骏成路口)站
BV11483390,兴龙大道(迳头三社) / 兴龙大道(迳头三社)站,兴龙大道(迳头三社)站
BV11483400,永龙大道(七木桥村) / 永龙大道(七木桥村)站,永龙大道(七木桥村)站
BV10653034,永顺大道(民兵路口)站 / 永顺大道(民兵路口),永顺大道(民兵路口)站
BV09003168,新庄二路(新安路口)站 / 新庄二路(新安路口),新庄二路(新安路口)站
BV11075868,科学大道(映日路口)站 / 科学大道(映日路口),科学大道(映日路口)站
BV09400279,黄埔低空经济创新中心站 / 黄埔低空经济创新中心,黄埔低空经济创新中心站
BV11467010,大观北路(广汕路口) / 大观北路(广汕路口)站,大观北路(广汕路口)
BV11478033,三元里大道(桂花岗)1 / 三元里大道(桂花岗),三元里大道(桂花岗)1
BV09343742,科学城路口1 / 科学城路口 / 科学城路口站1,科学城路口站1
BV09062348,广从一路(荟贤路口) / 广从一路(荟贤路口)站,广从一路(荟贤路口)
BV11388327,广东工贸职业技术学院 / 广东工贸职业技术学院站,广东工贸职业技术学院
BV11632942,黄边北路(广云路口)站 / 黄边北路(广云路口),黄边北路(广云路口)站
BV11568713,高增一村(方华公路) / 高增一村(方华公路)站,高增一村(方华公路)
BV11497597,光谱东路(新乐路口) / 光谱东路(新乐路口)站,光谱东路(新乐路口)站
BV11471222,从化大桥(向阳大车)站 / 从化大桥(向阳大车),从化大桥(向阳大车)站
BV09283807,南华工贸高级技工学校 / 南华工贸高级技工学校站,南华工贸高级技工学校站
BV09088846,广州南沙国际物流中心站 / 广州南沙国际物流中心,广州南沙国际物流中心站
BV09066536,凤凰大道(市南路口) / 凤凰大道(市南路口)站,凤凰大道(市南路口)
BV11459792,星海中学(光明北路) / 星海中学(光明北路)站,星海中学(光明北路)
BV10019883,何贤医院(清河东路) / 何贤医院(清河东路)站,何贤医院(清河东路)
BV10019882,邮电大厦(清河东路) / 邮电大厦(清河东路)站,邮电大厦(清河东路)
BV09376612,中山图书馆站 / 中山图书馆 / 中山图书馆2,中山图书馆2
BV09394368,广东电视台 / 广东电视台2 / 广东电视台1,广东电视台2
BV09230318,动物园南门1 / 动物园南门 / 动物园南门站,动物园南门1
BV09382002,广州大道中1 / 广州大道中 / 广州大道中2,广州大道中1
BV09360317,新滘西路口 / 新滘西路口站 / 新滘西路口2,新滘西路口2
BV09226089,机场立交北 / 机场立交北3 / 机场立交北1,机场立交北1
BV09413161,猎德大道北站 / 猎德大道北 / 猎德大道北2,猎德大道北2
BV09176205,广外(白云山西门)1 / 广外(白云山西门)2,广外(白云山西门)1
BV11547976,新华工业区1 / 新华工业区2 / 新华工业区,新华工业区1
BV11261928,海珠广场(侨光西) / 海珠广场(侨光西)站,海珠广场(侨光西)站
BV11279582,江夏(黄石东路中)站 / 江夏(黄石东路中),江夏(黄石东路中)站
BV11448834,东山口(东华北路) / 东山口(东华北路)站,东山口(东华北路)
BV09172231,棠下(三元里大道) / 棠下(三元里大道)1,棠下(三元里大道)1
BV09091929,省荣军医院(荣校)2 / 省荣军医院(荣校),省荣军医院(荣校)2
BV09242540,西门口(中山六路) / 西门口(中山六路)站,西门口(中山六路)
BV10798986,花地大道(海南村)站 / 花地大道(海南村),花地大道(海南村)站
BV11619527,护林路(镇东路口)站 / 护林路(镇东路口),护林路(镇东路口)站
BV09322857,东山口(东华北路) / 东山口(东华北路)1,东山口(东华北路)1
BV11481835,石潭路(南新大街) / 石潭路(南新大街)站,石潭路(南新大街)
BV11691317,邮电大厦(德兴路) / 邮电大厦(德兴路)站,邮电大厦(德兴路)站
BV09302751,丹山村(桥兴大道) / 丹山村(桥兴大道)站,丹山村(桥兴大道)站
BV10017211,迎龙路(华快桥底)站 / 迎龙路(华快桥底),迎龙路(华快桥底)站
BV09066404,广汕路(科景路口) / 广汕路(科景路口)站,广汕路(科景路口)
BV11488681,香雪大道图书馆北门站 / 香雪大道图书馆北门,香雪大道图书馆北门
BV11314256,布岭路(新业路口) / 布岭路(新业路口)站,布岭路(新业路口)
BV11467025,科翔路(香山路口) / 科翔路(香山路口)站,科翔路(香山路口)
BV11689178,护林路(茅岗路口) / 护林路(茅岗路口)站,护林路(茅岗路口)
BV09299181,中山六院知识城院区站 / 中山六院知识城院区,中山六院知识城院区站
BV10016021,省中医院大学城医院 / 省中医院大学城医院站,省中医院大学城医院
BV09062310,航空轮胎大科学中心站 / 航空轮胎大科学中心,航空轮胎大科学中心站
BV11488675,二中(科学城校区) / 二中(科学城校区)站,二中(科学城校区)
BV11118500,广园路(科韵路口) / 广园路(科韵路口)站,广园路(科韵路口)站
BV09242695,大沥路(田心村口) / 大沥路(田心村口)站,大沥路(田心村口)
BV11687942,棠下(三元里大道) / 棠下(三元里大道)站,棠下(三元里大道)
BV10808747,流溪河国家森林公园 / 流溪河国家森林公园站,流溪河国家森林公园
BV10945933,珠江街(珠江二路)站 / 珠江街(珠江二路),珠江街(珠江二路)
BV11694276,珠江街(灵新大道) / 珠江街(灵新大道)站,珠江街(灵新大道)
BV11689816,成丰生态园农业公园 / 成丰生态园农业公园站,成丰生态园农业公园站
BV09353781,珠江街卫生服务中心 / 珠江街卫生服务中心站,珠江街卫生服务中心站
BV10020699,天益村(南沙大道)站 / 天益村(南沙大道),天益村(南沙大道)站
BV09175714,太石村(南沙大道) / 太石村(南沙大道)站,太石村(南沙大道)
BV11688119,南区公园(福德路) / 南区公园(福德路)站,南区公园(福德路)
BV11507780,广铁一中亚运城小学 / 广铁一中亚运城小学站,广铁一中亚运城小学
BV09087077,中山六路 / 中山六路站2 / 中山六路站,中山六路站2
BV09385884,市中医院2 / 市中医院 / 市中医院站2,市中医院站2
BV09368726,五山路口站 / 五山路口 / 五山路口站1,五山路口站1
BV09304066,花地大道站 / 花地大道 / 花地大道站1,花地大道站1
BV09313214,人民日报广东分社 / 人民日报广东分社站2,人民日报广东分社站2
BV09078984,地铁南沙客运港站2 / 地铁南沙客运港站1,地铁南沙客运港站2
BV09359515,江湾桥南1 / 江湾桥南 / 江湾桥南站,江湾桥南1
BV09406264,敦和 / 敦和2 / 敦和站 / 敦和3,敦和2
BV09377600,客村立交 / 客村立交1 / 客村立交站,客村立交1
BV09026856,敦和 / 敦和3 / 敦和站 / 敦和2,敦和3
BV09226094,越秀公园 / 越秀公园2 / 越秀公园站,越秀公园2
BV11596047,越秀公园3 / 越秀公园 / 越秀公园站,越秀公园3
BV09319720,越秀南路 / 越秀南路2 / 越秀南路站,越秀南路2
BV09293281,南方医院 / 南方医院1 / 南方医院2,南方医院1
BV09209209,小坪 / 小坪2 / 小坪站 / 小坪1,小坪2
BV11621851,基立下道1 / 基立下道 / 基立下道站,基立下道1
BV09317596,赤岗路口2 / 赤岗路口 / 赤岗路口站,赤岗路口2
BV09366519,五山路口2 / 五山路口站 / 五山路口,五山路口2
BV09230294,东风西路3 / 东风西路 / 东风西路站,东风西路3
BV09317154,西湾和苑站 / 西湾和苑 / 西湾和苑2,西湾和苑2
BV09399597,同和站 / 同和 / 同和1 / 同和2,同和1
BV09199575,南方医院2 / 南方医院 / 南方医院1,南方医院2
BV09411494,广州体院 / 广州体院1 / 广州体院站,广州体院1
BV09178253,国防大厦2 / 国防大厦 / 国防大厦1,国防大厦2
BV10539406,华侨医院(潭村) / 华侨医院(潭村)站,华侨医院(潭村)
BV09285360,员村山顶 / 员村山顶3 / 员村山顶站,员村山顶3
BV09317153,国防大厦1 / 国防大厦 / 国防大厦2,国防大厦1
BV09243523,中山大学 / 中山大学2 / 中山大学站,中山大学2
BV10013684,赤岗(江海大道) / 赤岗(江海大道)站,赤岗(江海大道)站
BV11688341,大塘(江海大道) / 大塘(江海大道)站,大塘(江海大道)站
BV09097374,豪景花园 / 豪景花园1 / 豪景花园2,豪景花园1
BV09412828,濂泉路口 / 濂泉路口2 / 濂泉路口站,濂泉路口2
BV09373903,云台花园 / 云台花园1 / 云台花园2,云台花园1
BV09407139,金碧花园 / 金碧花园1 / 金碧花园站,金碧花园1
BV09226097,解放中路 / 解放中路2 / 解放中路站,解放中路2
BV09317631,华海大厦 / 华海大厦1 / 华海大厦站,华海大厦1
BV09314790,革新路口 / 革新路口1 / 革新路口站,革新路口1
BV09160624,鹭江1 / 鹭江站 / 鹭江 / 鹭江2,鹭江1
BV11688574,广州电大麓湖校区 / 广州电大麓湖校区站,广州电大麓湖校区
BV09317749,雕塑公园1 / 雕塑公园 / 雕塑公园站,雕塑公园1
BV09226091,解放南路2 / 解放南路 / 解放南路站,解放南路2
BV09413050,海印桥南 / 海印桥南站 / 海印桥南2,海印桥南2
BV09178250,西塱1 / 西塱站 / 西塱2 / 西塱,西塱1
BV11448516,黄埔广附实验学校站 / 黄埔广附实验学校,黄埔广附实验学校站
BV09266313,越秀公园 / 越秀公园1 / 越秀公园2,越秀公园1
BV09238796,和平新村 / 和平新村2 / 和平新村1,和平新村2
BV09165291,清湖村口2 / 清湖村口1 / 清湖村口,清湖村口2
BV11688460,广外附设外语学校 / 广外附设外语学校站,广外附设外语学校
BV09348371,天河2 / 天河1 / 天河 / 天河站,天河1
BV09226063,联和2 / 联和1 / 联和 / 联和站,联和2
BV09344864,武警医院 / 武警医院2 / 武警医院站,武警医院2
BV09341157,燕塘企业3 / 燕塘企业 / 燕塘企业站,燕塘企业3
BV11412826,广州科技创新基地 / 广州科技创新基地站,广州科技创新基地
BV09209215,新丰路口站 / 新丰路口2 / 新丰路口,新丰路口2
BV10411318,华峰路(红旗村) / 华峰路(红旗村)站,华峰路(红旗村)站
BV09368639,新丰路(布岭村)站 / 新丰路(布岭村),新丰路(布岭村)站
BV11687886,天河软件园管委会站 / 天河软件园管委会,天河软件园管委会
BV09237172,广州市第二老人院 / 广州市第二老人院站,广州市第二老人院站
BV09303618,城市规划展览中心站 / 城市规划展览中心,城市规划展览中心
BV11360195,合生湖山国际峰景 / 合生湖山国际峰景站,合生湖山国际峰景
BV10014102,旺旺食品有限公司 / 旺旺食品有限公司站,旺旺食品有限公司
BV09199072,鹤洞路西1 / 鹤洞路西站 / 鹤洞路西,鹤洞路西1
BV09226497,广州白云站东广场 / 广州白云站东广场站,广州白云站东广场站
BV09369963,金沙洲路1 / 金沙洲路 / 金沙洲路2,金沙洲路1
BV11250297,海珠湿地公园南门站 / 海珠湿地公园南门,海珠湿地公园南门站
BV11345927,南方医院江高院区 / 南方医院江高院区站,南方医院江高院区站
BV09226087,清湖村口2 / 清湖村口1 / 清湖村口,清湖村口1
BV09225302,广州白云站西广场站 / 广州白云站西广场,广州白云站西广场
BV09081166,凌塘村站1 / 凌塘村站2 / 凌塘村1,凌塘村站1
BV09195621,广州空港博览中心站 / 广州空港博览中心,广州空港博览中心
BV11420061,广东电子信息中心站 / 广东电子信息中心,广东电子信息中心站
BV09314048,雅居乐·雍景豪园 / 雅居乐·雍景豪园站,雅居乐·雍景豪园站
BV11175921,桂城长者颐乐中心 / 桂城长者颐乐中心站,桂城长者颐乐中心
BV11131945,华南新城南区正门站 / 华南新城南区正门,华南新城南区正门站
BV11374292,中船龙穴基地宿舍站 / 中船龙穴基地宿舍,中船龙穴基地宿舍站
BV09306751,五涌(龙穴大道)站 / 五涌(龙穴大道),五涌(龙穴大道)
BV11613514,中科院明珠科学园站 / 中科院明珠科学园,中科院明珠科学园站
BV10015908,东涌村(工业路)站 / 东涌村(工业路),东涌村(工业路)站
BV09347034,石基村(市南路)站 / 石基村(市南路),石基村(市南路)站
BV11403799,万科府前花园北门站 / 万科府前花园北门,万科府前花园北门站
BV09302147,灵山岛便民分中心站 / 灵山岛便民分中心,灵山岛便民分中心站
BV11510978,合景誉山国际南门站 / 合景誉山国际南门,合景誉山国际南门站
BV11504203,新塘牛仔城(A) / 新塘牛仔城(A)站,新塘牛仔城(A)
BV11575475,荔新路口(新塘) / 荔新路口(新塘)站,荔新路口(新塘)站
BV11689663,光辉建材家具城东站 / 光辉建材家具城东,光辉建材家具城东
BV09026393,广惠高速仙村出口站 / 广惠高速仙村出口,广惠高速仙村出口
BV10019847,大罗村(市广路) / 大罗村(市广路)站,大罗村(市广路)站
BV11689914,罗家村(市莲路) / 罗家村(市莲路)站,罗家村(市莲路)站
BV11507782,广铁一中天峰中学站 / 广铁一中天峰中学,广铁一中天峰中学站
BV11346508,高新技术学校路口 / 高新技术学校路口站,高新技术学校路口
BV11346058,经济贸易职业学校站 / 经济贸易职业学校,经济贸易职业学校
BV11688483,大沙头游船码头站 / 大沙头游船码头,大沙头游船码头
BV09351558,黄石路1 / 黄石路 / 黄石路总站,黄石路1
BV09278983,大沙头游船码头1 / 大沙头游船码头,大沙头游船码头1
BV10014572,锦城花园总站(东风东) / 锦城花园,锦城花园总站(东风东)
BV11312274,省中医二沙分院 / 省中医二沙分院站,省中医二沙分院
BV11279606,东莞庄一横路口 / 东莞庄一横路口站,东莞庄一横路口站
BV11688420,机场路岗贝路口 / 机场路岗贝路口站,机场路岗贝路口
BV11688392,槎头(西槎路) / 槎头(西槎路)站,槎头(西槎路)
BV10798983,广州市培英中学 / 广州市培英中学站,广州市培英中学站
BV11651211,萧岗齐富二横路站 / 萧岗齐富二横路,萧岗齐富二横路
BV11688557,广园天寿路口东 / 广园天寿路口东站,广园天寿路口东
BV10714251,开发区立交桥北站 / 开发区立交桥北,开发区立交桥北站
BV09000496,开发大道立交东站 / 开发大道立交东,开发大道立交东
BV09027377,太和(谢家庄) / 太和(谢家庄)站,太和(谢家庄)
BV11091382,南部战区总医院 / 南部战区总医院站,南部战区总医院站
BV11688552,科韵路棠安路口 / 科韵路棠安路口站,科韵路棠安路口
BV10015078,市桥汽车站西门站 / 市桥汽车站西门,市桥汽车站西门站
BV11688053,市桥汽车站东门 / 市桥汽车站东门站,市桥汽车站东门站
BV09343704,龙眼洞森林公园 / 龙眼洞森林公园站,龙眼洞森林公园
BV11164943,欧洲工业园路口站 / 欧洲工业园路口,欧洲工业园路口站
BV11164942,华润涂料捷信厂站 / 华润涂料捷信厂,华润涂料捷信厂站
BV11164939,丰田合诚配件厂站 / 丰田合诚配件厂,丰田合诚配件厂站
BV09200513,区行政服务中心站 / 区行政服务中心,区行政服务中心站
BV09072664,碧山村 / 碧山村站1 / 碧山村1,碧山村1
BV11383668,开发区技工学校站 / 开发区技工学校,开发区技工学校
BV11477697,高普路天盈路口站 / 高普路天盈路口,高普路天盈路口
BV11477694,高普路软件路口站 / 高普路软件路口,高普路软件路口
BV11279608,黄埔区青少年宫 / 黄埔区青少年宫站,黄埔区青少年宫
BV11687896,黄埔区儿童公园 / 黄埔区儿童公园站,黄埔区儿童公园站
BV10847161,萝岗会议中心西站 / 萝岗会议中心西,萝岗会议中心西站
BV11600785,高普路高科路口站 / 高普路高科路口,高普路高科路口
BV09355191,市政务服务中心站 / 市政务服务中心,市政务服务中心站
BV09112239,江高(大松岗) / 江高(大松岗)站,江高(大松岗)
BV09133625,东平村钟屋路口 / 东平村钟屋路口站,东平村钟屋路口站
BV11482216,集贤苑教师新村 / 集贤苑教师新村站,集贤苑教师新村
BV09393818,悦顺装饰材料城站 / 悦顺装饰材料城,悦顺装饰材料城站
BV11688124,星光汇摩登百货 / 星光汇摩登百货站,星光汇摩登百货
BV11688159,雅居乐锦城花园 / 雅居乐锦城花园站,雅居乐锦城花园
BV11488079,江高镇人民政府站 / 江高镇人民政府,江高镇人民政府
BV11166353,北太路柏塘村口站 / 北太路柏塘村口,北太路柏塘村口
BV10021372,民营科技园门口站 / 民营科技园门口,民营科技园门口
BV11484183,郭塘西岭工业区站 / 郭塘西岭工业区,郭塘西岭工业区
BV09201159,广州市档案馆南站 / 广州市档案馆南,广州市档案馆南
BV09242691,白云湖公园北门站 / 白云湖公园北门,白云湖公园北门
BV11352902,龙星村3 / 龙星村2 / 龙星村1,龙星村1
BV11688720,大沥摩托车市场 / 大沥摩托车市场站,大沥摩托车市场
BV09209167,软件信息园路口 / 软件信息园路口站,软件信息园路口站
BV11441883,大学城北商业区 / 大学城北商业区站,大学城北商业区站
BV11689965,中海万锦豪园东 / 中海万锦豪园东站,中海万锦豪园东站
BV11688143,华南碧桂园东门 / 华南碧桂园东门站,华南碧桂园东门
BV09105491,鸡抱沙(四涌)站 / 鸡抱沙(四涌),鸡抱沙(四涌)站
BV10326926,新同丰小学路口站 / 新同丰小学路口,新同丰小学路口站
BV10018457,鱼窝头社区中心站 / 鱼窝头社区中心,鱼窝头社区中心站
BV09043179,美彩家纺产业园站 / 美彩家纺产业园,美彩家纺产业园
BV09117350,星河东悦湾北门站 / 星河东悦湾北门,星河东悦湾北门站
BV11589148,区政务服务中心站 / 区政务服务中心,区政务服务中心站
BV10017432,广州外国语学校站 / 广州外国语学校,广州外国语学校站
BV10024035,南沙资讯科技园站 / 南沙资讯科技园,南沙资讯科技园站
BV09302146,灵山岛儿童公园 / 灵山岛儿童公园站,灵山岛儿童公园站
BV09239834,阿里巴巴菜鸟园 / 阿里巴巴菜鸟园站,阿里巴巴菜鸟园站
BV09304539,区健康管理中心 / 区健康管理中心站,区健康管理中心
BV09313067,区人力资源市场 / 区人力资源市场站,区人力资源市场
BV09317748,文德路 / 文德路2 / 文德路站,文德路2
BV09368674,梓元岗1 / 梓元岗站 / 梓元岗,梓元岗1
BV11596048,迎宾馆 / 迎宾馆2 / 迎宾馆站,迎宾馆2
BV09398681,文明路站 / 文明路 / 文明路2,文明路2
BV09185490,农讲所站 / 农讲所 / 农讲所2,农讲所2
BV09337403,石路基 / 石路基站 / 石路基2,石路基2
BV09233339,荔湾路2 / 荔湾路1 / 荔湾路,荔湾路1
BV09162064,彩虹桥2 / 彩虹桥 / 彩虹桥1,彩虹桥2
BV09387753,石牌村 / 石牌村4 / 石牌村站,石牌村4
BV10405865,天河南2 / 天河南 / 天河南站,天河南2
BV09184531,康乐村1 / 康乐村 / 康乐村站,康乐村1
BV09271075,陈家祠 / 陈家祠2 / 陈家祠1,陈家祠1
BV09317752,仓边路1 / 仓边路 / 仓边路2,仓边路1
BV09382089,如意坊 / 如意坊2 / 如意坊站,如意坊2
BV09227578,盘福路1 / 盘福路 / 盘福路站,盘福路1
BV09291511,车陂南 / 车陂南1 / 车陂南站,车陂南1
BV09168358,远景路1 / 远景路 / 远景路站,远景路1
BV09408943,黄石路 / 黄石路2 / 黄石路站,黄石路2
BV09292564,东晖路 / 东晖路(夏园农民公寓),东晖路(夏园农民公寓)
BV11596288,山马塘1 / 山马塘2 / 山马塘,山马塘2
BV11480682,省第二中医院 / 省第二中医院站,省第二中医院
BV09226124,体育中心东门1 / 体育中心东门,体育中心东门1
BV09243520,锦绣香江北门站 / 锦绣香江北门,锦绣香江北门站
BV09219091,体育中心东门 / 体育中心东门2,体育中心东门2
BV09302573,员村四横路口 / 员村四横路口2,员村四横路口2
BV11688540,员村四横路口 / 员村四横路口站,员村四横路口
BV11687945,三元里大道中 / 三元里大道中站,三元里大道中站
BV09000485,三元里大道北站 / 三元里大道北,三元里大道北
BV09242191,五山学生公寓 / 五山学生公寓站,五山学生公寓
BV09355604,省农干科干院 / 省农干科干院站,省农干科干院
BV10714269,科学院地化所 / 科学院地化所站,科学院地化所
BV10014009,车陂高架桥侧 / 车陂高架桥侧站,车陂高架桥侧站
BV10714278,广州本田公司 / 广州本田公司站,广州本田公司站
BV10714260,太平洋工业区站 / 太平洋工业区,太平洋工业区站
BV11133521,新康花园北门站 / 新康花园北门,新康花园北门站
BV09329720,白云山管理局 / 白云山管理局2,白云山管理局2
BV09006431,富力半岛花园 / 富力半岛花园站,富力半岛花园
BV09005242,太和文化广场 / 太和文化广场站,太和文化广场站
BV09273926,瀛洲生态公园 / 瀛洲生态公园站,瀛洲生态公园
BV11629687,罗冲围客运站 / 罗冲围客运站1,罗冲围客运站1
BV09341551,三元里大道中3 / 三元里大道中,三元里大道中3
BV10021889,员村二横路南 / 员村二横路南站,员村二横路南
BV11689052,锦绣文化中心站 / 锦绣文化中心,锦绣文化中心
BV11689359,万宝工业基地站 / 万宝工业基地,万宝工业基地
BV09010639,金沙洲大桥西 / 金沙洲大桥西2,金沙洲大桥西2
BV10713669,金沙洲大桥西站 / 金沙洲大桥西,金沙洲大桥西
BV11689284,南村综合市场 / 南村综合市场站,南村综合市场站
BV11371296,国际文化中心站 / 国际文化中心,国际文化中心站
BV11688055,万博翠湖花园 / 万博翠湖花园站,万博翠湖花园
BV10022807,会展中心码头站 / 会展中心码头,会展中心码头站
BV11465988,雅居乐花园A / 雅居乐花园A站,雅居乐花园A站
BV11164934,安博基业公司站 / 安博基业公司,安博基业公司站
BV11419908,桂畔水利枢纽站 / 桂畔水利枢纽,桂畔水利枢纽站
BV09344027,黄埔区少年宫 / 黄埔区少年宫站,黄埔区少年宫站
BV11690383,丰乐北横路口 / 丰乐北横路口站,丰乐北横路口
BV11486939,边防指挥学校 / 边防指挥学校站,边防指挥学校
BV10847097,萝岗香雪牌坊站 / 萝岗香雪牌坊,萝岗香雪牌坊站
BV11279607,黄埔区图书馆 / 黄埔区图书馆站,黄埔区图书馆站
BV10847061,演艺中心北门站 / 演艺中心北门,演艺中心北门
BV10021362,深井文塔公园 / 深井文塔公园站,深井文塔公园站
BV09018361,天鹿湖隧道北站 / 天鹿湖隧道北,天鹿湖隧道北
BV11467004,云埔工业区口 / 云埔工业区口站,云埔工业区口
BV10885198,玉树新村路口站 / 玉树新村路口,玉树新村路口站
BV11379026,中海誉城南门站 / 中海誉城南门,中海誉城南门
BV09332613,科学信息大厦站 / 科学信息大厦,科学信息大厦站
BV11591687,石化生活区南 / 石化生活区南站,石化生活区南
BV11591688,大沙东延长线 / 大沙东延长线站,大沙东延长线
BV11597699,黄船集体宿舍 / 黄船集体宿舍站,黄船集体宿舍站
BV09385693,演艺中心南门 / 演艺中心南门站,演艺中心南门站
BV11584749,钧明欢乐世界站 / 钧明欢乐世界,钧明欢乐世界站
BV11102411,广惠高速路口站 / 广惠高速路口,广惠高速路口
BV10847176,萝岗市民广场站 / 萝岗市民广场,萝岗市民广场
BV10847168,萝岗会议中心站 / 萝岗会议中心,萝岗会议中心站
BV11689176,天河儿童公园 / 天河儿童公园站,天河儿童公园
BV10847053,中华永久墓园站 / 中华永久墓园,中华永久墓园
BV11602136,东圃大马路北 / 东圃大马路北站,东圃大马路北
BV11388446,庙南高速路口站 / 庙南高速路口,庙南高速路口站
BV09006176,龙归华侨医院 / 龙归华侨医院站,龙归华侨医院
BV10018101,广州亿仁医院站 / 广州亿仁医院,广州亿仁医院
BV10018188,黄村训练基地 / 黄村训练基地站,黄村训练基地
BV09197875,开发区管委会 / 开发区管委会站,开发区管委会站
BV09355001,悦兴综合市场站 / 悦兴综合市场,悦兴综合市场
BV09368448,南山丰景花园站 / 南山丰景花园,南山丰景花园
BV11482324,丰泰小区路口 / 丰泰小区路口站,丰泰小区路口
BV11484179,何布村工业区 / 何布村工业区站,何布村工业区
BV11519173,粤垦路瑞心苑 / 粤垦路瑞心苑站,粤垦路瑞心苑
BV11690334,人和华侨医院 / 人和华侨医院站,人和华侨医院
BV11545108,上下九步行街 / 上下九步行街站,上下九步行街
BV11341530,科技服务中心 / 科技服务中心站,科技服务中心站
BV11166864,钟落潭高校园 / 钟落潭高校园站,钟落潭高校园
BV11621260,龙归竹木市场 / 龙归竹木市场站,龙归竹木市场
BV10788524,浔峰山东路北站 / 浔峰山东路北,浔峰山东路北站
BV10949218,双和大马路中站 / 双和大马路中,双和大马路中
BV09389673,双和大马路西站 / 双和大马路西,双和大马路西
BV09410386,新世纪广场东 / 新世纪广场东站,新世纪广场东站
BV11689613,广花五路路口 / 广花五路路口站,广花五路路口
BV11341993,中恒商业广场站 / 中恒商业广场,中恒商业广场
BV11401368,人和华成路口 / 人和华成路口站,人和华成路口
BV11428995,培正大道路口 / 培正大道路口站,培正大道路口
BV11306480,杨屋中心市场 / 杨屋中心市场站,杨屋中心市场
BV09325373,明华综合市场 / 明华综合市场站,明华综合市场站
BV11621263,瑚琏农贸市场 / 瑚琏农贸市场站,瑚琏农贸市场
BV11541147,人和华成路东 / 人和华成路东站,人和华成路东站
BV11602141,人和华成路中 / 人和华成路中站,人和华成路中站
BV11477135,百花岭北街口 / 百花岭北街口站,百花岭北街口
BV11519174,岑村公安宿舍 / 岑村公安宿舍站,岑村公安宿舍站
BV11485003,中科院化学所 / 中科院化学所站,中科院化学所
BV11330435,市饲料研究所 / 市饲料研究所站,市饲料研究所站
BV09328566,芳村体育中心 / 芳村体育中心站,芳村体育中心站
BV11691290,沙湾古镇南门 / 沙湾古镇南门站,沙湾古镇南门站
BV11623857,南医大五附院 / 南医大五附院站,南医大五附院站
BV11625940,灌村文化广场 / 灌村文化广场站,灌村文化广场
BV11297666,温泉农贸市场 / 温泉农贸市场站,温泉农贸市场
BV09369964,开发区管委会站 / 开发区管委会,开发区管委会站
BV09006384,大转弯夹板城 / 大转弯夹板城站,大转弯夹板城
BV11689968,桂澜海六路口站 / 桂澜海六路口,桂澜海六路口站
BV11251692,环岛南路路口 / 环岛南路路口站,环岛南路路口
BV11688743,礌岗公园南门 / 礌岗公园南门站,礌岗公园南门
BV10432504,罗村中心广场 / 罗村中心广场站,罗村中心广场
BV11689961,华南汽车城西 / 华南汽车城西站,华南汽车城西站
BV10791685,狮山高级中学 / 狮山高级中学站,狮山高级中学
BV10252247,长虹岭工业园 / 长虹岭工业园站,长虹岭工业园站
BV11462230,大沥综合市场站 / 大沥综合市场,大沥综合市场
BV10019658,广州科贸学院站 / 广州科贸学院,广州科贸学院
BV11688127,金山大道路口站 / 金山大道路口,金山大道路口站
BV11688150,南村文化广场 / 南村文化广场站,南村文化广场
BV09412958,保利城南怡湾 / 保利城南怡湾站,保利城南怡湾站
BV10323002,龙城商业中心站 / 龙城商业中心,龙城商业中心站
BV10980872,南沙港务大厦站 / 南沙港务大厦,南沙港务大厦站
BV09088845,物流基地三期 / 物流基地三期站,物流基地三期
BV09244064,南沙湿地公园 / 南沙湿地公园站,南沙湿地公园
BV10388411,新围中心公园站 / 新围中心公园,新围中心公园
BV10024076,龙光棕榈水岸站 / 龙光棕榈水岸,龙光棕榈水岸站
BV11689813,南沙十里方圆站 / 南沙十里方圆,南沙十里方圆站
BV11443817,万科海上明月站 / 万科海上明月,万科海上明月
BV09170507,广晟海韵兰亭站 / 广晟海韵兰亭,广晟海韵兰亭
BV11669460,花语阳光花园 / 花语阳光花园站,花语阳光花园
BV10761065,东湖洲花园C站 / 东湖洲花园C,东湖洲花园C
BV10761066,东湖洲花园A站 / 东湖洲花园A,东湖洲花园A
BV11343716,大岗文化中心 / 大岗文化中心站,大岗文化中心站
BV11174463,南沙小学西门 / 南沙小学西门站,南沙小学西门站
BV10923701,番禺会议中心站 / 番禺会议中心,番禺会议中心
BV09339491,开发区管委会站 / 开发区管委会,开发区管委会站
BV10964949,城市花园路口站 / 城市花园路口,城市花园路口
BV09001102,海伦堡创意园 / 海伦堡创意园站,海伦堡创意园
BV11689918,钟村文化广场 / 钟村文化广场站,钟村文化广场
BV09343808,番禺区图书馆站 / 番禺区图书馆,番禺区图书馆
BV11151535,新世界大厦A / 新世界大厦A站,新世界大厦A
BV11376455,君华香柏华府 / 君华香柏华府站,君华香柏华府站
BV11403267,京珠高速桥底站 / 京珠高速桥底,京珠高速桥底站
BV11591012,人民医院新院 / 人民医院新院站,人民医院新院站
BV09414030,民航学院路口 / 民航学院路口站,民航学院路口
BV11550145,花都广场 / 花都广场(区政府),花都广场(区政府)
BV09409767,汽车城管委会 / 汽车城管委会站,汽车城管委会
BV11602522,广东培正学院 / 广东培正学院站,广东培正学院
BV11147687,广东行政学院站 / 广东行政学院,广东行政学院
BV09237023,瑞岭华南小学 / 瑞岭华南小学站,瑞岭华南小学
BV11346507,交通驾培中心站 / 交通驾培中心,交通驾培中心
BV11364030,西头高速路口站 / 西头高速路口,西头高速路口
BV09376898,桥中站1 / 桥中1 / 桥中,桥中站1
BV09226080,嘉禾 / 嘉禾2 / 嘉禾总站,嘉禾2
BV09396961,同和2 / 同和站2 / 同和,同和站2
BV11028709,白兔村路口1 / 白兔村路口2,白兔村路口1
BV11359303,南星汤屋社1 / 南星汤屋社2,南星汤屋社1
BV09226122,广东电视台 / 广东电视台1,广东电视台1
BV10943425,区庄立交西站 / 区庄立交西,区庄立交西站
BV11689362,中大北门西 / 中大北门西站,中大北门西
BV11688566,广州大桥底站 / 广州大桥底,广州大桥底
BV10832644,东漖怀宁坊 / 东漖怀宁坊站,东漖怀宁坊
BV11441879,龙溪大道东 / 龙溪大道东站,龙溪大道东
BV11688519,广东药学院 / 广东药学院站,广东药学院
BV10017993,东沙大道南 / 东沙大道南站,东沙大道南
BV10016123,宝岗大道南 / 宝岗大道南站,宝岗大道南
BV09175488,上涌2 / 上涌 / 上涌站,上涌2
BV09230306,广州大道中2 / 广州大道中,广州大道中2
BV11688580,解放南路口 / 解放南路口站,解放南路口
BV11196681,海珠客运站2 / 海珠客运站,海珠客运站2
BV11167648,黄石东路口1 / 黄石东路口,黄石东路口1
BV09167548,黄石东路口2 / 黄石东路口,黄石东路口2
BV10014519,华南碧桂园站 / 华南碧桂园,华南碧桂园
BV11312279,星海音乐厅 / 星海音乐厅站,星海音乐厅
BV11154005,洲头咀公园 / 洲头咀公园站,洲头咀公园
BV11167722,广医3 / 广医站 / 广医,广医3
BV11687847,广州大道中站 / 广州大道中,广州大道中
BV09404373,中山纪念堂 / 中山纪念堂站,中山纪念堂
BV09186856,广医 / 广医2 / 广医站,广医2
BV09262063,冼村3 / 冼村 / 冼村站,冼村3
BV11688358,琶洲大桥北 / 琶洲大桥北站,琶洲大桥北
BV10965117,琶洲塔公园 / 琶洲塔公园站,琶洲塔公园
BV10988164,红线女中心 / 红线女中心站,红线女中心
BV11688347,省荣军医院 / 省荣军医院站,省荣军医院
BV09335012,鹭江站 / 鹭江 / 鹭江2,鹭江2
BV09319409,江海大道中1 / 江海大道中,江海大道中1
BV10513040,龙潭村牌坊 / 龙潭村牌坊站,龙潭村牌坊站
BV09228038,江南大道中 / 江南大道中1,江南大道中1
BV09243516,江南大道北 / 江南大道北1,江南大道北1
BV11688507,芳村合兴苑 / 芳村合兴苑站,芳村合兴苑
BV11458809,芳村隧道口 / 芳村隧道口站,芳村隧道口
BV10713667,聚龙工业区 / 聚龙工业区站,聚龙工业区
BV09005969,柯子岭牌坊 / 柯子岭牌坊站,柯子岭牌坊
BV11113104,石潭西路北 / 石潭西路北站,石潭西路北
BV10015205,三元里古庙 / 三元里古庙站,三元里古庙
BV09364556,中医药大学 / 中医药大学站,中医药大学站
BV11687889,花地大道中 / 花地大道中站,花地大道中
BV11091380,解放北路口 / 解放北路口站,解放北路口站
BV11469474,松柏东街北站 / 松柏东街北,松柏东街北
BV11480681,省银行医院 / 省银行医院站,省银行医院站
BV11688517,江南大道口 / 江南大道口站,江南大道口
BV09226117,小北2 / 小北 / 小北1,小北2
BV09226115,动物园南门 / 动物园南门2,动物园南门2
BV11688499,芳村大道西 / 芳村大道西站,芳村大道西
BV09304064,芳村大道西 / 芳村大道西1,芳村大道西1
BV11688556,猎德大道北站 / 猎德大道北,猎德大道北站
BV10798985,花地大道南站 / 花地大道南,花地大道南站
BV10798987,渔尾大桥东站 / 渔尾大桥东,渔尾大桥东站
BV11688456,动物园南门 / 动物园南门站,动物园南门
BV09242193,华农大正门 / 华农大正门站,华农大正门
BV09061295,棠德花苑北 / 棠德花苑北站,棠德花苑北
BV09335053,文冲幸福里站 / 文冲幸福里,文冲幸福里站
BV10018100,石化生活区站 / 石化生活区,石化生活区站
BV11688559,广州碧桂园 / 广州碧桂园站,广州碧桂园站
BV10714266,笔村立交南站 / 笔村立交南,笔村立交南站
BV10714253,南岗化工厂站 / 南岗化工厂,南岗化工厂
BV11688486,东华东路西 / 东华东路西站,东华东路西
BV09307685,芳村客运站 / 芳村客运站1,芳村客运站1
BV09169831,南方大厦1 / 南方大厦站1,南方大厦1
BV11519176,天河科技街 / 天河科技街站,天河科技街
BV11637999,联和 / 联和1 / 联和站,联和1
BV09259264,芳村合兴苑2 / 芳村合兴苑,芳村合兴苑2
BV11688384,广州体育馆 / 广州体育馆站,广州体育馆
BV10454855,机务段路口站 / 机务段路口,机务段路口
BV11671145,纸厂横马路 / 纸厂横马路站,纸厂横马路站
BV11519170,员村四横路 / 员村四横路站,员村四横路站
BV09226104,海珠区妇幼 / 海珠区妇幼1,海珠区妇幼1
BV09226102,市红会医院 / 市红会医院1,市红会医院1
BV10639694,新滘东路东 / 新滘东路东站,新滘东路东站
BV09226069,机场立交北2 / 机场立交北,机场立交北2
BV09226107,小坪立交桥 / 小坪立交桥1,小坪立交桥1
BV09190192,黄埔大道东 / 黄埔大道东站,黄埔大道东站
BV11183741,聚德西路口 / 聚德西路口站,聚德西路口
BV11346873,朝阳开发区 / 朝阳开发区站,朝阳开发区
BV11689055,锦绣生态园站 / 锦绣生态园,锦绣生态园
BV11689166,岑村红花岗站 / 岑村红花岗,岑村红花岗
BV11691189,横枝岗路口 / 横枝岗路口站,横枝岗路口站
BV09086211,天河客运站1 / 天河客运站,天河客运站1
BV11687946,金海岸花园 / 金海岸花园站,金海岸花园
BV11689282,广州雅居乐 / 广州雅居乐站,广州雅居乐
BV10014702,节能科技园 / 节能科技园站,节能科技园
BV11626403,沙溪商贸城 / 沙溪商贸城站,沙溪商贸城
BV10022467,阅江西路西站 / 阅江西路西,阅江西路西站
BV10022811,阅江西路中站 / 阅江西路中,阅江西路中站
BV10022810,阅江西路东站 / 阅江西路东,阅江西路东站
BV10022806,会展中心北站 / 会展中心北,会展中心北站
BV11687924,植物园正门 / 植物园正门站,植物园正门
BV10014937,大岗派出所站 / 大岗派出所,大岗派出所站
BV09358020,顺德区政府站 / 顺德区政府,顺德区政府站
BV09355002,出口加工区站 / 出口加工区,出口加工区
BV11690287,开泰大道中 / 开泰大道中站,开泰大道中
BV11467015,云埔二路东 / 云埔二路东站,云埔二路东
BV11687857,黄埔体育馆 / 黄埔体育馆站,黄埔体育馆站
BV09192165,地铁萝岗站2 / 地铁萝岗站,地铁萝岗站2
BV11279613,大观中路南站 / 大观中路南,大观中路南站
BV10847078,科学大道西站 / 科学大道西,科学大道西站
BV10847058,科学大道中 / 科学大道中站,科学大道中
BV11467027,科学城路口 / 科学城路口站,科学城路口
BV09368640,黄旗山路南 / 黄旗山路南站,黄旗山路南
BV11687953,永和大道中站 / 永和大道中,永和大道中站
BV11687963,永和隧道南站 / 永和隧道南,永和隧道南站
BV10846988,生物研究院站 / 生物研究院,生物研究院站
BV10846993,开源大道中 / 开源大道中站,开源大道中站
BV09244441,香雪八路南站 / 香雪八路南,香雪八路南站
BV10016016,华工生活区站 / 华工生活区,华工生活区
BV11483203,开创大道中 / 开创大道中站,开创大道中
BV11687962,云埔工业区 / 云埔工业区站,云埔工业区
BV11504664,玉树新村口 / 玉树新村口站,玉树新村口
BV11466904,聆雨路路口 / 聆雨路路口站,聆雨路路口
BV11687887,科学大道口站 / 科学大道口,科学大道口
BV10013974,永和开发区 / 永和开发区站,永和开发区站
BV11488904,凤凰四路东 / 凤凰四路东站,凤凰四路东站
BV09355569,南翔二路中站 / 南翔二路中,南翔二路中
BV10885189,南翔二路东站 / 南翔二路东,南翔二路东站
BV10885193,南云三路南站 / 南云三路南,南云三路南
BV11573879,广汕一路东 / 广汕一路东站,广汕一路东站
BV11688329,高塘工业区 / 高塘工业区站,高塘工业区
BV11688328,广东软件园 / 广东软件园站,广东软件园站
BV11573873,福洞村路口站 / 福洞村路口,福洞村路口
BV11573886,广州商学院站 / 广州商学院,广州商学院
BV11170264,灵山东路西 / 灵山东路西站,灵山东路西
BV09323891,凤湖二路东站 / 凤湖二路东,凤湖二路东站
BV11597703,黄船二街口 / 黄船二街口站,黄船二街口站
BV11689283,开发区路口 / 开发区路口站,开发区路口站
BV11689293,开发区医院 / 开发区医院站,开发区医院站
BV11483387,九龙大道南 / 九龙大道南站,九龙大道南站
BV11483382,永龙大道中 / 永龙大道中站,永龙大道中站
BV11483383,永龙大道南 / 永龙大道南站,永龙大道南站
BV09192170,地铁香雪站 / 地铁香雪站2,地铁香雪站2
BV09260447,永安大道中 / 永安大道中站,永安大道中
BV10018408,云城东路北 / 云城东路北站,云城东路北站
BV09237616,新福大道中站 / 新福大道中,新福大道中站
BV09237614,小学北路东站 / 小学北路东,小学北路东站
BV11688343,永和综合楼站 / 永和综合楼,永和综合楼站
BV11484139,凤凰苑南门 / 凤凰苑南门站,凤凰苑南门
BV11102414,锦绣新天地站 / 锦绣新天地,锦绣新天地
BV09326598,中心南大街 / 中心南大街站,中心南大街
BV09254010,长洲岛小学 / 长洲岛小学站,长洲岛小学站
BV11466909,笔村立交北 / 笔村立交北站,笔村立交北
BV09188679,黄边北路口 / 黄边北路口站,黄边北路口
BV09000513,吉山幼儿园 / 吉山幼儿园站,吉山幼儿园
BV11690382,新阳西路口站 / 新阳西路口,新阳西路口
BV09192166,地铁萝岗站 / 地铁萝岗站1,地铁萝岗站1
BV11118502,广氮花园南站 / 广氮花园南,广氮花园南站
BV10014666,花城大道东 / 花城大道东站,花城大道东
BV11688356,车陂公交场 / 车陂公交场站,车陂公交场
BV09291510,家家乐医院2 / 家家乐医院,家家乐医院2
BV11688359,家家乐医院 / 家家乐医院站,家家乐医院
BV09083524,横沥派出所站 / 横沥派出所,横沥派出所站
BV09269062,横沥镇政府站 / 横沥镇政府,横沥镇政府站
BV11167615,葵蓬西滘村 / 葵蓬西滘村站,葵蓬西滘村站
BV10018964,龙兴西路西 / 龙兴西路西站,龙兴西路西
BV11279612,黄村康体路站 / 黄村康体路,黄村康体路站
BV10017830,新新大道中站 / 新新大道中,新新大道中
BV11467035,光谱西路中 / 光谱西路中站,光谱西路中
BV09242688,新滘西路西 / 新滘西路西站,新滘西路西
BV09242696,草庄东路口 / 草庄东路口站,草庄东路口站
BV11688052,神山商贸城 / 神山商贸城站,神山商贸城站
BV11488073,神山大道西 / 神山大道西站,神山大道西站
BV11484172,五丰工业区 / 五丰工业区站,五丰工业区
BV11484170,茅山新庄口 / 茅山新庄口站,茅山新庄口
BV11484173,茅山村委会 / 茅山村委会站,茅山村委会
BV09243507,寮采南路口站 / 寮采南路口,寮采南路口
BV09212859,寮采中路口站 / 寮采中路口,寮采中路口
BV11690335,双岗向南庄站 / 双岗向南庄,双岗向南庄
BV11390059,亭石南路南 / 亭石南路南站,亭石南路南
BV11390063,亭石南路北 / 亭石南路北站,亭石南路北站
BV11687918,龙洞北路东 / 龙洞北路东站,龙洞北路东
BV09212867,科学大道口 / 科学大道口2,科学大道口2
BV11624668,跑马地花园站 / 跑马地花园,跑马地花园
BV11519172,金燕生活区 / 金燕生活区站,金燕生活区
BV09212869,家家乐医院1 / 家家乐医院,家家乐医院1
BV10013971,白云区医院 / 白云区医院站,白云区医院
BV11098346,七星岗路口站 / 七星岗路口,七星岗路口站
BV11098353,新科工业区站 / 新科工业区,新科工业区站
BV11690767,均禾大道中 / 均禾大道中站,均禾大道中
BV09115546,江村大桥南 / 江村大桥南站,江村大桥南
BV11688099,江村大桥北 / 江村大桥北站,江村大桥北
BV11689610,大朗中路口 / 大朗中路口站,大朗中路口站
BV11689611,大朗北路口 / 大朗北路口站,大朗北路口站
BV11488084,旧江村桥头 / 旧江村桥头站,旧江村桥头
BV11688385,永泰新村口 / 永泰新村口站,永泰新村口
BV11341529,863中心 / 863中心站,863中心站
BV11624699,永和派出所 / 永和派出所站,永和派出所
BV11162260,凤凰城路口 / 凤凰城路口站,凤凰城路口站
BV11693999,钟落潭路口站 / 钟落潭路口,钟落潭路口站
BV10019170,云城东路南 / 云城东路南站,云城东路南
BV11691999,环洲三路西 / 环洲三路西站,环洲三路西
BV10713679,建设大道中 / 建设大道中站,建设大道中
BV09369459,浔峰山东路 / 浔峰山东路站,浔峰山东路
BV11477132,黄边北路中 / 黄边北路中站,黄边北路中
BV11435993,天马河公馆站 / 天马河公馆,天马河公馆
BV11481133,滘心工业区 / 滘心工业区站,滘心工业区
BV11345929,新雅街道办 / 新雅街道办站,新雅街道办站
BV09001426,新华街道办 / 新华街道办站,新华街道办站
BV11690805,财富工业园站 / 财富工业园,财富工业园
BV11691203,邦一工业园站 / 邦一工业园,邦一工业园
BV11691202,石塘水泥厂站 / 石塘水泥厂,石塘水泥厂
BV11568715,飞粤大道南 / 飞粤大道南站,飞粤大道南站
BV09120470,飞粤大道中 / 飞粤大道中站,飞粤大道中站
BV11568709,花东镇政府 / 花东镇政府站,花东镇政府
BV11401364,花东派出所 / 花东派出所站,花东派出所
BV09407241,东湖安置区 / 东湖安置区站,东湖安置区
BV11306472,邝维煜中学 / 邝维煜中学站,邝维煜中学
BV09000744,三东大道西 / 三东大道西站,三东大道西
BV11388332,北兴供电所站 / 北兴供电所,北兴供电所
BV09002108,车辆厂技校 / 车辆厂技校站,车辆厂技校
BV09113538,龙岗大桥南站 / 龙岗大桥南,龙岗大桥南站
BV11330441,沙亭岗村口 / 沙亭岗村口站,沙亭岗村口站
BV11621261,龙兴中路口 / 龙兴中路口站,龙兴中路口
BV11477134,百花岭北街站 / 百花岭北街,百花岭北街
BV11482314,太和派出所 / 太和派出所站,太和派出所站
BV11478462,武警一中队 / 武警一中队站,武警一中队
BV09370266,岑村红花岗1 / 岑村红花岗,岑村红花岗1
BV11485006,植物园西门 / 植物园西门站,植物园西门
BV11627312,沙凤一路西 / 沙凤一路西站,沙凤一路西
BV11330443,天骄物流园 / 天骄物流园站,天骄物流园站
BV11687940,江海大道中站 / 江海大道中,江海大道中
BV09005986,黄石东路口 / 黄石东路口站,黄石东路口
BV11484182,机保段新村站 / 机保段新村,机保段新村
BV10857109,东雅图酒店站 / 东雅图酒店,东雅图酒店
BV11467018,南翔一路中 / 南翔一路中站,南翔一路中站
BV09355564,南翔一路东 / 南翔一路东站,南翔一路东站
BV09208608,高增大桥北 / 高增大桥北站,高增大桥北站
BV11400777,兴太一路东站 / 兴太一路东,兴太一路东站
BV11487653,向西大道口 / 向西大道口站,向西大道口站
BV11487659,向西大道中 / 向西大道中站,向西大道中站
BV11415298,流溪河大桥 / 流溪河大桥站,流溪河大桥站
BV09376473,河东南路中 / 河东南路中站,河东南路中
BV11456558,广播电视台 / 广播电视台站,广播电视台
BV09223054,从化汽车站2 / 从化汽车站,从化汽车站2
BV11456547,从化供电局 / 从化供电局站,从化供电局
BV11491310,山下村路口 / 山下村路口站,山下村路口站
BV11483210,太平卫生院 / 太平卫生院站,太平卫生院
BV09000897,大沥城区南 / 大沥城区南站,大沥城区南
BV10254406,平洲玉器街 / 平洲玉器街站,平洲玉器街
BV11175926,灯湖西路南 / 灯湖西路南站,灯湖西路南
BV11175931,南海体育馆 / 南海体育馆站,南海体育馆
BV09298630,深涌工业区 / 深涌工业区站,深涌工业区
BV09003077,盐步大道北 / 盐步大道北站,盐步大道北
BV11541079,草场工业区 / 草场工业区站,草场工业区站
BV11371463,安怀外工村 / 安怀外工村站,安怀外工村
BV10641791,黄岐办事处 / 黄岐办事处站,黄岐办事处
BV09399076,宏岗沥口村站 / 宏岗沥口村,宏岗沥口村站
BV10018066,星河湾北门 / 星河湾北门站,星河湾北门
BV10019652,番禺大桥底 / 番禺大桥底站,番禺大桥底
BV11131944,星河湾四期站 / 星河湾四期,星河湾四期站
BV10019962,七星岗公园站 / 七星岗公园,七星岗公园
BV11688128,江南工业区 / 江南工业区站,江南工业区
BV10803820,越秀造纸厂站 / 越秀造纸厂,越秀造纸厂站
BV10015879,万顷沙中学站 / 万顷沙中学,万顷沙中学站
BV09077735,黄阁汽车城 / 黄阁汽车城站,黄阁汽车城站
BV09371833,沙公堡路口 / 沙公堡路口站,沙公堡路口站
BV09409289,丰田汽车厂站 / 丰田汽车厂,丰田汽车厂站
BV10323005,黄埔造船厂站 / 黄埔造船厂,黄埔造船厂站
BV09389440,金岭南路口站 / 金岭南路口,金岭南路口站
BV10015933,互太印染厂站 / 互太印染厂,互太印染厂站
BV10015880,珠江西一路站 / 珠江西一路,珠江西一路站
BV10015909,东涌东丫村站 / 东涌东丫村,东涌东丫村站
BV10023183,天益工业区站 / 天益工业区,天益工业区站
BV09304950,鱼窝头二中站 / 鱼窝头二中,鱼窝头二中站
BV09305166,太石工业区站 / 太石工业区,太石工业区站
BV10017997,万安工业区 / 万安工业区站,万安工业区站
BV10641085,榄核派出所 / 榄核派出所站,榄核派出所站
BV10014974,榄核镇政府站 / 榄核镇政府,榄核镇政府站
BV11438901,叠翠峰西门站 / 叠翠峰西门,叠翠峰西门站
BV09302422,南沙湾御苑站 / 南沙湾御苑,南沙湾御苑站
BV09077733,鸡谷山路西站 / 鸡谷山路西,鸡谷山路西
BV11171569,黄阁保利城 / 黄阁保利城站,黄阁保利城
BV09293280,区政府东门 / 区政府东门站,区政府东门站
BV09358642,冯马二村委 / 冯马二村委站,冯马二村委站
BV09371832,进港大道西 / 进港大道西站,进港大道西
BV11619538,番禺大道南站 / 番禺大道南,番禺大道南
BV11664540,华润热电厂站 / 华润热电厂,华润热电厂站
BV09338878,中海锦城南站 / 中海锦城南,中海锦城南站
BV11663140,中信香樟墅 / 中信香樟墅站,中信香樟墅站
BV09400274,荔城街道办 / 荔城街道办站,荔城街道办
BV11403278,增城广场西 / 增城广场西站,增城广场西
BV11119341,百晟汇翠湾站 / 百晟汇翠湾,百晟汇翠湾
BV09372075,二龙田心村站 / 二龙田心村,二龙田心村
BV11692687,东凌工业园 / 东凌工业园站,东凌工业园
BV11689661,新塘供电所 / 新塘供电所站,新塘供电所
BV09143805,东风西路2 / 东风西路站2,东风西路2
BV09069600,中山大道中 / 中山大道中站,中山大道中
BV09174824,广卫路总站4 / 广卫路总站,广卫路总站4
BV11689060,新世纪广场站 / 新世纪广场,新世纪广场
BV10016705,市政园林局 / 市政园林局站,市政园林局
BV09315831,地铁横沙站 / 地铁横沙站1,地铁横沙站1
BV09269178,江畔湾北门站 / 江畔湾北门,江畔湾北门
BV11671373,华阳湖路口 / 华阳湖路口2,华阳湖路口2
BV09005940,草场居委会 / 草场居委会站,草场居委会站
BV09348790,彩滨北路北站 / 彩滨北路北,彩滨北路北站
BV11164924,联邦工业城 / 联邦工业城站,联邦工业城
BV09254334,莲港大道西站 / 莲港大道西,莲港大道西站
BV11507781,山海湾南门站 / 山海湾南门,山海湾南门站
BV10840953,星河湾酒店 / 星河湾酒店站,星河湾酒店
BV10903174,市桥二桥南站 / 市桥二桥南,市桥二桥南站
BV11442563,联围村路口站 / 联围村路口,联围村路口
BV11544671,国际1号货站 / 国际1号货,国际1号货站
BV11346377,清布安置区站 / 清布安置区,清布安置区站
BV09313066,南菱汽车城 / 南菱汽车城站,南菱汽车城站
BV11614567,岐山村市场站 / 岐山村市场,岐山村市场
BV11375033,碧桂园路口 / 碧桂园路口站,碧桂园路口
BV11345857,超邦化工厂站 / 超邦化工厂,超邦化工厂站
BV10409985,新塘太阳城站 / 新塘太阳城,新塘太阳城
BV09083275,嘉鸿花园站2 / 嘉鸿花园,嘉鸿花园站2
BV09360104,六二三路 / 六二三路站1,六二三路站1
BV09226128,体育中心站 / 体育中心1,体育中心1
BV11352299,福上下社1 / 福上下社2,福上下社1
BV09316767,小北花圈2 / 小北花圈,小北花圈2
BV09006413,革新路口 / 革新路口站,革新路口
BV10681376,基建新村 / 基建新村站,基建新村站
BV09360551,花园酒店 / 花园酒店站,花园酒店
BV09006391,珠江泳场 / 珠江泳场站,珠江泳场
BV09241995,中大北门站 / 中大北门,中大北门
BV09241994,珠江广场 / 珠江广场站,珠江广场
BV10021647,新鸿花园站 / 新鸿花园,新鸿花园
BV11688336,冼村路中 / 冼村路中站,冼村路中
BV09005198,天河邮局站 / 天河邮局,天河邮局
BV10015220,体育东路站 / 体育东路,体育东路
BV09310407,林和中路1 / 林和中路,林和中路1
BV09383025,林和西路2 / 林和西路,林和西路2
BV09387478,江南新村 / 江南新村站,江南新村
BV11567615,橡胶新村 / 橡胶新村站,橡胶新村
BV11688515,金宇花园 / 金宇花园站,金宇花园
BV10019648,洛城中学站 / 洛城中学,洛城中学站
BV09005210,洛溪桥脚 / 洛溪桥脚站,洛溪桥脚
BV11688553,客村立交 / 客村立交站,客村立交
BV11481123,时代广场 / 时代广场站,时代广场
BV11509447,林和西路3 / 林和西路,林和西路3
BV09309831,时代广场 / 时代广场2,时代广场2
BV10017690,松柏东街站 / 松柏东街,松柏东街
BV11088404,交电新村 / 交电新村站,交电新村
BV11688461,解放中路 / 解放中路站,解放中路
BV09271782,荔湾路口1 / 荔湾路口,荔湾路口1
BV11688394,东升医院 / 东升医院站,东升医院
BV10015193,丽江花园站 / 丽江花园,丽江花园
BV10015195,丽江路口站 / 丽江路口,丽江路口
BV09245639,海印桥南1 / 海印桥南,海印桥南1
BV11687876,江湾桥脚站 / 江湾桥脚,江湾桥脚
BV11687913,越秀南路站 / 越秀南路,越秀南路
BV09226118,白云宾馆2 / 白云宾馆,白云宾馆2
BV09006131,石丰路口 / 石丰路口站,石丰路口
BV11687972,石井中学 / 石井中学站,石井中学
BV11688424,祥景花园 / 祥景花园站,祥景花园
BV11688401,永泰路口 / 永泰路口站,永泰路口
BV11688463,元岗横路 / 元岗横路站,元岗横路
BV11136772,天字码头站 / 天字码头,天字码头站
BV10607944,爱群大厦 / 爱群大厦站,爱群大厦
BV09319719,人民南路 / 人民南路1,人民南路1
BV09340762,大新路口 / 大新路口1,大新路口1
BV09002684,人民北路 / 人民北路站,人民北路
BV09323095,海角红楼 / 海角红楼站,海角红楼
BV11688451,南方大厦 / 南方大厦站,南方大厦站
BV11688522,靖海路口 / 靖海路口站,靖海路口站
BV09176206,锦绣香江站 / 锦绣香江,锦绣香江
BV11691212,万博中心站 / 万博中心,万博中心
BV11688093,南大路口站 / 南大路口,南大路口
BV11688563,洛溪新城站 / 洛溪新城,洛溪新城
BV09025579,南洲路口站 / 南洲路口,南洲路口
BV09006426,瑞南新村站 / 瑞南新村,瑞南新村
BV10013742,东晓南路站 / 东晓南路,东晓南路
BV09079557,晓港新村站 / 晓港新村,晓港新村
BV10018549,东华南路站 / 东华南路,东华南路
BV11095871,华景北路站 / 华景北路,华景北路站
BV11062767,五山路口 / 五山路口站,五山路口站
BV09005187,南方报社 / 南方报社站,南方报社
BV09377599,客村立交2 / 客村立交,客村立交2
BV11081664,师大后门 / 师大后门站,师大后门
BV09005990,赤岗路口 / 赤岗路口站,赤岗路口
BV11363917,文化公园 / 文化公园站,文化公园
BV11164816,荔湾路口2 / 荔湾路口,荔湾路口2
BV09374493,东风西路2 / 东风西路,东风西路站2
BV09229322,市少年宫1 / 市少年宫,市少年宫1
BV09205705,广东大厦1 / 广东大厦,广东大厦1
BV09230309,正骨医院1 / 正骨医院,正骨医院1
BV11688452,广东工大 / 广东工大站,广东工大站
BV09230308,正骨医院2 / 正骨医院,正骨医院2
BV09243518,彩虹戏院 / 彩虹戏院站,彩虹戏院
BV09010638,和平新村3 / 和平新村,和平新村3
BV09006120,沙太南路 / 沙太南路站,沙太南路
BV09314787,豪景花园2 / 豪景花园,豪景花园2
BV09410279,国防大厦 / 国防大厦3,国防大厦3
BV09285359,员村山顶2 / 员村山顶,员村山顶2
BV10714270,林和东路 / 林和东路站,林和东路
BV10988163,兴盛路口 / 兴盛路口站,兴盛路口
BV09355197,马场路中 / 马场路中站,马场路中
BV11462417,花城大道站 / 花城大道,花城大道
BV09310405,天河东路 / 天河东路1,天河东路1
BV11688454,解放南路 / 解放南路站,解放南路
BV11603078,新滘中路站 / 新滘中路,新滘中路
BV09001038,黄沙大道 / 黄沙大道站,黄沙大道
BV11621853,基立下道 / 基立下道2,基立下道2
BV09330208,沙河大街1 / 沙河大街,沙河大街1
BV09006149,盈翠华庭站 / 盈翠华庭,盈翠华庭
BV11481120,大金钟路 / 大金钟路站,大金钟路
BV09318948,濂泉路口 / 濂泉路口1,濂泉路口1
BV09006146,西湾和苑 / 西湾和苑站,西湾和苑
BV10017170,广园西路 / 广园西路站,广园西路
BV10013627,广园中路 / 广园中路站,广园中路
BV09364566,云台花园 / 云台花园3,云台花园3
BV11688373,凰岗路口 / 凰岗路口站,凰岗路口站
BV11688398,泽德花苑 / 泽德花苑站,泽德花苑
BV11688470,康王中路 / 康王中路站,康王中路
BV11687902,客轮船厂 / 客轮船厂站,客轮船厂
BV10016102,南洲名苑 / 南洲名苑站,南洲名苑
BV09001134,鹤洞路西 / 鹤洞路西站,鹤洞路西站
BV11688526,广中码头 / 广中码头站,广中码头
BV10599083,黄沙码头 / 黄沙码头站,黄沙码头
BV11688352,六二三路 / 六二三路站,六二三路
BV11688480,康王南路 / 康王南路站,康王南路站
BV09374435,康王北路 / 康王北路站,康王北路
BV11688449,市少年宫 / 市少年宫站,市少年宫
BV11091378,流花公园 / 流花公园站,流花公园
BV10013622,草暖公园 / 草暖公园站,草暖公园
BV09243511,西华路尾 / 西华路尾站,西华路尾
BV09355408,六二三路2 / 六二三路,六二三路2
BV10800467,真光中学 / 真光中学站,真光中学站
BV09241189,中山五路 / 中山五路站,中山五路
BV09277540,逸景路东 / 逸景路东站,逸景路东
BV11278166,东风东路 / 东风东路站,东风东路站
BV11688575,东峻广场 / 东峻广场站,东峻广场
BV11601080,肿瘤医院 / 肿瘤医院站,肿瘤医院
BV11554813,雕塑公园 / 雕塑公园站,雕塑公园
BV09006123,下塘西路 / 下塘西路站,下塘西路
BV11688435,体育中心 / 体育中心站,体育中心
BV11688545,体育中心 / 体育中心站,体育中心
BV11688346,广医二院 / 广医二院站,广医二院
BV11596046,中山五路2 / 中山五路,中山五路2
BV11687926,白云路东 / 白云路东站,白云路东
BV09317509,中山六路 / 中山六路站,中山六路
BV11688504,桥东小区 / 桥东小区站,桥东小区
BV11519157,天河公园 / 天河公园站,天河公园
BV10713672,松南路口 / 松南路口站,松南路口
BV11121619,松南街口 / 松南街口站,松南街口
BV10713665,东旺市场 / 东旺市场站,东旺市场
BV11346875,增槎路北 / 增槎路北站,增槎路北
BV09345881,悦云路口站 / 悦云路口,悦云路口
BV11689390,雅宝新城站 / 雅宝新城,雅宝新城站
BV09003434,长岗中学 / 长岗中学站,长岗中学站
BV09409855,东风中路 / 东风中路站,东风中路
BV10714249,黄村立交 / 黄村立交站,黄村立交站
BV09242887,茅岗路口 / 茅岗路口站,茅岗路口站
BV11619529,瑞东花园站 / 瑞东花园,瑞东花园站
BV09389929,消防总队 / 消防总队站,消防总队
BV11688087,东乡村西 / 东乡村西站,东乡村西站
BV11688059,东乡村东 / 东乡村东站,东乡村东站
BV10714271,黄埔水库站 / 黄埔水库,黄埔水库站
BV10714274,储运公司站 / 储运公司,储运公司站
BV11690297,东区路口站 / 东区路口,东区路口
BV11162263,东兴市场 / 东兴市场站,东兴市场
BV11690298,康南路口站 / 康南路口,康南路口站
BV09108103,南岗沧头站 / 南岗沧头,南岗沧头站
BV11312275,东华东路 / 东华东路站,东华东路
BV09001039,花地大道站 / 花地大道,花地大道
BV11689184,长兴路东 / 长兴路东站,长兴路东
BV11279611,黄埔大道 / 黄埔大道站,黄埔大道
BV11688541,明珠新村 / 明珠新村站,明珠新村
BV11688457,冶金技校 / 冶金技校站,冶金技校
BV10681380,珠江医院 / 珠江医院站,珠江医院
BV09269675,海港花园 / 海港花园2,海港花园2
BV11688521,江湾桥南站 / 江湾桥南,江湾桥南
BV11688513,基立下道站 / 基立下道,基立下道
BV09353093,站前路中 / 站前路中站,站前路中
BV10017167,汇侨南路 / 汇侨南路站,汇侨南路
BV09226112,天河立交 / 天河立交2,天河立交2
BV11688546,太和中路 / 太和中路站,太和中路
BV09184301,广信中学 / 广信中学站,广信中学
BV09328895,康王南路 / 康王南路2,康王南路2
BV11520709,小洲路东 / 小洲路东站,小洲路东
BV09002629,燕塘企业 / 燕塘企业站,燕塘企业
BV11688393,濂泉路口 / 濂泉路口站,濂泉路口
BV11371562,云台花园 / 云台花园站,云台花园
BV09260273,武警医院1 / 武警医院,武警医院1
BV11361603,石溪村口 / 石溪村口站,石溪村口
BV09190193,汇彩路口 / 汇彩路口站,汇彩路口站
BV11361606,鱼珠码头 / 鱼珠码头站,鱼珠码头站
BV10713659,体育花园站 / 体育花园,体育花园站
BV09368078,滘心东路 / 滘心东路站,滘心东路
BV11346876,鸦岗路口 / 鸦岗路口站,鸦岗路口
BV09332378,沙河大街2 / 沙河大街,沙河大街2
BV11091392,解放北路 / 解放北路站,解放北路站
BV11689053,钟村市场站 / 钟村市场,钟村市场
BV09000362,石壁路口站 / 石壁路口,石壁路口
BV11687895,大石桥南 / 大石桥南站,大石桥南
BV09360318,嘉鸿花园1 / 嘉鸿花园,嘉鸿花园1
BV11689167,科韵路中 / 科韵路中站,科韵路中
BV11688445,城西花园 / 城西花园站,城西花园
BV09000472,伟伦体校 / 伟伦体校站,伟伦体校
BV09269031,长湴市场 / 长湴市场站,长湴市场
BV09295166,东升医院 / 东升医院2,东升医院2
BV09266315,地铁谢村站 / 地铁谢村,地铁谢村
BV10019793,清河市场 / 清河市场站,清河市场站
BV11690798,东怡新区 / 东怡新区站,东怡新区站
BV11690377,番禺广场站 / 番禺广场,番禺广场站
BV10014904,星海公园 / 星海公园站,星海公园站
BV11691195,广场西路 / 广场西路站,广场西路站
BV11689286,官堂万达 / 官堂万达站,官堂万达
BV09201144,兴南大道站 / 兴南大道,兴南大道
BV11689288,南村医院 / 南村医院站,南村医院站
BV10014331,南山公园 / 南山公园站,南山公园
BV10014699,黄编牌坊 / 黄编牌坊站,黄编牌坊
BV11688072,体育公园 / 体育公园站,体育公园
BV11688051,龙美牌坊 / 龙美牌坊站,龙美牌坊
BV09000770,冼庄立交 / 冼庄立交站,冼庄立交
BV10019637,南国奥园站 / 南国奥园,南国奥园
BV11279603,磨碟沙路站 / 磨碟沙路,磨碟沙路站
BV10022809,会展公园站 / 会展公园,会展公园站
BV10022808,阅江中路站 / 阅江中路,阅江中路站
BV10018513,朝阳东路 / 朝阳东路站,朝阳东路
BV11689462,大良医院 / 大良医院站,大良医院站
BV09002644,天源路中站 / 天源路中,天源路中站
BV10847065,龙洞路口 / 龙洞路口站,龙洞路口
BV11691194,洛涛南区 / 洛涛南区站,洛涛南区站
BV11164936,沙坑牌坊站 / 沙坑牌坊,沙坑牌坊站
BV11164938,金沙人家站 / 金沙人家,金沙人家站
BV11164941,五沙一村站 / 五沙一村,五沙一村站
BV09200357,华侨中学站 / 华侨中学,华侨中学站
BV09358021,聚胜花园站 / 聚胜花园,聚胜花园站
BV11689573,市委党校站 / 市委党校,市委党校站
BV11419912,金桔咀桥站 / 金桔咀桥,金桔咀桥站
BV11164920,钟村小学 / 钟村小学站,钟村小学
BV10017598,笔岗村口站 / 笔岗村口,笔岗村口
BV11689041,勒竹新村 / 勒竹新村站,勒竹新村
BV09006108,火村路口 / 火村路口站,火村路口
BV11691183,瑞和路北 / 瑞和路北站,瑞和路北
BV11690289,石桥新村 / 石桥新村站,石桥新村
BV10022232,天泰二路站 / 天泰二路,天泰二路站
BV09412247,观达路中 / 观达路中站,观达路中站
BV11467009,云埔二路 / 云埔二路站,云埔二路
BV09000522,丰乐北路 / 丰乐北路站,丰乐北路
BV11688126,天鹿小区 / 天鹿小区站,天鹿小区
BV10847101,联和路口 / 联和路口站,联和路口
BV11412827,暹岗村西 / 暹岗村西站,暹岗村西
BV10653045,开创大道 / 开创大道站,开创大道站
BV09344033,开达路北 / 开达路北站,开达路北
BV09344032,开达路中 / 开达路中站,开达路中
BV09193686,开达路南 / 开达路南站,开达路南站
BV09198379,科丰路南 / 科丰路南站,科丰路南
BV10847054,岭南学院 / 岭南学院站,岭南学院
BV10847049,科学大道 / 科学大道站,科学大道
BV11182294,金峰园路 / 金峰园路站,金峰园路
BV09234811,科珠路北站 / 科珠路北,科珠路北站
BV11279578,奥体南路站 / 奥体南路,奥体南路站
BV10013838,布岭路口 / 布岭路口站,布岭路口
BV10486967,黄旗山路 / 黄旗山路站,黄旗山路
BV09067478,开源大道 / 开源大道站,开源大道
BV11687956,萝岗村口站 / 萝岗村口,萝岗村口站
BV10846982,植树公园站 / 植树公园,植树公园站
BV10924417,开泰大道 / 开泰大道站,开泰大道
BV10846984,荔红二路站 / 荔红二路,荔红二路站
BV10013981,香雪公寓 / 香雪公寓站,香雪公寓
BV09241985,开萝大道 / 开萝大道站,开萝大道
BV11486245,长龙村西 / 长龙村西站,长龙村西
BV10847173,荔红中路 / 荔红中路站,荔红中路
BV10885188,东苑小区 / 东苑小区站,东苑小区
BV10013818,港湾市场 / 港湾市场站,港湾市场
BV11690302,港湾路口 / 港湾路口站,港湾路口
BV10885191,怡港花园 / 怡港花园站,怡港花园站
BV11690259,永顺大道站 / 永顺大道,永顺大道站
BV11483381,甘竹村口 / 甘竹村口站,甘竹村口站
BV11597695,长江路口 / 长江路口站,长江路口
BV11690290,东区中学 / 东区中学站,东区中学
BV09320060,宏明路口 / 宏明路口站,宏明路口站
BV11483209,宏光路中 / 宏光路中站,宏光路中站
BV11689043,骏业路东 / 骏业路东站,骏业路东
BV11379029,骏业路中 / 骏业路中站,骏业路中
BV11483204,东鹏大道 / 东鹏大道站,东鹏大道
BV11483206,骏达路中 / 骏达路中站,骏达路中
BV10653031,萝格路口站 / 萝格路口,萝格路口站
BV10017534,光谱中路 / 光谱中路站,光谱中路
BV11467016,瑞和路口 / 瑞和路口站,瑞和路口
BV11467033,开泰大道 / 开泰大道站,开泰大道
BV11102407,萝峰村口 / 萝峰村口站,萝峰村口
BV11102410,萝峰小学 / 萝峰小学站,萝峰小学
BV11573826,瑞和路南 / 瑞和路南站,瑞和路南
BV11580946,东明二路 / 东明二路站,东明二路
BV10021191,赵溪路口 / 赵溪路口站,赵溪路口
BV11689179,护林路中 / 护林路中站,护林路中
BV11467031,骏业路口 / 骏业路口站,骏业路口
BV09026886,东达路南 / 东达路南站,东达路南站
BV11552290,沧联二路 / 沧联二路站,沧联二路站
BV11552292,小迳路口 / 小迳路口站,小迳路口站
BV11549864,沧联小学 / 沧联小学站,沧联小学站
BV09368449,华峰路口 / 华峰路口站,华峰路口站
BV10014485,新庄村委 / 新庄村委站,新庄村委站
BV09368638,新庄二路 / 新庄二路站,新庄二路站
BV09298085,荷棠下村 / 荷棠下村站,荷棠下村
BV09388803,枫下村西 / 枫下村西站,枫下村西站
BV10885214,南翔二路站 / 南翔二路,南翔二路站
BV10885182,南云四路站 / 南云四路,南云四路
BV10885177,南云五路站 / 南云五路,南云五路站
BV09190191,茅岗公寓站 / 茅岗公寓,茅岗公寓站
BV11688331,高塘石东 / 高塘石东站,高塘石东站
BV11688327,广汕二路 / 广汕二路站,广汕二路
BV10847182,班岭村口 / 班岭村口站,班岭村口
BV11689177,科珠路南 / 科珠路南站,科珠路南
BV11412816,玉树新村站 / 玉树新村,玉树新村站
BV11086408,木摾水库站 / 木摾水库,木摾水库
BV11573885,黄登村口站 / 黄登村口,黄登村口
BV10021977,澳洲山庄站 / 澳洲山庄,澳洲山庄
BV11573870,镇龙一中站 / 镇龙一中,镇龙一中
BV11573876,镇龙医院站 / 镇龙医院,镇龙医院站
BV11483394,石沥村口站 / 石沥村口,石沥村口
BV11400778,穗丰村委 / 穗丰村委站,穗丰村委
BV11379028,观达路北站 / 观达路北,观达路北站
BV11379024,云埔一路站 / 云埔一路,云埔一路
BV11379030,骏业路西站 / 骏业路西,骏业路西
BV11170265,灵山东路 / 灵山东路站,灵山东路
BV11689171,珠吉公路 / 珠吉公路站,珠吉公路
BV09389625,聆雨路口 / 聆雨路口站,聆雨路口
BV09244069,科学广场 / 科学广场站,科学广场
BV09245638,云龙路南 / 云龙路南站,云龙路南
BV09050666,埔心村口 / 埔心村口站,埔心村口
BV09319108,凤湖一路站 / 凤湖一路,凤湖一路
BV11383671,凤湖中路站 / 凤湖中路,凤湖中路站
BV11383672,凤湖四路站 / 凤湖四路,凤湖四路
BV11412818,护林路西 / 护林路西站,护林路西站
BV11597700,国医东路 / 国医东路站,国医东路站
BV11597704,中环东路 / 中环东路站,中环东路
BV09229654,广外正门 / 广外正门站,广外正门站
BV09230886,黄埔新港 / 黄埔新港站,黄埔新港站
BV09348432,员工大厦站 / 员工大厦,员工大厦
BV09242414,大沙北路 / 大沙北路站,大沙北路
BV10017794,大淋岗村 / 大淋岗村站,大淋岗村
BV11688058,玉岩路南站 / 玉岩路南,玉岩路南
BV09003166,永和大道 / 永和大道站,永和大道
BV11206243,兴龙大道 / 兴龙大道站,兴龙大道站
BV11483388,禾丰路中 / 禾丰路中站,禾丰路中站
BV11483396,斗塘路西 / 斗塘路西站,斗塘路西站
BV10888706,水西路北站 / 水西路北,水西路北站
BV10847165,水西路中站 / 水西路中,水西路中站
BV11549367,水西路南 / 水西路南站,水西路南
BV11680106,玉岩路中 / 玉岩路中站,玉岩路中
BV11619433,康大路口 / 康大路口站,康大路口
BV11619431,景新国际 / 景新国际站,景新国际
BV09056352,凤秀家园站 / 凤秀家园,凤秀家园站
BV09393817,永和中学站 / 永和中学,永和中学站
BV10653030,井泉四路站 / 井泉四路,井泉四路站
BV10653025,井泉一路站 / 井泉一路,井泉一路站
BV11688077,横迳广场站 / 横迳广场,横迳广场站
BV10017831,海伦春天 / 海伦春天站,海伦春天站
BV11472709,中南路北 / 中南路北站,中南路北
BV10019799,培贤路口站 / 培贤路口,培贤路口站
BV09347037,东涌镇标站 / 东涌镇标,东涌镇标站
BV10017747,云山诗意 / 云山诗意站,云山诗意
BV09276323,黄边北路 / 黄边北路站,黄边北路
BV11689173,吉山小学 / 吉山小学站,吉山小学
BV09026885,潮汕学院 / 潮汕学院站,潮汕学院
BV10847046,大观路北站 / 大观路北,大观路北
BV09173362,永和中队 / 永和中队站,永和中队站
BV11688330,新丰路口站 / 新丰路口,新丰路口站
BV11402648,北京路口 / 北京路口站,北京路口站
BV11486940,悦景路东站 / 悦景路东,悦景路东
BV09123935,黄村西路 / 黄村西路站,黄村西路
BV11609227,天坤三路 / 天坤三路站,天坤三路站
BV11609229,广氮花园 / 广氮花园站,广氮花园站
BV11118501,车陂路北站 / 车陂路北,车陂路北
BV09234812,天坤二路站 / 天坤二路,天坤二路站
BV10378335,庙贝农场站 / 庙贝农场,庙贝农场站
BV10015813,横沥医院站 / 横沥医院,横沥医院站
BV09246072,横沥中学站 / 横沥中学,横沥中学站
BV11167616,葵蓬小学 / 葵蓬小学站,葵蓬小学
BV09238710,沙洛市场站 / 沙洛市场,沙洛市场站
BV11463002,石槎路中 / 石槎路中站,石槎路中
BV10944119,龙河路口站 / 龙河路口,龙河路口
BV11171945,龙兴西路 / 龙兴西路站,龙兴西路
BV11482984,龙归城南站 / 龙归城南,龙归城南
BV11482985,龙归城北站 / 龙归城北,龙归城北站
BV10713664,环洲三路 / 环洲三路站,环洲三路
BV11627310,沙凤二路 / 沙凤二路站,沙凤二路
BV11627309,金刚禅寺 / 金刚禅寺站,金刚禅寺
BV11448837,荔香路南 / 荔香路南站,荔香路南站
BV09400276,青年路中站 / 青年路中,青年路中站
BV09079048,创业路东 / 创业路东站,创业路东
BV10022128,沙湾三街 / 沙湾三街站,沙湾三街
BV11467014,光宝路口 / 光宝路口站,光宝路口
BV11467019,光谱西路 / 光谱西路站,光谱西路
BV11118918,五羊本田站 / 五羊本田,五羊本田
BV09238800,禾丰四街站 / 禾丰四街,禾丰四街站
BV09406410,永盛路东站 / 永盛路东,永盛路东站
BV11445075,禾岭路中 / 禾岭路中站,禾岭路中
BV11237861,沙溪村口 / 沙溪村口站,沙溪村口
BV11330434,太营路口 / 太营路口站,太营路口站
BV11484175,中八小学 / 中八小学站,中八小学
BV10866342,两潭路口站 / 两潭路口,两潭路口
BV11484171,刘家路口 / 刘家路口站,刘家路口
BV11484177,环镇路口 / 环镇路口站,环镇路口
BV11345922,江高路口站 / 江高路口,江高路口站
BV11689357,良田路口站 / 良田路口,良田路口
BV09243525,花田路口站 / 花田路口,花田路口
BV09243508,寮采北路站 / 寮采北路,寮采北路
BV11345911,夏花三路站 / 夏花三路,夏花三路站
BV10014235,双岗村口 / 双岗村口站,双岗村口
BV10018361,逸景路西站 / 逸景路西,逸景路西
BV09244074,沙东新村站 / 沙东新村,沙东新村
BV09002136,凤凰公司站 / 凤凰公司,凤凰公司
BV09002662,渔中路口 / 渔中路口站,渔中路口
BV09343707,渔兴路口 / 渔兴路口站,渔兴路口
BV11688562,广汕一路 / 广汕一路站,广汕一路
BV11600787,高普路北 / 高普路北站,高普路北
BV11600786,高普路中 / 高普路中站,高普路中
BV11487906,莲溪路口 / 莲溪路口站,莲溪路口
BV11629704,怡新路口 / 怡新路口站,怡新路口站
BV11474543,花城大道站 / 花城大道,花城大道
BV09355190,华成路口站 / 华成路口,华成路口
BV11519168,燕岭大厦 / 燕岭大厦站,燕岭大厦
BV11519165,农垦总局 / 农垦总局站,农垦总局
BV11688576,南湖半山 / 南湖半山站,南湖半山站
BV11330442,太和路口 / 太和路口站,太和路口站
BV11412823,揽月路西 / 揽月路西站,揽月路西
BV09179858,望岗大道站 / 望岗大道,望岗大道
BV11690768,大布路口站 / 大布路口,大布路口站
BV11098347,石马村口站 / 石马村口,石马村口站
BV09246904,和瑞路西站 / 和瑞路西,和瑞路西
BV11688379,嘉禾长湴 / 嘉禾长湴站,嘉禾长湴
BV11162264,创业路口 / 创业路口站,创业路口站
BV11688118,郭塘路口站 / 郭塘路口,郭塘路口站
BV09244923,郭塘货场站 / 郭塘货场,郭塘货场站
BV11688160,大岭路口站 / 大岭路口,大岭路口站
BV11688446,夏花一路 / 夏花一路站,夏花一路
BV09000463,平沙路口 / 平沙路口站,平沙路口站
BV11481843,同康路东站 / 同康路东,同康路东
BV11688378,永泰广场 / 永泰广场站,永泰广场
BV11688383,东平路口 / 东平路口站,东平路口
BV09173927,太和总站 / 太和总站1,太和总站1
BV11594764,百顺南路 / 百顺南路站,百顺南路
BV11482221,百顺北路 / 百顺北路站,百顺北路
BV11358743,海珠北路 / 海珠北路站,海珠北路站
BV09173363,永和医院 / 永和医院站,永和医院站
BV11327287,长岗村委站 / 长岗村委,长岗村委
BV09393816,新塘三中站 / 新塘三中,新塘三中站
BV11248517,新康花园站 / 新康花园,新康花园
BV09340303,中山六路1 / 中山六路,中山六路1
BV11477126,黄边南路 / 黄边南路站,黄边南路
BV11477133,乐得花园 / 乐得花园站,乐得花园
BV11687925,东风西路 / 东风西路站,东风西路站
BV11171948,行知学院 / 行知学院站,行知学院
BV11689969,建设大道 / 建设大道站,建设大道
BV09376900,沙面新城 / 沙面新城站,沙面新城
BV10252936,宝盛路口站 / 宝盛路口,宝盛路口站
BV09180357,龙兴西路 / 龙兴西路站,龙兴西路
BV09407401,马房三街 / 马房三街站,马房三街站
BV09313070,丽美酒店 / 丽美酒店站,丽美酒店
BV09005847,新湖大厦 / 新湖大厦站,新湖大厦
BV11690336,花城南路 / 花城南路站,花城南路
BV10014234,东镜路口 / 东镜路口站,东镜路口
BV09407400,金城大厦 / 金城大厦站,金城大厦站
BV11435995,荔红南路站 / 荔红南路,荔红南路站
BV11481126,滘心村口 / 滘心村口站,滘心村口
BV09300409,朝阳路口 / 朝阳路口站,朝阳路口
BV11688078,江人路口站 / 江人路口,江人路口
BV09412766,雅瑶医院站 / 雅瑶医院,雅瑶医院站
BV09001437,雅瑶市场 / 雅瑶市场站,雅瑶市场
BV09133871,新华市场 / 新华市场站,新华市场
BV11688163,合和新城 / 合和新城站,合和新城
BV09000461,云峰花园站 / 云峰花园,云峰花园
BV10017263,永利路口站 / 永利路口,永利路口
BV11688085,东镜市场站 / 东镜市场,东镜市场
BV11330433,方华路口 / 方华路口站,方华路口站
BV11691191,花东市场 / 花东市场站,花东市场站
BV11401362,大塘中学 / 大塘中学站,大塘中学
BV11568717,金谷南路 / 金谷南路站,金谷南路
BV11568711,维翔公司 / 维翔公司站,维翔公司
BV11568714,先科一路 / 先科一路站,先科一路
BV11448861,莘田小学站 / 莘田小学,莘田小学
BV11382872,三联路口站 / 三联路口,三联路口
BV09265071,长钟路南站 / 长钟路南,长钟路南
BV09078460,团结路口站 / 团结路口,团结路口
BV11691190,联群新村 / 联群新村站,联群新村站
BV11690338,人和二中 / 人和二中站,人和二中
BV11494118,人爱医院 / 人爱医院站,人爱医院
BV09375677,风神花园 / 风神花园站,风神花园站
BV11406716,棠澍小学 / 棠澍小学站,棠澍小学
BV11147685,云山路中 / 云山路中站,云山路中站
BV11388330,杨一村东站 / 杨一村东,杨一村东
BV11672467,杨荷桥东站 / 杨荷桥东,杨荷桥东站
BV09000679,太平中学 / 太平中学站,太平中学
BV11346374,清布中学 / 清布中学站,清布中学
BV11364424,田美新村 / 田美新村站,田美新村
BV10929023,龙珠路东 / 龙珠路东站,龙珠路东
BV11364432,圆玄小学 / 圆玄小学站,圆玄小学
BV09002105,大华市场 / 大华市场站,大华市场
BV11306471,杨屋路口 / 杨屋路口站,杨屋路口站
BV09293648,溢盈广场 / 溢盈广场站,溢盈广场
BV10015475,南航路口 / 南航路口站,南航路口
BV09242377,太子广场站 / 太子广场,太子广场
BV09317448,华侨农场 / 华侨农场站,华侨农场
BV11497169,花侨市场 / 花侨市场站,花侨市场
BV09163014,花地大道2 / 花地大道,花地大道2
BV09368254,石井大道站 / 石井大道,石井大道
BV09121080,联滘路东 / 联滘路东站,联滘路东
BV11488083,江府路西站 / 江府路西,江府路西
BV11488085,江府路东站 / 江府路东,江府路东
BV11488070,郭塘村口站 / 郭塘村口,郭塘村口
BV11488075,郭塘小学站 / 郭塘小学,郭塘小学
BV11488088,郭塘村尾站 / 郭塘村尾,郭塘村尾
BV11488087,郭石路口站 / 郭石路口,郭石路口站
BV11166350,北太路西站 / 北太路西,北太路西
BV11488535,北太路中站 / 北太路中,北太路中
BV10019298,北太路东站 / 北太路东,北太路东
BV11330823,沙亭苏庄站 / 沙亭苏庄,沙亭苏庄
BV09332618,金盆村委站 / 金盆村委,金盆村委
BV11166352,良田大道站 / 良田大道,良田大道
BV11490723,田心村委站 / 田心村委,田心村委站
BV11490724,秀盛路口站 / 秀盛路口,秀盛路口
BV09242693,大沥新庄站 / 大沥新庄,大沥新庄站
BV09208065,永兴村委 / 永兴村委站,永兴村委
BV11688084,雄丰路口 / 雄丰路口站,雄丰路口
BV11477130,园坛岭路 / 园坛岭路站,园坛岭路
BV11477129,西岭路口站 / 西岭路口,西岭路口
BV11477127,望岗小学站 / 望岗小学,望岗小学
BV09200437,唐阁路中站 / 唐阁路中,唐阁路中
BV11621039,良种猪场站 / 良种猪场,良种猪场
BV11482316,头陂村委站 / 头陂村委,头陂村委
BV11482317,和顺路口站 / 和顺路口,和顺路口
BV09179368,芳园路东 / 芳园路东站,芳园路东
BV09242541,大干围北 / 大干围北站,大干围北
BV11478464,元下田村 / 元下田村站,元下田村
BV11456553,天慧路北站 / 天慧路北,天慧路北
BV11341513,凌塘村1 / 凌塘村站1,凌塘村1
BV09063602,空港大道 / 空港大道站,空港大道
BV11330445,申通物流 / 申通物流站,申通物流站
BV09334662,坤和街口 / 坤和街口站,坤和街口
BV11688465,中山八路 / 中山八路站,中山八路
BV09074944,沙溪牌坊 / 沙溪牌坊站,沙溪牌坊
BV11412819,暹岗村口站 / 暹岗村口,暹岗村口站
BV11615375,水秀二路站 / 水秀二路,水秀二路站
BV11400771,帽峰山西站 / 帽峰山西,帽峰山西站
BV11629136,东沙桥底站 / 东沙桥底,东沙桥底站
BV11519159,华师附中 / 华师附中站,华师附中站
BV09244990,华景新城站 / 华景新城,华景新城
BV09241986,师大暨大站 / 师大暨大,师大暨大
BV11688561,师大暨大站 / 师大暨大,师大暨大
BV11693217,天朗明居 / 天朗明居站,天朗明居
BV09226130,花园酒店2 / 花园酒店,花园酒店2
BV11375026,四角围村 / 四角围村站,四角围村站
BV09176957,交警大队 / 交警大队站,交警大队
BV11452846,新开花谷 / 新开花谷站,新开花谷
BV11487753,鳌头广场 / 鳌头广场站,鳌头广场
BV11389707,江埔社区站 / 江埔社区,江埔社区站
BV10014786,水利学院 / 水利学院站,水利学院
BV11625936,七星路口 / 七星路口站,七星路口
BV11625941,灌村路口 / 灌村路口站,灌村路口
BV11480862,蓝田东路站 / 蓝田东路,蓝田东路
BV11268020,高步路口站 / 高步路口,高步路口
BV11480858,黄场二社站 / 黄场二社,黄场二社
BV11480863,民乐长岭站 / 民乐长岭,民乐长岭
BV11400676,中国电信 / 中国电信站,中国电信站
BV11400674,新城广场 / 新城广场站,新城广场站
BV11400673,府前路南 / 府前路南站,府前路南站
BV11474705,城西市场 / 城西市场站,城西市场站
BV11491340,从化监狱站 / 从化监狱,从化监狱
BV11151770,吕沙路口站 / 吕沙路口,吕沙路口站
BV09123702,共青路口 / 共青路口站,共青路口
BV11469892,井岗菜场 / 井岗菜场站,井岗菜场站
BV11457964,山下村委 / 山下村委站,山下村委站
BV11457963,高峰村委 / 高峰村委站,高峰村委站
BV11398013,宝溪村委站 / 宝溪村委,宝溪村委站
BV11688701,黄岐城区站 / 黄岐城区,黄岐城区
BV11688745,广佛路东站 / 广佛路东,广佛路东
BV09006180,广佛路口 / 广佛路口站,广佛路口
BV11371467,虎榜市场站 / 虎榜市场,虎榜市场站
BV09314049,河东路口站 / 河东路口,河东路口站
BV11371468,雅居蓝湾站 / 雅居蓝湾,雅居蓝湾站
BV11688731,嘉怡花园站 / 嘉怡花园,嘉怡花园
BV11689450,日发市场 / 日发市场站,日发市场
BV11175928,南海广场 / 南海广场站,南海广场
BV09308660,平西路口 / 平西路口站,平西路口
BV11681640,永安路西 / 永安路西站,永安路西
BV10798990,平洲宾馆 / 平洲宾馆站,平洲宾馆站
BV09205394,太平路口 / 太平路口站,太平路口站
BV11112348,平洲立交 / 平洲立交站,平洲立交站
BV11690535,康怡公园站 / 康怡公园,康怡公园
BV11175929,经委大厦站 / 经委大厦,经委大厦
BV11689449,盐步路口 / 盐步路口站,盐步路口
BV11689448,嘉洲广场 / 嘉洲广场站,嘉洲广场
BV11688740,宏威路口 / 宏威路口站,宏威路口
BV11371481,松岗公园 / 松岗公园站,松岗公园
BV11371485,嘉景华庭站 / 嘉景华庭,嘉景华庭
BV11688702,名雅花园 / 名雅花园站,名雅花园
BV11689901,虎榜路口 / 虎榜路口站,虎榜路口
BV11689902,盐步医院 / 盐步医院站,盐步医院
BV10251713,罗村医院站 / 罗村医院,罗村医院
BV11688741,北湖三路 / 北湖三路站,北湖三路
BV11688776,洲村市场 / 洲村市场站,洲村市场站
BV09108097,红星南路 / 红星南路站,红星南路
BV11689962,东软学院 / 东软学院站,东软学院站
BV10251761,石中路口 / 石中路口站,石中路口
BV11689900,盐步中学 / 盐步中学站,盐步中学站
BV11371482,塘联市场 / 塘联市场站,塘联市场
BV11371486,创业南路 / 创业南路站,创业南路
BV11371470,长盛路口 / 长盛路口站,长盛路口
BV11371479,长盛路北 / 长盛路北站,长盛路北
BV11371461,长盛路南 / 长盛路南站,长盛路南
BV11371483,石碣市场 / 石碣市场站,石碣市场
BV11688738,花苑广场 / 花苑广场站,花苑广场站
BV11633556,文登隧道站 / 文登隧道,文登隧道
BV10020029,坑头市场站 / 坑头市场,坑头市场
BV11171493,兴业路口 / 兴业路口站,兴业路口
BV09099105,珠江中学站 / 珠江中学,珠江中学
BV09077738,亭角大桥 / 亭角大桥站,亭角大桥站
BV11206063,南涌口村 / 南涌口村站,南涌口村站
BV09077734,留新路口 / 留新路口站,留新路口站
BV09371839,南英检测站 / 南英检测,南英检测站
BV10024029,龙穴村尾站 / 龙穴村尾,龙穴村尾站
BV11106814,大涌东路站 / 大涌东路,大涌东路
BV09347035,东涌医院站 / 东涌医院,东涌医院站
BV10736585,绿色长廊站 / 绿色长廊,绿色长廊站
BV11687850,牛角桥北 / 牛角桥北站,牛角桥北站
BV09009791,北斗渡口站 / 北斗渡口,北斗渡口站
BV09211336,星海小学站 / 星海小学,星海小学
BV10014969,顺河路口站 / 顺河路口,顺河路口站
BV09410324,榄核二中 / 榄核二中站,榄核二中
BV10014922,榄九路口 / 榄九路口站,榄九路口站
BV09302152,亿源机电站 / 亿源机电,亿源机电站
BV09302206,潭洲市场站 / 潭洲市场,潭洲市场
BV11399208,东涌公园站 / 东涌公园,东涌公园
BV10017141,黄阁中学站 / 黄阁中学,黄阁中学站
BV09071715,益丰街口站 / 益丰街口,益丰街口站
BV09277457,民生路北站 / 民生路北,民生路北站
BV11687919,凯德新玥站 / 凯德新玥,凯德新玥
BV11632506,留东村口 / 留东村口站,留东村口站
BV10015942,新同安桥站 / 新同安桥,新同安桥
BV10840063,市民广场站 / 市民广场,市民广场站
BV09099109,邮轮母港 / 邮轮母港站,邮轮母港站
BV11583740,滨海公园站 / 滨海公园,滨海公园站
BV11689912,雁洲路口 / 雁洲路口站,雁洲路口
BV09000363,沙墟市场站 / 沙墟市场,沙墟市场站
BV11687882,党校路口站 / 党校路口,党校路口
BV11667003,蚬涌路口 / 蚬涌路口站,蚬涌路口
BV09258709,蚬涌市场站 / 蚬涌市场,蚬涌市场
BV09347036,象圣中学站 / 象圣中学,象圣中学
BV09080934,三沙村口站 / 三沙村口,三沙村口
BV11664538,虎沙大道站 / 虎沙大道,虎沙大道站
BV09227219,兴发市场 / 兴发市场站,兴发市场
BV09325677,金地上城 / 金地上城站,金地上城
BV09221954,实验小学 / 实验小学站,实验小学
BV09396049,三联路口 / 三联路口站,三联路口
BV11413294,润悦花园 / 润悦花园站,润悦花园
BV09184474,江山时代 / 江山时代站,江山时代
BV11621188,香江悦府站 / 香江悦府,香江悦府站
BV09274992,仙村市场站 / 仙村市场,仙村市场
BV11198222,锦绣半山 / 锦绣半山站,锦绣半山
BV11689033,华商学院 / 华商学院站,华商学院站
BV09244922,锦绣香江 / 锦绣香江站,锦绣香江
BV09095471,东区市场 / 东区市场站,东区市场
BV09236547,新塘站东 / 新塘站东站,新塘站东
BV11689662,顺欣花园 / 顺欣花园站,顺欣花园
BV10959661,沙埔路口站 / 沙埔路口,沙埔路口站
BV11403666,交警大队 / 交警大队站,交警大队
BV11689664,亚太新城 / 亚太新城站,亚太新城
BV11367817,亨威公司 / 亨威公司站,亨威公司
BV09221614,珠江钢琴 / 珠江钢琴站,珠江钢琴
BV09206683,万田公园站 / 万田公园,万田公园
BV11690284,仙村路口 / 仙村路口站,仙村路口站
BV10387102,云山诗意站 / 云山诗意,云山诗意
BV11368662,千鹤街中站 / 千鹤街中,千鹤街中站
BV11589196,两龙南街 / 两龙南街站,两龙南街站
BV09194673,中山七路2 / 中山七路,中山七路2
BV09064296,金联市场站 / 金联市场,金联市场
BV09404941,新华中学站 / 新华中学,新华中学
BV11390860,横潭市场站 / 横潭市场,横潭市场
BV09002135,胡忠医院 / 胡忠医院站,胡忠医院站
BV09368663,福盛花园站 / 福盛花园,福盛花园
BV09269175,麻涌一中站 / 麻涌一中,麻涌一中
BV11495654,沿江路中站 / 沿江路中,沿江路中站
BV11690760,番禺宾馆 / 番禺宾馆站,番禺宾馆
BV11689917,交通大厦 / 交通大厦站,交通大厦站
BV11691292,沙湾南村 / 沙湾南村站,沙湾南村站
BV09244918,东区市场 / 东区市场站,东区市场站
BV11691294,荷景花园 / 荷景花园站,荷景花园站
BV11688132,南双玉村 / 南双玉村站,南双玉村
BV11688142,农校职中 / 农校职中站,农校职中站
BV09078538,绿庭雅苑 / 绿庭雅苑站,绿庭雅苑
BV11688161,汇景大道 / 汇景大道站,汇景大道
BV09316435,清河中路 / 清河中路站,清河中路
BV10020167,中保人寿 / 中保人寿站,中保人寿
BV10020166,东方花园 / 东方花园站,东方花园
BV10020165,德宝花园 / 德宝花园站,德宝花园
BV09201090,石北中学 / 石北中学站,石北中学
BV11630305,天峰二区 / 天峰二区站,天峰二区
BV10633547,滨江绿园 / 滨江绿园站,滨江绿园
BV11376454,番禺中学 / 番禺中学站,番禺中学
BV09316437,陈涌市场 / 陈涌市场站,陈涌市场
BV11467024,映日路中 / 映日路中站,映日路中
BV11688049,黄冈小学 / 黄冈小学站,黄冈小学
BV11688074,三东小学 / 三东小学站,三东小学
BV11614564,曙光路北 / 曙光路北站,曙光路北站
BV11401642,雅瑶小学 / 雅瑶小学站,雅瑶小学
BV09398489,雅瑶中学 / 雅瑶中学站,雅瑶中学站
BV10014221,培新中学 / 培新中学站,培新中学
BV09001427,红珠路口 / 红珠路口站,红珠路口
BV10014223,横潭牌坊 / 横潭牌坊站,横潭牌坊
BV09001446,横潭路口 / 横潭路口站,横潭路口
BV11688157,大运公寓 / 大运公寓站,大运公寓
BV11317193,大运公司 / 大运公司站,大运公司站
BV11375030,毕村西桥 / 毕村西桥站,毕村西桥
BV11246406,飞旋公司 / 飞旋公司站,飞旋公司站
BV09396048,赤坭小学 / 赤坭小学站,赤坭小学
BV11375046,赤坭医院 / 赤坭医院站,赤坭医院
BV11412279,平岭头村 / 平岭头村站,平岭头村
BV11688984,三东东布 / 三东东布站,三东东布站
BV11086035,大运家园 / 大运家园站,大运家园
BV09059895,武警医院 / 武警医院站,武警医院站
BV09088076,东风中路 / 东风中路站,东风中路
BV09307813,圆玄道观 / 圆玄道观站,圆玄道观
BV09006098,花卉世界 / 花卉世界站,花卉世界
BV09002100,宝峰路口 / 宝峰路口站,宝峰路口站
BV11689391,永兴市场 / 永兴市场站,永兴市场
BV11688983,盘古中路 / 盘古中路站,盘古中路
BV10776830,炭步市场站 / 炭步市场,炭步市场
BV09404844,岭东中路 / 岭东中路站,岭东中路站
BV09407006,凯旋国际 / 凯旋国际站,凯旋国际站
BV11688980,振兴小学 / 振兴小学站,振兴小学
BV11688981,盘古北路 / 盘古北路站,盘古北路
BV09078881,荔红中路站 / 荔红中路,荔红中路
BV11614568,岐山村口站 / 岐山村口,岐山村口
BV11411336,果岭18站 / 果岭18,果岭18
BV11406988,蓝珠一社站 / 蓝珠一社,蓝珠一社
BV11346055,芙蓉花园站 / 芙蓉花园,芙蓉花园
BV11669775,缠岗牌坊 / 缠岗牌坊站,缠岗牌坊
BV11375034,三坑水库 / 三坑水库站,三坑水库
BV11407234,蓝珠二社站 / 蓝珠二社,蓝珠二社站
BV11688116,郭塘货场站 / 郭塘货场,郭塘货场站
BV11364431,钻石花园 / 钻石花园站,钻石花园
BV09322922,马岭路口站 / 马岭路口,马岭路口
BV11497167,四联路口站 / 四联路口,四联路口
BV09139066,金谷路口站 / 金谷路口,金谷路口
BV11367778,中心大道站 / 中心大道,中心大道站
BV09394525,桂花岗 / 桂花岗站2,桂花岗站2
BV09406832,云城南 / 云城南站1,云城南站1
BV09373815,梓元岗站 / 梓元岗3,梓元岗3
BV09324145,凌塘村站2 / 凌塘村,凌塘村站2
BV11596289,山马塘2 / 山马塘1,山马塘1
BV09357063,仓边路2 / 仓边路,仓边路2
BV09005236,梅园西 / 梅园西站,梅园西
BV11688404,大南路 / 大南路站,大南路站
BV11688564,赤岗塔站 / 赤岗塔,赤岗塔
BV10832642,浣花路站 / 浣花路,浣花路
BV10832643,东漖街 / 东漖街站,东漖街
BV11688509,南田路 / 南田路站,南田路
BV11688525,紫荆道 / 紫荆道站,紫荆道
BV09364266,鹤洞东 / 鹤洞东站,鹤洞东
BV11688558,洛涛居站 / 洛涛居,洛涛居站
BV11688560,如意路站 / 如意路,如意路站
BV09005254,上涌南 / 上涌南站,上涌南
BV11091393,迎宾馆 / 迎宾馆站,迎宾馆
BV11688565,惠福路 / 惠福路站,惠福路
BV11480694,惠福西 / 惠福西站,惠福西
BV11688484,石路基 / 石路基站,石路基
BV10015194,新园路站 / 新园路,新园路
BV11688477,大沙头 / 大沙头站,大沙头
BV09246905,越秀桥2 / 越秀桥,越秀桥2
BV11688482,文德路 / 文德路站,文德路
BV11688476,白云路 / 白云路站,白云路
BV09161363,元下田 / 元下田2,元下田2
BV11687852,元下田 / 元下田站,元下田
BV11688518,文德南 / 文德南站,文德南
BV10016161,坦尾路站 / 坦尾路,坦尾路站
BV09195327,陈家祠2 / 陈家祠,陈家祠2
BV10023122,星河湾站 / 星河湾,星河湾
BV11689291,沙溪村站 / 沙溪村,沙溪村
BV11688514,晓港湾站 / 晓港湾,晓港湾
BV11688511,五凤乡站 / 五凤乡,五凤乡
BV10021130,云桂村站 / 云桂村,云桂村
BV11688478,农林东站 / 农林东,农林东
BV10016241,梅花村站 / 梅花村,梅花村
BV09006178,龙口东 / 龙口东站,龙口东
BV11689170,龙口西 / 龙口西站,龙口西
BV11312280,二沙西 / 二沙西站,二沙西
BV09408345,二沙东 / 二沙东站,二沙东
BV09230293,彩虹桥1 / 彩虹桥,彩虹桥1
BV11688510,越秀桥 / 越秀桥站,越秀桥
BV11688387,鹅掌坦 / 鹅掌坦站,鹅掌坦
BV11688411,同德乡 / 同德乡站,同德乡
BV11688399,上步村 / 上步村站,上步村
BV11589193,军体院 / 军体院站,军体院
BV09256767,石牌村 / 石牌村2,石牌村2
BV11688554,程界村 / 程界村站,程界村
BV09112241,琶洲塔 / 琶洲塔站,琶洲塔
BV09244075,琶洲村 / 琶洲村站,琶洲村站
BV10420826,万胜围 / 万胜围站,万胜围站
BV10021305,杨青村 / 杨青村站,杨青村
BV09005977,黄埔村 / 黄埔村站,黄埔村
BV09413159,程界村 / 程界村1,程界村1
BV09306449,天寿路 / 天寿路1,天寿路1
BV11431965,天河南1 / 天河南,天河南1
BV11688551,天寿路 / 天寿路站,天寿路
BV09317206,怡乐村 / 怡乐村1,怡乐村1
BV11688340,龙潭村 / 龙潭村站,龙潭村站
BV11688348,康乐村 / 康乐村站,康乐村
BV11687959,怡乐村 / 怡乐村站,怡乐村
BV09162065,荔湾路2 / 荔湾路,荔湾路2
BV10018663,宝华路 / 宝华路站,宝华路
BV11629134,金沙路 / 金沙路站,金沙路
BV09348431,黄花岗1 / 黄花岗,黄花岗1
BV11309872,东山口 / 东山口站,东山口
BV09355217,同德围站 / 同德围,同德围
BV09355218,德康路站 / 德康路,德康路
BV10713654,云霄路站 / 云霄路,云霄路站
BV11688390,金贵村 / 金贵村站,金贵村
BV11472525,省妇幼 / 省妇幼站,省妇幼
BV11472520,王圣堂 / 王圣堂站,王圣堂站
BV11088401,景泰坑 / 景泰坑站,景泰坑
BV09355216,梅花园 / 梅花园站,梅花园
BV09269673,西湾路 / 西湾路1,西湾路1
BV09006129,南岸路 / 南岸路站,南岸路
BV09242705,华林寺 / 华林寺站,华林寺
BV11689530,三滘村 / 三滘村站,三滘村
BV11091396,盘福路 / 盘福路站,盘福路
BV10800475,白鹤洞 / 白鹤洞站,白鹤洞站
BV09364515,梓元岗 / 梓元岗站,梓元岗站
BV11688409,万福路 / 万福路站,万福路
BV11688405,万福东 / 万福东站,万福东
BV09364484,逸景路 / 逸景路站,逸景路站
BV11316646,五羊邨 / 五羊邨站,五羊邨
BV09172267,农林东 / 农林东2,农林东2
BV11688487,三角市 / 三角市站,三角市
BV09002689,三元里 / 三元里站,三元里
BV09239569,电视塔 / 电视塔站,电视塔
BV09200956,洪德路 / 洪德路1,洪德路1
BV09222640,南田西 / 南田西2,南田西2
BV09217836,童心南 / 童心南站,童心南
BV09304041,景泰坑2 / 景泰坑,景泰坑2
BV11688573,麓景路 / 麓景路站,麓景路
BV11688535,柯子岭 / 柯子岭站,柯子岭
BV09340465,动物园 / 动物园1,动物园1
BV11688438,石围塘 / 石围塘站,石围塘
BV09256766,石牌村1 / 石牌村,石牌村1
BV09006407,永福路 / 永福路站,永福路站
BV11251690,沙尾桥站 / 沙尾桥,沙尾桥
BV11688134,学府路站 / 学府路,学府路
BV09201207,农讲所 / 农讲所1,农讲所1
BV11688472,杨箕村 / 杨箕村站,杨箕村
BV11485000,华工大 / 华工大站,华工大
BV11689859,农科院 / 农科院站,农科院
BV10714255,林乐路站 / 林乐路,林乐路
BV10714257,小迳村站 / 小迳村,小迳村站
BV11688080,新好景站 / 新好景,新好景
BV11687861,丹水坑站 / 丹水坑,丹水坑
BV09005648,吉祥路 / 吉祥路站,吉祥路
BV11688433,公园前 / 公园前站,公园前
BV09069507,乐意居 / 乐意居站,乐意居
BV09243513,员村东 / 员村东站,员村东
BV10014565,车陂南 / 车陂南站,车陂南
BV11098341,均和东 / 均和东站,均和东站
BV09242701,均和墟 / 均和墟站,均和墟站
BV11688455,白沙湖 / 白沙湖站,白沙湖
BV09163011,陈田村1 / 陈田村,陈田村1
BV09226125,电视塔2 / 电视塔,电视塔2
BV11620525,磨碟沙 / 磨碟沙站,磨碟沙
BV11329135,下芳村 / 下芳村1,下芳村1
BV10014073,站南路站 / 站南路,站南路
BV09000494,西湾路 / 西湾路站,西湾路
BV11370357,盈丰路 / 盈丰路站,盈丰路
BV09163012,陈田村 / 陈田村2,陈田村2
BV11481129,黄石东 / 黄石东站,黄石东
BV11400772,米龙村 / 米龙村站,米龙村
BV11477575,桂花岗 / 桂花岗1,桂花岗1
BV09404762,新市墟 / 新市墟3,新市墟4
BV09226088,市交校 / 市交校1,市交校1
BV10021835,小洲村 / 小洲村站,小洲村
BV11687892,银河园 / 银河园站,银河园
BV11687888,上元岗 / 上元岗站,上元岗
BV10017705,天河南 / 天河南站,天河南
BV11688397,远景路 / 远景路站,远景路
BV09226082,云城南 / 云城南1,云城南1
BV11106523,程界西 / 程界西站,程界西站
BV11312286,东湖路 / 东湖路站,东湖路
BV11689853,科韵路 / 科韵路站,科韵路
BV11688503,恒福路 / 恒福路站,恒福路站
BV09379844,流花路 / 流花路站,流花路
BV11690807,东秀园 / 东秀园站,东秀园站
BV11689845,丹山桥 / 丹山桥站,丹山桥站
BV09000378,大北路站 / 大北路,大北路
BV10014324,陈边村 / 陈边村站,陈边村
BV10014325,利口福 / 利口福站,利口福
BV10014329,板桥东 / 板桥东站,板桥东
BV09310406,天寿路 / 天寿路2,天寿路2
BV09143620,云星村 / 云星村站,云星村
BV09374430,龙美村 / 龙美村站,龙美村
BV11688082,里仁洞 / 里仁洞站,里仁洞
BV11317287,革新路站 / 革新路,革新路站
BV11687904,射击场 / 射击场站,射击场
BV11687860,科学院 / 科学院站,科学院
BV11687873,三宝墟 / 三宝墟站,三宝墟
BV09343705,迎龙路 / 迎龙路站,迎龙路
BV11419913,观绿桥站 / 观绿桥,观绿桥站
BV11419914,大吉村站 / 大吉村,大吉村站
BV11419918,旧寨村站 / 旧寨村,旧寨村站
BV10741256,严田村 / 严田村站,严田村站
BV11691188,小坑村 / 小坑村站,小坑村
BV11691184,东捷路 / 东捷路站,东捷路
BV11619531,华扬路 / 华扬路站,华扬路站
BV11489692,华沙村 / 华沙村站,华沙村
BV09005206,小新塘 / 小新塘站,小新塘
BV10847169,班岭村 / 班岭村站,班岭村
BV11412829,揽月路 / 揽月路站,揽月路
BV10017413,天丰路 / 天丰路站,天丰路站
BV09005647,碧山村 / 碧山村站,碧山村
BV10924420,贤江西站 / 贤江西,贤江西站
BV10016836,江东村站 / 江东村,江东村站
BV10847184,坑围村站 / 坑围村,坑围村
BV10847185,萝峰村站 / 萝峰村,萝峰村
BV09070818,孟田村 / 孟田村站,孟田村
BV11674524,长贤路站 / 长贤路,长贤路站
BV11688332,岭头东站 / 岭头东,岭头东站
BV10847167,长龙村 / 长龙村站,长龙村
BV11687955,大沙西 / 大沙西站,大沙西
BV11248514,大沙东 / 大沙东站,大沙东
BV10885199,丰乐路 / 丰乐路站,丰乐路
BV09324631,田心村 / 田心村站,田心村
BV11689574,联和墟 / 联和墟站,联和墟
BV11379032,岗贝村 / 岗贝村站,岗贝村
BV11692324,华甫村 / 华甫村站,华甫村站
BV10653047,萝坎村 / 萝坎村站,萝坎村站
BV10847059,大观路站 / 大观路,大观路
BV11102405,启学路 / 启学路站,启学路
BV09232690,荔红路 / 荔红路站,荔红路
BV11573823,瑞和路 / 瑞和路站,瑞和路
BV10021347,火村东 / 火村东站,火村东
BV09386317,禾堂岭 / 禾堂岭站,禾堂岭站
BV09408442,长庚村站 / 长庚村,长庚村
BV11688549,黄埔港 / 黄埔港站,黄埔港站
BV11688325,省电校 / 省电校站,省电校
BV11573884,黄麻村 / 黄麻村站,黄麻村
BV11688334,柯木塱 / 柯木塱站,柯木塱站
BV11086409,长平村站 / 长平村,长平村
BV11086413,芳一社站 / 芳一社,芳一社
BV10651927,芳二社站 / 芳二社,芳二社
BV09185058,旗冚村站 / 旗冚村,旗冚村
BV10021972,均和村站 / 均和村,均和村
BV11573887,镇龙墟站 / 镇龙墟,镇龙墟
BV11483391,五福堂站 / 五福堂,五福堂站
BV11383670,业田村 / 业田村站,业田村
BV11400774,茶山下 / 茶山下站,茶山下
BV11687914,软件路站 / 软件路,软件路
BV11487907,汇彩路 / 汇彩路站,汇彩路
BV11689292,友谊路 / 友谊路站,友谊路站
BV11689294,创业路 / 创业路站,创业路站
BV10653035,彩频路 / 彩频路站,彩频路站
BV09232321,禾丰村 / 禾丰村站,禾丰村站
BV11483395,新安路 / 新安路站,新安路站
BV11483380,田园路 / 田园路站,田园路
BV10856386,公安村站 / 公安村,公安村站
BV11619432,坑贝村 / 坑贝村站,坑贝村
BV11619428,莲塘村 / 莲塘村站,莲塘村
BV11619429,燕岗桥 / 燕岗桥站,燕岗桥
BV11688086,顺龙厂站 / 顺龙厂,顺龙厂站
BV11690299,南安村站 / 南安村,南安村站
BV11521972,陈家林 / 陈家林站,陈家林站
BV11688089,新聚福站 / 新聚福,新聚福
BV11688050,太阳城站 / 太阳城,太阳城
BV09312331,杨箕村2 / 杨箕村,杨箕村2
BV11466903,乌石村 / 乌石村站,乌石村
BV11488679,长贤路站 / 长贤路,长贤路
BV11630345,九岭路 / 九岭路站,九岭路站
BV09343741,龙洞北 / 龙洞北站,龙洞北站
BV11688355,车陂路 / 车陂路站,车陂路
BV10014993,庙南村站 / 庙南村,庙南村站
BV09372927,义沙村站 / 义沙村,义沙村
BV09255218,中环路站 / 中环路,中环路站
BV11458819,棠乐路 / 棠乐路站,棠乐路
BV09276326,云启路站 / 云启路,云启路站
BV11690759,龙归墟站 / 龙归墟,龙归墟
BV11627311,黄丽街 / 黄丽街站,黄丽街
BV09368634,永盛路站 / 永盛路,永盛路站
BV09368636,永华路站 / 永华路,永华路站
BV09368447,华峰寺站 / 华峰寺,华峰寺站
BV09242698,玉虚宫 / 玉虚宫站,玉虚宫
BV11484167,五丰村 / 五丰村站,五丰村
BV11484178,朗头村 / 朗头村站,朗头村
BV11484169,朱家庄 / 朱家庄站,朱家庄
BV11484163,何布村 / 何布村站,何布村
BV10018877,江城路 / 江城路站,江城路
BV09209212,北向庄站 / 北向庄,北向庄
BV11690337,新楼村站 / 新楼村,新楼村
BV10018548,榄元村 / 榄元村站,榄元村
BV10847069,黄屋村 / 黄屋村站,黄屋村
BV10847070,渔沙坦 / 渔沙坦站,渔沙坦
BV11687879,渔兴路 / 渔兴路站,渔兴路
BV09355568,光宝路 / 光宝路站,光宝路站
BV09404892,珠村路站 / 珠村路,珠村路站
BV11629712,怡新路 / 怡新路站,怡新路站
BV11624669,骏逸苑站 / 骏逸苑,骏逸苑
BV11519167,春晖苑 / 春晖苑站,春晖苑
BV11688382,科甲水站 / 科甲水,科甲水站
BV11690753,太成村 / 太成村站,太成村
BV11342004,凤和庄 / 凤和庄站,凤和庄
BV11689355,人和墟 / 人和墟站,人和墟
BV09006127,竹仔园 / 竹仔园站,竹仔园
BV11688444,石马南 / 石马南站,石马南
BV11345923,双岗村站 / 双岗村,双岗村站
BV09332895,小石马 / 小石马站,小石马站
BV11167618,茶滘路站 / 茶滘路,茶滘路
BV09318581,穗盐路站 / 穗盐路,穗盐路站
BV09248056,同康路站 / 同康路,同康路
BV11268247,岗丰村站 / 岗丰村,岗丰村
BV11689356,东华村站 / 东华村,东华村
BV11689185,华观路 / 华观路站,华观路
BV09142973,长腰岭 / 长腰岭站,长腰岭站
BV10014238,新镇庄 / 新镇庄站,新镇庄站
BV10632189,塘贝村 / 塘贝村站,塘贝村站
BV10632190,水沥村 / 水沥村站,水沥村站
BV11430751,棠安路站 / 棠安路,棠安路站
BV09410388,东华庄 / 东华庄站,东华庄
BV10014233,岑境村 / 岑境村站,岑境村
BV11435992,望岗村 / 望岗村站,望岗村
BV11481125,红星桥 / 红星桥站,红星桥
BV11483607,古楼村站 / 古楼村,古楼村站
BV10015680,白鳝塘站 / 白鳝塘,白鳝塘
BV09000465,国光厂站 / 国光厂,国光厂
BV09244989,东华村 / 东华村站,东华村站
BV11370963,永光村站 / 永光村,永光村
BV11568710,机械城 / 机械城站,机械城
BV10956571,清布墟站 / 清布墟,清布墟
BV11690803,东湖村站 / 东湖村,东湖村
BV11371879,坪东村 / 坪东村站,坪东村
BV11344941,洛场村 / 洛场村站,洛场村
BV11691193,九湖村站 / 九湖村,九湖村站
BV11691192,三凤村 / 三凤村站,三凤村站
BV10015621,松园里 / 松园里站,松园里
BV09404948,四角围 / 四角围站,四角围
BV09177573,风神厂 / 风神厂站,风神厂站
BV11375032,毕村桥 / 毕村桥站,毕村桥
BV11388325,镇东村站 / 镇东村,镇东村站
BV11388328,杨三村站 / 杨三村,杨三村站
BV11388334,杨二村站 / 杨二村,杨二村
BV11690356,莲塘南 / 莲塘南站,莲塘南
BV11690261,润龙里 / 润龙里站,润龙里
BV11364429,田美村 / 田美村站,田美村
BV11134667,中医院 / 中医院站,中医院
BV11306482,皮革城站 / 皮革城,皮革城
BV11497171,保良村 / 保良村站,保良村
BV09376989,峡石村 / 峡石村站,峡石村
BV11488076,郭塘村站 / 郭塘村,郭塘村
BV11330439,草庄村 / 草庄村站,草庄村站
BV11209846,虎塘村 / 虎塘村站,虎塘村
BV11671985,石安路站 / 石安路,石安路站
BV11330821,和乐路站 / 和乐路,和乐路
BV09179267,建业路站 / 建业路,建业路
BV11482320,飞鹅村站 / 飞鹅村,飞鹅村
BV11482313,帽峰山站 / 帽峰山,帽峰山
BV11478463,云山居 / 云山居站,云山居
BV11209843,罗窑路 / 罗窑路站,罗窑路
BV11209842,龙塘村 / 龙塘村站,龙塘村
BV09337317,天蕴路站 / 天蕴路,天蕴路站
BV11629800,海珠路 / 海珠路站,海珠路
BV11400779,白山村站 / 白山村,白山村站
BV11400776,和龙村站 / 和龙村,和龙村站
BV11629137,荷景路站 / 荷景路,荷景路站
BV11647652,棠下村 / 棠下村站,棠下村
BV11649072,棠下村站 / 棠下村,棠下村
BV09397777,广师大 / 广师大站,广师大站
BV11400675,姓钟围 / 姓钟围站,姓钟围
BV11482396,高平墟 / 高平墟站,高平墟
BV10014698,云星村 / 云星村站,云星村
BV11625939,东儒村 / 东儒村站,东儒村
BV11492618,供电局 / 供电局站,供电局
BV09392864,供电局1 / 供电局,供电局1
BV11308172,坑尾村站 / 坑尾村,坑尾村站
BV11491336,比亚迪 / 比亚迪站,比亚迪站
BV11492267,西街口 / 西街口站,西街口
BV11486454,营三街站 / 营三街,营三街
BV10020876,神岗村 / 神岗村站,神岗村
BV10945004,神岗墟 / 神岗墟站,神岗墟
BV10388697,大塘边站 / 大塘边,大塘边
BV10945000,白田岗 / 白田岗站,白田岗
BV11371484,三眼桥站 / 三眼桥,三眼桥站
BV11175927,紫金城 / 紫金城站,紫金城
BV09304708,太平村 / 太平村站,太平村
BV11689456,蛇龙北 / 蛇龙北站,蛇龙北
BV10252230,江夏村 / 江夏村站,江夏村
BV09000902,江河路 / 江河路站,江河路
BV11689458,大转弯 / 大转弯站,大转弯
BV11688704,北村闸 / 北村闸站,北村闸
BV11408222,乐安街 / 乐安街站,乐安街
BV11688780,金名都 / 金名都站,金名都站
BV11371472,玫瑰园 / 玫瑰园站,玫瑰园
BV10251759,鄱阳路 / 鄱阳路站,鄱阳路
BV09032518,群贤路站 / 群贤路,群贤路
BV11171491,板桥西站 / 板桥西,板桥西
BV11171484,梅山村站 / 梅山村,梅山村
BV11130508,坑头村站 / 坑头村,坑头村站
BV11688148,江南村 / 江南村站,江南村
BV10803819,冯安围站 / 冯安围,冯安围站
BV09371836,庆盛村 / 庆盛村站,庆盛村站
BV10016800,龙穴岛站 / 龙穴岛,龙穴岛站
BV10016788,界河桥站 / 界河桥,界河桥站
BV10017243,十三涌 / 十三涌站,十三涌
BV09244439,同兴村站 / 同兴村,同兴村
BV10015934,年丰村站 / 年丰村,年丰村站
BV09296468,九涌桥站 / 九涌桥,九涌桥站
BV09240062,九涌半站 / 九涌半,九涌半站
BV10023185,东深桥站 / 东深桥,东深桥站
BV09397453,环宇城站 / 环宇城,环宇城
BV10015907,安顺村站 / 安顺村,安顺村站
BV10019803,大稳村站 / 大稳村,大稳村站
BV10023182,天益桥站 / 天益桥,天益桥站
BV10018467,简太路站 / 简太路,简太路站
BV10014913,大同村站 / 大同村,大同村站
BV11602676,灵山岛站 / 灵山岛,灵山岛站
BV10020149,牛角村 / 牛角村站,牛角村站
BV10020151,万安村 / 万安村站,万安村站
BV10014973,沙湾涌 / 沙湾涌站,沙湾涌站
BV10014977,飞鹰厂站 / 飞鹰厂,飞鹰厂
BV09302153,岭东村站 / 岭东村,岭东村站
BV10018334,南村尾站 / 南村尾,南村尾
BV09323890,石牌村站 / 石牌村,石牌村
BV09186857,三姓路 / 三姓路站,三姓路
BV10015941,民立村站 / 民立村,民立村
BV10015939,民兴村站 / 民兴村,民兴村站
BV10015938,保丰围站 / 保丰围,保丰围站
BV09252315,民建村站 / 民建村,民建村站
BV10014912,草河村站 / 草河村,草河村站
BV10014950,德信路站 / 德信路,德信路
BV11406671,公路局 / 公路局站,公路局
BV10617413,电力局 / 电力局站,电力局
BV11631835,山田村 / 山田村站,山田村
BV09278258,图书馆站 / 图书馆,图书馆站
BV11441816,深涌村站 / 深涌村,深涌村
BV09192238,何仙姑站 / 何仙姑,何仙姑站
BV10856384,塔岗村 / 塔岗村站,塔岗村
BV11692686,翟洞村 / 翟洞村站,翟洞村站
BV09348753,沙头村站 / 沙头村,沙头村
BV11447599,初溪村 / 初溪村站,初溪村站
BV10263706,蕉利北站 / 蕉利北,蕉利北站
BV10263906,蕉利南站 / 蕉利南,蕉利南站
BV09374429,荔湾路站 / 荔湾路,荔湾路
BV09404943,红珠路站 / 红珠路,红珠路
BV09002116,三华村站 / 三华村,三华村
BV11688699,宏威路 / 宏威路站,宏威路
BV09269179,麻三村 / 麻三村站,麻三村站
BV09005953,草场村站 / 草场村,草场村
BV11632874,蟹坑村 / 蟹坑村站,蟹坑村站
BV09245149,中医院 / 中医院站,中医院
BV09005809,雅荷居 / 雅荷居站,雅荷居站
BV09005810,华侨城 / 华侨城站,华侨城
BV11131894,西丽路 / 西丽路站,西丽路
BV09344241,南浦村 / 南浦村站,南浦村
BV09316436,工业路 / 工业路站,工业路
BV10020162,朗陶居 / 朗陶居站,朗陶居
BV09305164,江鸥村站 / 江鸥村,江鸥村
BV09357587,北环路站 / 北环路,北环路
BV10676452,新广场 / 新广场站,新广场
BV11131948,甘棠村站 / 甘棠村,甘棠村
BV11688140,乐同村 / 乐同村站,乐同村
BV11435997,颐养院 / 颐养院站,颐养院站
BV09271071,将军潭 / 将军潭站,将军潭
BV09386974,轮胎厂 / 轮胎厂站,轮胎厂
BV09176953,塱头村 / 塱头村站,塱头村
BV11412277,中洞村 / 中洞村站,中洞村
BV11412280,蓝田村 / 蓝田村站,蓝田村
BV11466783,劳教所 / 劳教所站,劳教所
BV10847076,水口村 / 水口村站,水口村
BV09410387,水务局 / 水务局站,水务局
BV09407005,毕村西 / 毕村西站,毕村西站
BV09313069,万信达 / 万信达站,万信达
BV09313065,南昌里 / 南昌里站,南昌里
BV09313064,华严寺站 / 华严寺,华严寺
BV11689392,振兴村 / 振兴村站,振兴村
BV11688081,三东村站 / 三东村,三东村
BV11411805,摩天轮 / 摩天轮站,摩天轮站
BV09414032,故乡里站 / 故乡里,故乡里
BV11406986,新桥头 / 新桥头站,新桥头
BV11689387,御华园站 / 御华园,御华园
BV09303743,新庄村站 / 新庄村,新庄村
BV11346059,瑞边村站 / 瑞边村,瑞边村
BV11690355,石岗村站 / 石岗村,石岗村站
BV11317179,西头村站 / 西头村,西头村
BV11497174,水口营站 / 水口营,水口营
BV11497170,吉星村站 / 吉星村,吉星村
BV11562315,棠溪 / 棠溪站1,棠溪站1
BV09177350,西塱2 / 西塱1,西塱2
BV11559829,坪地2 / 坪地1,坪地1
BV11489895,坪地1 / 坪地2,坪地2
BV09041862,西塱站2 / 西塱,西塱站2
BV09226129,小北 / 小北1,小北1
BV09179585,堑口 / 堑口2,堑口2
BV09242190,沙园 / 沙园站,沙园
BV10800468,广船 / 广船站,广船站
BV09002998,东塱 / 东塱站,东塱站
BV10014360,上涌 / 上涌站,上涌
BV09003001,桥中 / 桥中站,桥中
BV09226064,小坪1 / 小坪,小坪1
BV11688360,马务 / 马务站,马务
BV09209226,同和2 / 同和,同和2
BV11688423,榕溪 / 榕溪站,榕溪
BV11688516,东堤 / 东堤站,东堤
BV11688501,长堤 / 长堤站,长堤
BV10015051,上漖站 / 上漖,上漖
BV10013679,珠影 / 珠影站,珠影
BV11688412,黑山 / 黑山站,黑山
BV09000553,横滘 / 横滘站,横滘
BV09321905,天河 / 天河2,天河2
BV09323877,冼村 / 冼村2,冼村2
BV11688338,赤岗 / 赤岗站,赤岗
BV11687958,鹭江 / 鹭江站,鹭江
BV09263630,沙河2 / 沙河,沙河2
BV09246642,瑶台 / 瑶台1,瑶台1
BV10713660,沙涌站 / 沙涌,沙涌
BV09001423,棠溪站 / 棠溪,棠溪
BV09226099,马务 / 马务2,马务2
BV09377937,克山1 / 克山,克山1
BV09226113,瑶台2 / 瑶台,瑶台2
BV11687842,槎头 / 槎头站,槎头
BV11688783,沥滘 / 沥滘站,沥滘
BV10681379,石溪 / 石溪站,石溪站
BV09316713,南村1 / 南村,南村1
BV11688439,芳村 / 芳村站,芳村
BV11687930,敦和 / 敦和站,敦和
BV09243512,财厅 / 财厅站,财厅
BV09010643,克山2 / 克山,克山2
BV10703593,松北 / 松北站,松北
BV09200026,槎头 / 槎头1,槎头1
BV11688572,西坑 / 西坑站,西坑站
BV09177348,芳村1 / 芳村,芳村1
BV11688506,花地 / 花地站,花地
BV11687869,山村 / 山村站,山村站
BV11591011,祥凤站 / 祥凤,祥凤站
BV11687928,塘头站 / 塘头,塘头
BV11687851,南岗站 / 南岗,南岗
BV10714250,沙村 / 沙村站,沙村站
BV11688548,东圃 / 东圃站,东圃
BV09226062,平沙1 / 平沙,平沙1
BV11483612,大塱 / 大塱站,大塱
BV11688462,夏茅 / 夏茅站,夏茅
BV09001451,鹤南 / 鹤南站,鹤南
BV09347832,纸厂 / 纸厂站,纸厂
BV09203867,石溪1 / 石溪,石溪1
BV11088402,广外 / 广外站,广外
BV11688440,琶洲 / 琶洲站,琶洲
BV11688391,广医 / 广医站,广医
BV10014068,西苑 / 西苑站,西苑
BV11102072,克山 / 克山站,克山
BV09307684,横滘1 / 横滘,横滘1
BV11086798,冼村 / 冼村站,冼村
BV11688380,望岗 / 望岗站,望岗站
BV11687843,黄边 / 黄边站,黄边
BV09364516,流花 / 流花站,流花站
BV11689633,小洲 / 小洲站,小洲
BV10018239,土华 / 土华站,土华
BV11687970,庆丰 / 庆丰站,庆丰
BV09375063,沙河 / 沙河站,沙河
BV11688784,谢村站 / 谢村,谢村
BV11687884,猛涌站 / 猛涌,猛涌
BV09000383,礼村站 / 礼村,礼村
BV10019877,大石站 / 大石,大石
BV10016700,钟村 / 钟村站,钟村
BV09294082,五坊站 / 五坊,五坊站
BV10017992,东沙 / 东沙站,东沙站
BV11691182,火村 / 火村站,火村
BV11573871,长安 / 长安站,长安
BV09169832,上堂1 / 上堂,上堂1
BV11690376,姬堂站 / 姬堂,姬堂站
BV11690379,上堂站 / 上堂,上堂
BV11379929,贤江站 / 贤江,贤江
BV09241911,萝岗站 / 萝岗,萝岗
BV11379591,岭头站 / 岭头,岭头站
BV09006665,屋角站 / 屋角,屋角站
BV10016015,华工站 / 华工,华工
BV09351784,荷村 / 荷村站,荷村
BV11573881,朱屋站 / 朱屋,朱屋
BV11383669,坳岗站 / 坳岗,坳岗
BV09246211,莲溪 / 莲溪站,莲溪
BV11597696,中大 / 中大站,中大
BV09237475,水西站 / 水西,水西站
BV11687921,夏园站 / 夏园,夏园
BV11163379,桥中 / 桥中1,桥中1
BV11688428,小坪 / 小坪站,小坪
BV11691998,沙凤 / 沙凤站,沙凤
BV10974372,红山站 / 红山,红山
BV11545639,东基 / 东基站,东基站
BV11687844,西塱 / 西塱站,西塱站
BV09288121,夏港 / 夏港站,夏港
BV09000493,神山 / 神山站,神山
BV11484168,石龙 / 石龙站,石龙
BV11484181,茅山 / 茅山站,茅山
BV09242094,江高站 / 江高,江高站
BV11345917,泉溪站 / 泉溪,泉溪站
BV11345919,塘贝站 / 塘贝,塘贝站
BV11345921,水沥 / 水沥站,水沥站
BV11690765,新科站 / 新科,新科站
BV09001432,桃源站 / 桃源,桃源站
BV10018676,鹤亭 / 鹤亭站,鹤亭
BV11688527,北村 / 北村站,北村
BV11690754,长红 / 长红站,长红
BV11222413,星荟站 / 星荟,星荟站
BV11688453,平沙 / 平沙站,平沙
BV09245330,郭塘站 / 郭塘,郭塘站
BV09000490,石马 / 石马站,石马站
BV11688071,唐阁 / 唐阁站,唐阁
BV10017093,桥东 / 桥东站,桥东
BV11329585,员村 / 员村站,员村
BV11689187,苗圃 / 苗圃站,苗圃
BV11689186,岑村 / 岑村站,岑村
BV11388326,湴湖 / 湴湖站,湴湖
BV11388333,新和 / 新和站,新和
BV10636433,张边站 / 张边,张边站
BV11690546,邓岗站 / 邓岗,邓岗站
BV10573526,新村站 / 新村,新村站
BV11165782,毕村站 / 毕村,毕村站
BV11690802,广塘站 / 广塘,广塘
BV11690800,广岭 / 广岭站,广岭
BV11690255,龙口站 / 龙口,龙口
BV09000893,小布站 / 小布,小布
BV10015691,南门站 / 南门,南门站
BV11691185,坪山 / 坪山站,坪山站
BV11466868,杨屋 / 杨屋站,杨屋
BV11168429,海布 / 海布站,海布
BV11168438,合成 / 合成站,合成站
BV11628197,太和 / 太和站,太和
BV09272796,桔洞站 / 桔洞,桔洞
CL100017,西坑 / 西坑①,西坑①
BV11400773,胡屋站 / 胡屋,胡屋站
BV11400775,均田站 / 均田,均田站
BV11694282,岗顶 / 岗顶站,岗顶
BV11694281,上社 / 上社站,上社
BV11694280,棠东 / 棠东站,棠东
BV11692816,黄村 / 黄村站,黄村
BV09388858,夏园站 / 夏园,夏园
BV09031070,东沙 / 东沙站,东沙
BV10018723,北星站 / 北星,北星站
BV11480861,毛埔站 / 毛埔,毛埔
BV11480860,黄场站 / 黄场,黄场
BV10616510,民乐 / 民乐站,民乐
BV11168222,车头站 / 车头,车头站
BV11487751,玲洲站 / 玲洲,玲洲
BV11482394,陈庄 / 陈庄站,陈庄
BV09388708,岭南 / 岭南站,岭南
BV11688697,西约 / 西约站,西约
BV11688703,夏东 / 夏东站,夏东
BV10254418,蓬涌站 / 蓬涌,蓬涌站
BV09061722,小布站 / 小布,小布
BV11689451,泗沥 / 泗沥站,泗沥
BV10252559,平安站 / 平安,平安
BV10252561,横江 / 横江站,横江
BV09205392,松岗站 / 松岗,松岗
BV10789111,显纲站 / 显纲,显纲
BV11689077,沙涌 / 沙涌站,沙涌
BV11688698,湖洲 / 湖洲站,湖洲
BV09006200,北村 / 北村站,北村
BV11379005,中村 / 中村站,中村站
BV11371474,联安 / 联安站,联安
BV11688732,乐城 / 乐城站,乐城
BV11688781,洲村 / 洲村站,洲村站
BV11688779,丰岗站 / 丰岗,丰岗
BV10252241,颜峰 / 颜峰站,颜峰站
BV09237239,小布 / 小布站,小布站
BV11371462,新社 / 新社站,新社
BV11371478,日田 / 日田站,日田
BV09205390,南约 / 南约站,南约站
BV09398775,南村 / 南村站,南村站
BV10015001,三涌站 / 三涌,三涌站
BV10017245,十涌 / 十涌站,十涌
BV10019807,墩涌站 / 墩涌,墩涌站
BV10018333,上村站 / 上村,上村
BV10014947,蚬涌站 / 蚬涌,蚬涌
BV09316438,塘涌站 / 塘涌,塘涌
BV09221952,林场 / 林场站,林场
BV10975804,马山站 / 马山,马山
BV09367689,山村 / 山村站,山村
BV11689337,东盛站 / 东盛,东盛站
BV09205393,平北站 / 平北,平北站
BV09308646,奕西 / 奕西站,奕西
BV11459794,陈涌 / 陈涌站,陈涌
BV11345913,布心 / 布心站,布心
BV09206742,剑岭 / 剑岭站,剑岭站
BV11375043,赤坭 / 赤坭站,赤坭
BV11346385,塘口站 / 塘口,塘口站
BV10023804,花城站 / 花城,花城
BV11382881,两龙站 / 两龙,两龙
BV09313068,长岗 / 长岗站,长岗
BV09377933,旗岭站 / 旗岭,旗岭
BV11375045,国泰站 / 国泰,国泰站
BV11407232,缠岗站 / 缠岗,缠岗站
BV11317188,连珠 / 连珠站,连珠站
BV10019267,田心站 / 田心,田心
BV11317178,石坑站 / 石坑,石坑
BV11497172,港头站 / 港头,港头
