家族,站A,站B,距离m,同方向共站,共线数,判定,ID-A,ID-B
香山湖,香山湖,香山湖总站,1187,是,2,应分开(同方向共站),BV11141640,BV09237673
富豪山庄,富豪山庄,富豪山庄总站,1182,是,1,应分开(同方向共站),BV10016731,BV10023371
车陂,车陂总站,车陂,1162,是,1,应分开(同方向共站),BV10017165,BV10014610
凤凰城,凤凰城,凤凰城总站,1148,是,1,应分开(同方向共站),BV09046615,BV11284683
七星岗,七星岗总站,七星岗,1138,是,1,应分开(同方向共站),BV10019657,BV10021829
广州大道中,广州大道中,广州大道中,1126,是,1,应分开(同方向共站),BV11687847,BV10014367
长贤路,长贤路站,长贤路,1122,是,1,应分开(同方向共站),BV11674524,BV11488679
黄边北路,黄边北路,黄边北路总站,1119,是,1,应分开(同方向共站),BV09276323,BV10387193
金山谷花园,金山谷花园,金山谷花园总站,1108,是,1,应分开(同方向共站),BV10019836,BV10838158
天慧路,天慧路总站,天慧路,1096,是,2,应分开(同方向共站),BV11464543,BV10019135
横枝岗,横枝岗,横枝岗总站,1083,是,1,应分开(同方向共站),BV09091397,BV10389127
三百洞村委,三百洞村委总站,三百洞村委,1082,是,1,应分开(同方向共站),BV11418722,BV11334506
岑村,岑村,岑村总站,1072,是,2,应分开(同方向共站),BV11689186,BV10018536
开泰大道(新阳路口),开泰大道(新阳路口),开泰大道(开达路口),1071,是,1,应分开(同方向共站),BV11466898,BV11690288
平洲玉器街,平洲玉器街,平洲玉器街总站,1059,是,1,应分开(同方向共站),BV10254406,BV11102605
沙田村,沙田村总站,沙田村,1016,是,1,应分开(同方向共站),BV10389056,BV11656584
土华,土华,土华总站,976,是,2,应分开(同方向共站),BV10018239,BV10021864
白水寨,白水寨总站,白水寨,919,是,1,应分开(同方向共站),BV10488794,BV10488791
车陂,车陂总站,车陂,896,是,1,应分开(同方向共站),BV10017165,BV11693174
白云山制药厂,白云山制药厂,白云山制药厂总站,867,是,2,应分开(同方向共站),BV10016352,BV10014380
西湾路,西湾路,西湾路总站,852,是,1,应分开(同方向共站),BV09000494,BV10723493
东晖路,东晖路,东晖路(夏园农民公寓),808,是,0,应分开(同方向共站),BV10703778,BV09292564
西湾路,西湾路2,西湾路,801,是,1,应分开(同方向共站),BV09356487,BV09000495
西湾路,西湾路,西湾路,801,是,2,应分开(同方向共站),BV09000494,BV09000495
水荫路,水荫路总站,水荫路,782,是,2,应分开(同方向共站),BV10021738,BV10016135
广州雅居乐,广州雅居乐,广州雅居乐总站,782,是,1,应分开(同方向共站),BV11689282,BV10015106
沥滘,沥滘,沥滘总站,774,是,10,应分开(同方向共站),BV11688783,BV10016721
永泰新村,永泰新村,永泰新村总站,759,是,1,应分开(同方向共站),BV11683318,BV10019225
汇彩路,汇彩路总站,汇彩路,759,是,3,应分开(同方向共站),BV10021328,BV11487907
大罗村,大罗村总站,大罗村,753,是,2,应分开(同方向共站),BV11476851,BV10018776
太石工业区,太石工业区站,太石工业区总站,745,是,2,应分开(同方向共站),BV09305166,BV10023383
江高,江高站,江高总站,742,是,3,应分开(同方向共站),BV09242094,BV11436893
广外,广外,广外总站,711,是,2,应分开(同方向共站),BV11088402,BV10795608
南洲北路,南洲北路,南洲北路总站,708,是,2,应分开(同方向共站),BV10014357,BV10019120
云埔一路,云埔一路总站,云埔一路,699,是,1,应分开(同方向共站),BV10017550,BV11379024
创盈路西,创盈路西总站,创盈路西,692,是,1,应分开(同方向共站),BV09236550,BV09236548
西湾路,西湾路1,西湾路总站,669,是,1,应分开(同方向共站),BV09269673,BV10723493
炭步,炭步总站,炭步,663,是,1,应分开(同方向共站),BV10442979,BV10703910
珠江泳场,珠江泳场,珠江泳场总站,615,是,2,应分开(同方向共站),BV09006391,BV10021858
花都广场,花都广场,花都广场(区政府),607,是,0,应分开(同方向共站),BV10016943,BV11550145
节能科技园,节能科技园,节能科技园总站,606,是,2,应分开(同方向共站),BV10014702,BV10386996
碧山村,碧山村,碧山村总站,606,是,1,应分开(同方向共站),BV09005647,BV10018135
北山,北山,北山总站,604,是,1,应分开(同方向共站),BV10013862,BV10541319
黄石路,黄石路总站,黄石路2,601,是,1,应分开(同方向共站),BV10018538,BV09408943
玲洲,玲洲总站,玲洲,590,是,1,应分开(同方向共站),BV10387111,BV11487751
莲花山港,莲花山港,莲花山港总站,581,是,1,应分开(同方向共站),BV10019765,BV10023192
白兔村路口,白兔村路口1,白兔村路口2,573,是,3,应分开(同方向共站),BV11028709,BV11028710
黄石路,黄石路1,黄石路总站,572,是,1,应分开(同方向共站),BV09351558,BV10018538
民安村,民安村,民安村站2,545,是,1,应分开(同方向共站),BV10022356,BV11442875
人和墟,人和墟,人和墟总站,536,是,1,应分开(同方向共站),BV11689355,BV10014381
槎头,槎头,槎头1,527,是,3,应分开(同方向共站),BV11687842,BV09200026
万科海上明月,万科海上明月,万科海上明月总站,521,是,2,应分开(同方向共站),BV11443817,BV11625830
誉山国际五区,誉山国际五区,誉山国际五区总站,516,是,1,应分开(同方向共站),BV11244693,BV11380372
晓港湾,晓港湾,晓港湾总站,480,是,2,应分开(同方向共站),BV11688514,BV10018550
桥东小区,桥东小区,桥东小区总站,473,是,1,应分开(同方向共站),BV11688504,BV10022284
瑞东花园,瑞东花园站,瑞东花园总站,454,是,2,应分开(同方向共站),BV11619529,BV11426724
人和墟,人和墟,人和墟2,433,是,13,应分开(同方向共站),BV11689355,BV09212864
坑头村,坑头村站,坑头村总站,431,是,1,应分开(同方向共站),BV11130508,BV11171750
广东国防教育基地,广东国防教育基地总站,广东国防教育基地,420,是,2,应分开(同方向共站),BV10976452,BV09237932
福上下社,福上下社1,福上下社2,416,是,2,应分开(同方向共站),BV11352299,BV11352300
茶滘路,茶滘路,茶滘路总站,408,是,2,应分开(同方向共站),BV11167618,BV10331027
泮塘,泮塘,泮塘总站,402,是,3,应分开(同方向共站),BV10022283,BV10021910
园坛岭路,园坛岭路总站,园坛岭路,397,是,1,应分开(同方向共站),BV10388955,BV11477130
员村一横路,员村一横路总站,员村一横路,382,是,4,应分开(同方向共站),BV10013630,BV10022311
赤岗路口,赤岗路口2,赤岗路口,379,是,9,应分开(同方向共站),BV09317596,BV09005990
南星汤屋社,南星汤屋社1,南星汤屋社2,368,是,2,应分开(同方向共站),BV11359303,BV11359304
奥体南路,奥体南路站,奥体南路总站,360,是,2,应分开(同方向共站),BV11279578,BV11388273
纸厂,纸厂,纸厂总站,354,是,2,应分开(同方向共站),BV09347832,BV10021944
天坤三路,天坤三路站,天坤三路总站,343,是,5,应分开(同方向共站),BV11609227,BV11564624
新华工业区,新华工业区2,新华工业区1,333,是,1,应分开(同方向共站),BV11554334,BV11547976
电视塔,电视塔,电视塔2,329,是,6,应分开(同方向共站),BV09239569,BV09226125
鱼珠码头,鱼珠码头站,鱼珠码头总站,320,是,1,应分开(同方向共站),BV11361606,BV10018096
珠岛花园,珠岛花园,珠岛花园总站,318,是,3,应分开(同方向共站),BV10803702,BV10016165
新市墟,新市墟1,新市墟2,310,是,8,应分开(同方向共站),BV09226083,BV09226067
水秀二路,水秀二路总站,水秀二路站,304,是,2,应分开(同方向共站),BV11615374,BV11615375
荔勤南路,荔勤南路,荔勤南路总站,303,是,1,应分开(同方向共站),BV09149595,BV09234523
奥园广场,奥园广场,奥园广场总站,301,是,1,应分开(同方向共站),BV10019915,BV10019864
广汕路(科景路口),广汕路(科景路口),广汕路(科景路口)总站,288,是,4,应分开(同方向共站),BV09066404,BV09070817
柯子岭,柯子岭总站3,柯子岭,286,是,1,应分开(同方向共站),BV09370170,BV11688535
中山八路,中山八路1,中山八路总站,285,是,2,应分开(同方向共站),BV09213747,BV10014194
中山八路,中山八路总站,中山八路2,280,是,2,应分开(同方向共站),BV10014194,BV09167549
中山八路,中山八路总站,中山八路,280,是,1,应分开(同方向共站),BV10014194,BV11688465
棠下(三元里大道),棠下(三元里大道)1,棠下(三元里大道)2,255,是,4,应分开(同方向共站),BV09172231,BV09169835
叠溪花园,叠溪花园,叠溪花园总站,244,是,1,应分开(同方向共站),BV11118929,BV09359809
华工大,华工大,华工大总站,241,是,2,应分开(同方向共站),BV11485000,BV10017909
百顺北路,百顺北路总站,百顺北路,240,是,1,应分开(同方向共站),BV11655931,BV11482221
景泰坑,景泰坑,景泰坑总站,235,是,1,应分开(同方向共站),BV11088401,BV10405864
花林湖畔,花林湖畔,花林湖畔总站,231,是,2,应分开(同方向共站),BV11308175,BV11335401
如意坊,如意坊2,如意坊,230,是,7,应分开(同方向共站),BV09382089,BV11357695
科韵路,科韵路,科韵路总站,229,是,2,应分开(同方向共站),BV11689853,BV10022018
桥中,桥中,桥中1,226,是,3,应分开(同方向共站),BV09003001,BV11163379
花地大道,花地大道,花地大道站1,226,是,6,应分开(同方向共站),BV09001039,BV09304066
广州大道南(叠景路口),广州大道南(叠景路口)1,广州大道南(叠景路口)2,223,是,14,应分开(同方向共站),BV09183567,BV09184938
西塱,西塱2,西塱站,221,是,2,应分开(同方向共站),BV09177350,BV11687844
景泰直街,景泰直街,景泰直街总站,219,是,2,应分开(同方向共站),BV10017948,BV10018324
新市墟,新市墟1,新市墟,215,是,1,应分开(同方向共站),BV09226083,BV11687839
云台花园,云台花园3,云台花园总站,213,是,1,应分开(同方向共站),BV09364566,BV10014637
锦城花园,锦城花园,锦城花园总站(东风东),213,是,0,应分开(同方向共站),BV11171452,BV10014572
金沙洲大桥西,金沙洲大桥西2,金沙洲大桥西,209,是,10,应分开(同方向共站),BV09010639,BV10713669
桥中,桥中站1,桥中,205,是,14,应分开(同方向共站),BV09376898,BV09003001
桥中,桥中,桥中总站,205,是,2,应分开(同方向共站),BV09003001,BV11225789
远景路,远景路1,远景路,200,是,7,应分开(同方向共站),BV09168358,BV11688397
中堂路口,中堂路口,中堂路口2,200,是,2,应分开(同方向共站),BV10262823,BV11670857
陈家祠,陈家祠,陈家祠1,198,是,3,应分开(同方向共站),BV11596161,BV09271075
棠溪,棠溪站1,棠溪站3,193,是,4,应分开(同方向共站),BV11562315,BV09045365
金沙洲路,金沙洲路2,金沙洲路3,191,是,2,应分开(同方向共站),BV11329134,BV09010641
芳村大道西,芳村大道西,芳村大道西1,190,是,10,应分开(同方向共站),BV11688499,BV09304064
云台花园,云台花园2,云台花园总站,186,是,1,应分开(同方向共站),BV09364271,BV10014637
西湾路,西湾路1,西湾路,183,是,2,应分开(同方向共站),BV09269673,BV09000494
白鳝塘,白鳝塘,白鳝塘总站,182,是,1,应分开(同方向共站),BV10015680,BV10019304
高铁庆盛,高铁庆盛站,高铁庆盛站1,180,是,1,应分开(同方向共站),BV09394481,BV09410623
云台花园,云台花园总站,云台花园,179,是,2,应分开(同方向共站),BV10014637,BV11371562
南双玉村,南双玉村,南双玉村总站,175,是,1,应分开(同方向共站),BV11688132,BV10019952
石碁文化广场,石碁文化广场,石碁文化广场总站,174,是,3,应分开(同方向共站),BV10832137,BV11139586
云台花园,云台花园1,云台花园总站,163,是,1,应分开(同方向共站),BV09373903,BV10014637
新丰路口,新丰路口2,新丰路口1,163,是,4,应分开(同方向共站),BV09209215,BV09235566
洛溪新城,洛溪新城,洛溪新城总站,162,是,2,应分开(同方向共站),BV11688563,BV10016556
小坪,小坪1,小坪2,161,是,9,应分开(同方向共站),BV09226064,BV09209209
小坪,小坪1,小坪,158,是,1,应分开(同方向共站),BV09226064,BV11688428
金沙洲路,金沙洲路,金沙洲路1,156,是,1,应分开(同方向共站),BV11688450,BV09369963
蕉门地铁,蕉门地铁站,蕉门地铁总站,155,是,1,应分开(同方向共站),BV10014705,BV11580784
沙涌,沙涌,沙涌2,152,是,7,应分开(同方向共站),BV10713660,BV09167550
体育中心,体育中心,体育中心总站,150,是,1,应分开(同方向共站),BV11688545,BV10018645
西塱,西塱1,西塱站,150,是,1,应分开(同方向共站),BV09178250,BV11687844
联和,联和1,联和2,148,是,10,应分开(同方向共站),BV11637999,BV09226063
南方医院,南方医院,南方医院总站,147,是,1,应分开(同方向共站),BV11688389,BV10021222
富力半岛花园,富力半岛花园1,富力半岛花园,147,是,3,应分开(同方向共站),BV10461190,BV09006431
罗冲围客运,罗冲围客运站,罗冲围客运站2,136,是,9,应分开(同方向共站),BV10013779,BV11675544
机场路岗贝路口,机场路岗贝路口,机场路岗贝路口1,127,是,2,应分开(同方向共站),BV11688420,BV09226068
嘉禾望岗,嘉禾望岗总站,嘉禾望岗站,124,是,13,应分开(同方向共站),BV09408554,BV09408343
星汇金沙二期,星汇金沙二期总站,星汇金沙二期,123,是,1,应分开(同方向共站),BV10654281,BV11358286
先烈南路,先烈南路,先烈南路总站,118,是,1,应分开(同方向共站),BV10016425,BV11609613
华海大厦,华海大厦,华海大厦1,114,是,12,应分开(同方向共站),BV10015713,BV09317631
赤岗,赤岗总站,赤岗,111,是,1,应分开(同方向共站),BV10021665,BV11688338
三元里大道中,三元里大道中站,三元里大道中2,111,是,8,应分开(同方向共站),BV11687945,BV09164965
琶洲大桥北,琶洲大桥北,琶洲大桥北总站,110,是,1,应分开(同方向共站),BV11688358,BV10580172
城西花园,城西花园,城西花园2,110,是,1,应分开(同方向共站),BV11688445,BV09302293
城建学院,城建学院,城建学院总站,106,是,1,应分开(同方向共站),BV10022844,BV10019407
濂泉路口,濂泉路口1,濂泉路口,105,是,1,应分开(同方向共站),BV09318948,BV11688393
悦云路口,悦云路口,悦云路口总站,104,是,1,应分开(同方向共站),BV09345881,BV09327367
桂花岗,桂花岗站2,桂花岗,100,是,5,应分开(同方向共站),BV09394525,BV10016229
夏茅,夏茅,夏茅总站,98,是,1,应分开(同方向共站),BV11688462,BV10896410
万科四季花城,万科四季花城总站,万科四季花城总站,94,是,5,应分开(同方向共站),BV11557348,BV10015230
瀛洲生态公园,瀛洲生态公园,瀛洲生态公园总站,94,是,1,应分开(同方向共站),BV09273926,BV10022466
荔湾路,荔湾路2,荔湾路,91,是,1,应分开(同方向共站),BV09162065,BV09374429
西湾路,西湾路,西湾路总站,90,是,2,应分开(同方向共站),BV09000495,BV10723493
克山,克山1,克山,89,是,1,应分开(同方向共站),BV09377937,BV11102072
万胜围,万胜围站,万胜围总站,88,是,2,应分开(同方向共站),BV10420826,BV11011363
科学大道口,科学大道口,科学大道口2,87,是,12,应分开(同方向共站),BV11687887,BV09212867
客村立交,客村立交1,客村立交2,86,是,6,应分开(同方向共站),BV09377600,BV09377599
沙北村,沙北村,沙北村总站,82,是,1,应分开(同方向共站),BV10019770,BV11488014
和平新村,和平新村2,和平新村1,81,是,9,应分开(同方向共站),BV09238796,BV09238795
西塱,西塱2,西塱1,81,是,3,应分开(同方向共站),BV09177350,BV09178250
丹水坑,丹水坑,丹水坑2,81,是,1,应分开(同方向共站),BV11687861,BV09227576
南洲花园,南洲花园,南洲花园总站,80,是,1,应分开(同方向共站),BV10014358,BV10019474
南悦花苑,南悦花苑总站,南悦花苑,77,是,6,应分开(同方向共站),BV10828444,BV11154136
神山,神山,神山总站,76,是,2,应分开(同方向共站),BV09000493,BV10013876
南岗,南岗,南岗总站,74,是,4,应分开(同方向共站),BV11687851,BV10017343
九龙镇政府,九龙镇政府总站,九龙镇政府,60,是,1,应分开(同方向共站),BV10013784,BV10555852
革新路口,革新路口,革新路口1,59,是,10,应分开(同方向共站),BV09006413,BV09314790
横滘,横滘,横滘1,59,是,10,应分开(同方向共站),BV09000553,BV09307684
沙面新城,沙面新城,沙面新城总站,59,是,1,应分开(同方向共站),BV09376900,BV10393856
芳村,芳村,芳村1,56,是,11,应分开(同方向共站),BV11688439,BV09177348
荔湾路口,荔湾路口1,荔湾路口2,55,是,7,应分开(同方向共站),BV09271782,BV11164816
江湾桥南,江湾桥南1,江湾桥南2,54,是,15,应分开(同方向共站),BV09359515,BV09172266
动物园,动物园1,动物园总站,53,是,1,应分开(同方向共站),BV09340465,BV10014264
广东外贸学校,广东外贸学校,广东外贸学校1,50,是,1,应分开(同方向共站),BV10014439,BV09400828
白云宾馆,白云宾馆,白云宾馆2,47,是,1,应分开(同方向共站),BV11009137,BV09226118
丽江花园,丽江花园总站,丽江花园,40,是,2,应分开(同方向共站),BV10015192,BV10015193
逸景翠园,逸景翠园总站,逸景翠园,39,是,1,应分开(同方向共站),BV10017944,BV09375102
汇景北路,汇景北路总站,汇景北路总站2,36,是,1,应分开(同方向共站),BV10017906,BV09395455
如意坊,如意坊,如意坊总站,35,是,1,应分开(同方向共站),BV11357695,BV10022019
广师大,BRT广师大站,广师大,35,是,2,应分开(同方向共站),BV09403156,BV09397675
小北,小北1,小北2,34,是,16,应分开(同方向共站),BV09226129,BV09226117
太古仓路,太古仓路总站,太古仓路总站2,34,是,1,应分开(同方向共站),BV11318890,BV09245333
珠江医院,珠江医院总站2,珠江医院总站,33,是,1,应分开(同方向共站),BV09245917,BV10021721
南田西,南田西,南田西2,32,是,3,应分开(同方向共站),BV10715984,BV09222640
彩虹桥,彩虹桥1,彩虹桥2,30,是,8,应分开(同方向共站),BV09230293,BV09162064
花地大道,花地大道,花地大道2,30,是,5,应分开(同方向共站),BV09001039,BV09163014
盈丰路,盈丰路,盈丰路总站,29,是,1,应分开(同方向共站),BV11370357,BV10017134
汇侨路,汇侨路总站,汇侨路,29,是,1,应分开(同方向共站),BV11461975,BV10018043
陈田村,陈田村,陈田村2,27,是,3,应分开(同方向共站),BV11688417,BV09163012
荔湾路口,荔湾路口2,荔湾路口,22,是,2,应分开(同方向共站),BV11164816,BV10016144
荔湾路,荔湾路1,荔湾路2,22,是,3,应分开(同方向共站),BV09233339,BV09162065
海珠客运,海珠客运站2,海珠客运站,21,是,13,应分开(同方向共站),BV11196681,BV10015271
华严寺,华严寺,华严寺总站,17,是,1,应分开(同方向共站),BV09313064,BV11430051
中山八路,中山八路1,中山八路2,16,是,6,应分开(同方向共站),BV09213747,BV09167549
中山八路,中山八路1,中山八路,16,是,1,应分开(同方向共站),BV09213747,BV11688465
天健创意园,天健创意园总站,天健创意园,15,是,3,应分开(同方向共站),BV10793675,BV09027379
万科海上明月,万科海上明月站2,万科海上明月,13,是,1,应分开(同方向共站),BV09010681,BV11443817
敦和,敦和3,敦和,8,是,13,应分开(同方向共站),BV09026856,BV11687930
石壁中学,石壁中学总站,石壁中学,4,是,1,应分开(同方向共站),BV11451734,BV10023026
马务,马务,马务2,0,是,10,应分开(同方向共站),BV11688360,BV09226099
同和,同和2,同和,0,是,1,应分开(同方向共站),BV09209226,BV11688408
中山大道东圃,公共汽车中山大道东圃站,中山大道东圃站,0,是,1,应分开(同方向共站),BV09403155,BV09403374
同德围,同德围总站,同德围总站,1195,,0,应分开(远距离无共站),BV10387326,BV09001043
剑岭,剑岭站,剑岭,1168,,0,应分开(远距离无共站),BV09206742,BV11375028
员村,员村总站,员村,1159,,0,应分开(远距离无共站),BV11492234,BV11329585
大干围,大干围,大干围,1159,,0,应分开(远距离无共站),BV11317278,CL100006
龙星村,龙星村1,龙星村,1149,,0,应分开(远距离无共站),BV11352902,BV11543500
花城村卫生,花城村卫生站,花城村卫生站,1131,,1,应分开(远距离无共站),BV11382869,BV09200449
广州大道中,广州大道中,广州大道中1,1126,,1,应分开(远距离无共站),BV10014367,BV09382002
石井(广东兵工厂旧址),石井(广东兵工厂旧址)站,石井(广东兵工厂旧址)站,1096,,0,应分开(远距离无共站),BV09368724,BV09368723
石井,石井总站,石井总站,1096,,0,应分开(远距离无共站),BV09377935,BV10381320
石井,石井总站,石井,1096,,0,应分开(远距离无共站),BV09377935,BV11481130
员村,员村总站,员村总站,1091,,0,应分开(远距离无共站),BV11492234,BV10389050
黄石东,黄石东,黄石东总站,1083,,0,应分开(远距离无共站),BV11481129,BV10013663
广州大道中,广州大道中2,广州大道中,1069,,1,应分开(远距离无共站),BV09230306,BV10014367
员村,员村,员村,1062,,0,应分开(远距离无共站),BV09242192,BV11329585
太和,太和总站,太和,1048,,0,应分开(远距离无共站),BV10019029,BV11628196
横枝岗,横枝岗,横枝岗,1035,,0,应分开(远距离无共站),BV09091397,BV09091110
新和村,新和村,新和村,1012,,0,应分开(远距离无共站),BV10017219,BV10683654
江高,江高,江高总站,1007,,0,应分开(远距离无共站),BV11371426,BV10623355
江高(广技师白云校区),江高(广技师白云校区),江高(广技师白云校区)总站,1007,,0,应分开(远距离无共站),BV11241714,BV09368252
细沥村,细沥村站,细沥村站,996,,2,待甄别,BV10018497,BV09344583
太和,太和总站1,太和,973,,0,待甄别,BV09173927,BV11628196
石榴岗,石榴岗,石榴岗总站,972,,0,待甄别,BV11689397,BV10017833
滘心村,滘心村总站,滘心村,959,,0,待甄别,BV10013686,BV11363020
西二村,西二村,西二村,947,,0,待甄别,BV09372016,BV11220559
芳村大道西,芳村大道西,芳村大道西总站,931,,0,待甄别,BV11688499,BV11035137
华景新城,华景新城总站,华景新城,919,,0,待甄别,BV10016448,BV09244990
乌溪村,乌溪村总站,乌溪村,910,,0,待甄别,BV11269590,BV10014635
东圃,东圃,东圃总站,897,,0,待甄别,BV11688548,BV10019425
齐富路,齐富路总站,齐富路,876,,0,待甄别,BV10021754,BV10022091
华景新城,华景新城总站,华景新城,869,,0,待甄别,BV10016448,BV10014575
碧水新村,碧水新村总站,碧水新村,855,,0,待甄别,BV11491296,BV11116068
西湾路,西湾路2,西湾路总站,852,,0,待甄别,BV09356487,BV10723493
两龙,两龙总站,两龙,771,,0,待甄别,BV09252823,BV11382881
芳村大道西,芳村大道西1,芳村大道西总站,756,,0,待甄别,BV09304064,BV11035137
大罗村,大罗村,大罗村总站,739,,0,待甄别,BV10018776,BV10550331
乌石,乌石,乌石总站,689,,0,待甄别,BV10509689,BV10481248
西湾路,西湾路1,西湾路,619,,0,待甄别,BV09269673,BV09000495
国防大厦,国防大厦3,国防大厦2,614,,6,待甄别,BV09410279,BV09178253
国防大厦,国防大厦2,国防大厦,614,,0,待甄别,BV09178253,BV11688471
海印桥南,海印桥南1,海印桥南,612,,0,待甄别,BV09245639,BV11688474
地铁南沙客运港,地铁南沙客运港站1,地铁南沙客运港站,590,,1,待甄别,BV09067079,BV10979676
地铁南沙客运港,地铁南沙客运港站1,地铁南沙客运港站2,590,,0,待甄别,BV09067079,BV09078984
白天鹅花园,白天鹅花园,白天鹅花园总站,586,,0,待甄别,BV10253340,BV10393581
东华南路,东华南路,东华南路总站,579,,0,待甄别,BV10018549,BV10405857
黄石路,黄石路,黄石路总站,572,,0,待甄别,BV11688426,BV10018538
碧山村,碧山村1,碧山村总站,567,,0,待甄别,BV09072664,BV10018135
彭边村东,彭边村东,彭边村东2,551,,2,待甄别,BV10019310,BV09278981
大岭村,大岭村,大岭村总站,536,,0,待甄别,BV10023070,BV11042907
万科海上明月,万科海上明月站2,万科海上明月总站,533,,1,待甄别,BV09010681,BV11625830
万博中心,万博中心,万博中心总站,532,,0,待甄别,BV11691212,BV10018514
西坑,西坑站,西坑①,531,,2,待甄别,BV11688572,CL100017
鱼珠码头,鱼珠码头站,鱼珠码头,522,,0,待甄别,BV11361606,BV10582110
万科海上明月,万科海上明月2,万科海上明月总站,521,,0,待甄别,BV09078999,BV11625830
广州白云站东广场,广州白云站东广场站,广州白云站东广场总站,518,,0,待甄别,BV09226497,BV09268985
石榴岗,石榴岗总站,石榴岗,507,,0,待甄别,BV10756309,BV11689397
坪地,坪地1,坪地2,502,,1,待甄别,BV11559829,BV11489895
客村立交,客村立交,客村立交1,499,,12,待甄别,BV11688553,BV09377600
祈福新邨,祈福新邨总站,祈福新邨,499,,0,待甄别,BV11018620,BV11373973
永泰集贤路,永泰集贤路总站,永泰集贤路,491,,0,待甄别,BV09066469,BV09070819
宸悦路,宸悦路,宸悦路总站,490,,0,待甄别,BV11013769,BV11357632
永和大道(常春藤),永和大道(常春藤),永和大道(常春藤)总站,480,,0,待甄别,BV09294351,BV09387963
海印桥南,海印桥南2,海印桥南,474,,0,待甄别,BV09413050,BV11688474
瑶台,瑶台1,瑶台,472,,0,待甄别,BV09246642,BV11472522
平沙,平沙1,平沙总站,459,,0,待甄别,BV09226062,BV10022326
平沙,平沙,平沙总站,459,,0,待甄别,BV11688453,BV10022326
九比村,九比村站,九比村总站,447,,0,待甄别,BV10014921,BV10418331
珠江医院,珠江医院总站,珠江医院,443,,0,待甄别,BV10021721,BV10681380
广园新村,广园新村总站,广园新村,437,,0,待甄别,BV10017947,BV11088410
大观路北,大观路北总站,大观路北,434,,0,待甄别,BV10021209,BV10847046
珠江医院,珠江医院总站2,珠江医院,427,,0,待甄别,BV09245917,BV10681380
市中医院,市中医院,市中医院2,425,,0,待甄别,BV09000996,BV09165635
黄登村,黄登村,黄登村总站,422,,0,待甄别,BV11311964,BV10017811
西境村,西境村,西境村,419,,0,待甄别,BV11403949,CL100002
客村立交,客村立交,客村立交2,416,,1,待甄别,BV11688553,BV09377599
山马塘,山马塘1,山马塘2,413,,1,待甄别,BV11596289,BV11596288
塘坑村,塘坑村站,塘坑村,411,,1,待甄别,BV10015851,CL100012
新水坑,新水坑总站,新水坑,407,,0,待甄别,BV11457591,BV10019958
瑶台,瑶台2,瑶台,396,,0,待甄别,BV09226113,BV11472522
集贤苑教师新村,集贤苑教师新村,集贤苑教师新村总站,380,,0,待甄别,BV11482216,BV10016195
白云路,白云路,白云路总站,378,,0,待甄别,BV11688476,BV10016236
员村,员村,员村总站,369,,0,待甄别,BV09242192,BV11492234
车陂,车陂,车陂,368,,9,待甄别,BV11693174,BV10014610
榄塘村,榄塘村总站,榄塘村,362,,0,待甄别,BV10023245,BV10408669
天平架,天平架,天平架总站,360,,0,待甄别,BV10013968,BV10015233
新华工业区,新华工业区2,新华工业区,358,,0,待甄别,BV11554334,BV09206741
泽德花苑,泽德花苑总站,泽德花苑,349,,0,待甄别,BV11298941,BV11688398
中山五路,中山五路,中山五路2,347,,4,待甄别,BV09241189,BV11596046
东镜路口,东镜路口,东镜路口,342,,1,待甄别,BV10014234,CL100013
玉树新村,玉树新村总站,玉树新村站,339,,0,待甄别,BV10021353,BV11412816
科丰路(科林路口),科丰路(科林路口)站,科丰路（科林路口）,338,,1,待甄别,BV09267391,CL100014
文德路,文德路2,文德路总站,337,,0,待甄别,BV09317748,BV10016117
中南花园,中南花园,中南花园总站,333,,0,待甄别,BV09208146,BV10394170
白云区政务中心,白云区政务中心,白云区政务中心2,330,,5,待甄别,BV09000545,BV09226078
白云区政务中心,白云区政务中心1,白云区政务中心2,330,,1,待甄别,BV09172232,BV09226078
长洲码头,长洲码头总站,长洲码头,322,,0,待甄别,BV10018078,BV10599113
国防大厦,国防大厦3,国防大厦1,321,,7,待甄别,BV09410279,BV09317153
国防大厦,国防大厦1,国防大厦,321,,1,待甄别,BV09317153,BV11688471
文德路,文德路,文德路总站,320,,0,待甄别,BV11688482,BV10016117
中山纪念堂,中山纪念堂4,中山纪念堂,312,,1,待甄别,BV09228990,BV09404373
区政府东门,区政府东门分站,区政府东门总站,307,,0,待甄别,BV11562298,BV10632191
南方大厦,南方大厦站,南方大厦站1,306,,0,待甄别,BV11688451,BV09192173
罗冲围客运,罗冲围客运站2,罗冲围客运站1,305,,1,待甄别,BV11675544,BV11629687
南方大厦,南方大厦站,南方大厦1,297,,0,应合并(近距离),BV11688451,BV09169831
蟹庄村,蟹庄村总站,蟹庄村,296,,0,应合并(近距离),BV10013853,BV11333204
国防大厦,国防大厦2,国防大厦1,294,,11,应合并(近距离),BV09178253,BV09317153
信和广场(昌岗中路),信和广场(昌岗中路)2,信和广场(昌岗中路),294,,13,应合并(近距离),BV09226101,BV10014647
黄沙码头,黄沙码头,黄沙码头,291,,0,应合并(近距离),BV10599083,BV09001391
南岗万达广场,南岗万达广场站,南岗万达广场总站,289,,0,应合并(近距离),BV09297715,BV11662007
同德围,同德围,同德围总站,288,,0,应合并(近距离),BV09355217,BV09001043
地铁南村万博,地铁南村万博总站,地铁南村万博站,285,,0,应合并(近距离),BV09174292,BV11570418
区政府东门,区政府东门站,区政府东门分站,285,,2,应合并(近距离),BV09293280,BV11562298
康乐村,康乐村1,康乐村,281,,14,应合并(近距离),BV09184531,BV11688348
新市墟,新市墟3,新市墟1,279,,5,应合并(近距离),BV09161217,BV09226083
交通大厦,交通大厦分站,交通大厦站,269,,0,应合并(近距离),BV11131149,BV11689917
省荣军医院(荣校),省荣军医院(荣校)2,省荣军医院(荣校),265,,2,应合并(近距离),BV09091929,BV09335698
凌塘村,凌塘村站2,凌塘村,260,,0,应合并(近距离),BV09324145,BV11689183
工研院,工研院站,工研院总站,259,,0,应合并(近距离),BV09069117,BV11487488
林和西路,林和西路2,林和西路3,258,,0,应合并(近距离),BV09383025,BV11509447
林和西路,林和西路2,林和西路,258,,0,应合并(近距离),BV09383025,BV11688381
六二三路,六二三路,六二三路站1,256,,0,应合并(近距离),BV11688352,BV09360104
棠下(三元里大道),棠下(三元里大道)1,棠下(三元里大道),255,,1,应合并(近距离),BV09172231,BV11687942
科学城路口,科学城路口,科学城路口站1,254,,6,应合并(近距离),BV11467027,BV09343742
科学城路口,科学城路口,科学城路口总站,254,,0,应合并(近距离),BV11467027,BV11010138
南沙小学,南沙小学站,南沙小学站2,253,,0,应合并(近距离),BV10018625,BV09099108
市中医院,市中医院,市中医院站2,250,,0,应合并(近距离),BV09000996,BV09385884
洛溪新城,洛溪新城分站,洛溪新城总站,249,,0,应合并(近距离),BV09239308,BV10016556
凌塘村,凌塘村站1,凌塘村,246,,0,应合并(近距离),BV09081166,BV11689183
华师附中,华师附中站,华师附中总站,245,,0,应合并(近距离),BV11519158,BV11216107
黄石路口,黄石路口1,黄石路口2,238,,0,应合并(近距离),BV11623985,BV09226098
金山村委,金山村委,金山村委总站,233,,0,应合并(近距离),BV10020017,BV11632496
白云路,白云路,白云路1,229,,2,应合并(近距离),BV11688476,BV09376615
珠光路,珠光路,珠光路总站,229,,0,应合并(近距离),BV10021759,BV10022678
科学城路口,科学城路口1,科学城路口,227,,3,应合并(近距离),BV09081247,BV11467027
华夏学院,华夏学院,华夏学院总站,227,,1,应合并(近距离),BV10621021,BV11491307
下芳村,下芳村,下芳村1,226,,0,应合并(近距离),BV10013605,BV11329135
程界村,程界村,程界村1,225,,14,应合并(近距离),BV11688554,BV09413159
上堂,上堂1,上堂,224,,6,应合并(近距离),BV09169832,BV11690379
沙河大街,沙河大街,沙河大街2,223,,3,应合并(近距离),BV10014271,BV09332378
新丰路口,新丰路口2,新丰路口站,216,,2,应合并(近距离),BV09209215,BV11688330
新市墟,新市墟1,新市墟4,215,,2,应合并(近距离),BV09226083,BV09404762
和平新村,和平新村3,和平新村1,214,,0,应合并(近距离),BV09010638,BV09238795
和平新村,和平新村1,和平新村,214,,0,应合并(近距离),BV09238795,BV11687875
鱼珠码头,鱼珠码头总站,鱼珠码头,213,,0,应合并(近距离),BV10018096,BV10582110
中医院,中医院分站,中医院,209,,5,应合并(近距离),BV11131300,BV09245149
广州大道南(叠景路口),广州大道南(叠景路口)1,广州大道南(叠景路口),208,,0,应合并(近距离),BV09183567,BV09181701
天河客运,天河客运站,天河客运站1,208,,5,应合并(近距离),BV10014277,BV09086211
金碧花园,金碧花园2,金碧花园,207,,0,应合并(近距离),BV09413160,BV09245151
清河市场,清河市场站,清河市场分站,206,,2,应合并(近距离),BV10019793,BV11258727
广州体院,广州体院2,广州体院站,204,,2,应合并(近距离),BV09271785,BV09375062
北斗渡口,北斗渡口站,北斗渡口站2,204,,1,应合并(近距离),BV09009791,BV09253463
北斗渡口,北斗渡口站2,北斗渡口站1,204,,0,应合并(近距离),BV09253463,BV09269674
金信路,金信路,金信路总站,203,,0,应合并(近距离),BV10022274,BV10019055
南方医院,南方医院2,南方医院总站,201,,0,应合并(近距离),BV09199575,BV10021222
中山七路,中山七路,中山七路2,200,,4,应合并(近距离),BV10016143,BV09194673
花地大道,花地大道站1,花地大道2,200,,0,应合并(近距离),BV09304066,BV09163014
黄埔港,黄埔港总站,黄埔港站,200,,0,应合并(近距离),BV10017404,BV11688549
长平村,长平村,长平村总站,200,,0,应合并(近距离),BV11086409,BV10018183
怡乐村,怡乐村1,怡乐村,199,,14,应合并(近距离),BV09317206,BV11687959
天河立交,天河立交,天河立交2,197,,5,应合并(近距离),BV10013640,BV09226112
如意坊,如意坊2,如意坊总站,197,,0,应合并(近距离),BV09382089,BV10022019
三元里大道中,三元里大道中3,三元里大道中2,196,,3,应合并(近距离),BV09341551,BV09164965
石溪,石溪站,石溪1,196,,3,应合并(近距离),BV10681379,BV09203867
中山六路,中山六路,中山六路站2,195,,13,应合并(近距离),BV09317509,BV09087077
东山口,东山口,东山口总站,194,,0,应合并(近距离),BV11309872,BV10017761
珠江村,珠江村,珠江村,192,,7,应合并(近距离),BV10018093,BV11386251
金沙洲路,金沙洲路2,金沙洲路,190,,0,应合并(近距离),BV11329134,BV11688450
六二三路,六二三路2,六二三路站1,189,,9,应合并(近距离),BV09355408,BV09360104
景泰坑,景泰坑总站,景泰坑2,186,,0,应合并(近距离),BV10405864,BV09304041
光塔路,光塔路总站,光塔路,185,,0,应合并(近距离),BV10022303,BV10018606
江海大道中,江海大道中1,江海大道中2,184,,13,应合并(近距离),BV09319409,BV09316963
江海大道中,江海大道中2,江海大道中,184,,0,应合并(近距离),BV09316963,BV11687940
黄埔东路(石化南路),黄埔东路(石化南路)总站,黄埔东路(石化南路),184,,0,应合并(近距离),BV09065963,BV09070814
西湾路,西湾路2,西湾路1,183,,6,应合并(近距离),BV09356487,BV09269673
广州体院,广州体院1,广州体院站,183,,1,应合并(近距离),BV09411494,BV09375062
江海大道中,江海大道中1,江海大道中总站,182,,0,应合并(近距离),BV09319409,BV11365453
江海大道中,江海大道中,江海大道中总站,182,,2,应合并(近距离),BV11687940,BV11365453
金海岸花园,金海岸花园,金海岸花园分站,182,,3,应合并(近距离),BV11687946,BV09305008
陈家祠,陈家祠2,陈家祠1,181,,2,应合并(近距离),BV09195327,BV09271075
和平新村,和平新村3,和平新村2,179,,5,应合并(近距离),BV09010638,BV09238796
和平新村,和平新村2,和平新村,179,,0,应合并(近距离),BV09238796,BV11687875
花地大道北(花地湾),花地大道北(花地湾)站,花地大道北(花地湾)1,179,,2,应合并(近距离),BV11688402,BV09304067
西塱,西塱2,西塱站2,178,,0,应合并(近距离),BV09177350,BV09041862
市中医院,市中医院站2,市中医院2,178,,0,应合并(近距离),BV09385884,BV09165635
石牌桥,石牌桥,石牌桥,177,,2,应合并(近距离),BV10014527,BV11694311
沙河大街,沙河大街1,沙河大街,175,,5,应合并(近距离),BV09330208,BV10014271
人民日报广东分社,人民日报广东分社,人民日报广东分社站2,172,,5,应合并(近距离),BV11688536,BV09313214
云台花园,云台花园2,云台花园3,172,,1,应合并(近距离),BV09364271,BV09364566
三元里大道(桂花岗),三元里大道(桂花岗),三元里大道(桂花岗)1,172,,5,应合并(近距离),BV11478560,BV11478033
罗冲围客运,罗冲围客运站,罗冲围客运站1,172,,2,应合并(近距离),BV10013779,BV11629687
嘉禾,嘉禾2,嘉禾,171,,0,应合并(近距离),BV09226080,BV10014476
鳌头公交,鳌头公交站,鳌头公交总站,171,,0,应合并(近距离),BV11530446,BV11596281
城东停车场,城东停车场总站,城东停车场,171,,0,应合并(近距离),BV11394024,BV11062016
八斗村,八斗村,八斗村总站,170,,0,应合并(近距离),BV10017637,BV10847082
五山路口,五山路口站,五山路口2,169,,4,应合并(近距离),BV11062767,BV09366519
五山路口,五山路口2,五山路口站1,169,,0,应合并(近距离),BV09366519,BV09368726
动物园,动物园2,动物园,169,,2,应合并(近距离),BV09327047,BV10014267
动物园,动物园2,动物园总站,169,,0,应合并(近距离),BV09327047,BV10014264
沙涌,沙涌2,沙涌1,167,,4,应合并(近距离),BV09167550,BV09080691
凌塘村,凌塘村总站,凌塘村,167,,0,应合并(近距离),BV10019604,BV11689183
山海连城,山海连城,山海连城总站,167,,0,应合并(近距离),BV11061616,BV09341766
五山路口,五山路口站,五山路口站2,166,,1,应合并(近距离),BV11062767,BV09372736
五山路口,五山路口站1,五山路口站2,166,,0,应合并(近距离),BV09368726,BV09372736
锦绣香江,锦绣香江,锦绣香江分站,165,,2,应合并(近距离),BV09176206,BV11172006
下沙,下沙,下沙,165,,0,应合并(近距离),BV10019592,BV11386267
地铁从化客运,地铁从化客运站2,地铁从化客运站1,165,,1,应合并(近距离),BV11168223,BV11154757
地铁从化客运,地铁从化客运站1,地铁从化客运站,165,,0,应合并(近距离),BV11154757,BV11154215
锦城花园,锦城花园1,锦城花园总站(东风东),164,,0,应合并(近距离),BV09364274,BV10014572
南浦村,南浦村,南浦村总站,164,,0,应合并(近距离),BV11690772,BV10018849
棠下村,棠下村,棠下村,163,,18,应合并(近距离),BV11647652,BV11649072
太和(谢家庄),太和(谢家庄),太和(谢家庄)1,159,,1,应合并(近距离),BV09027377,BV09408942
金沙洲路,金沙洲路1,金沙洲路3,157,,1,应合并(近距离),BV09369963,BV09010641
云城南二路,云城南二路,云城南二路总站,157,,0,应合并(近距离),BV10018318,BV10019539
华景新城,华景新城,华景新城,156,,0,应合并(近距离),BV09244990,BV10014575
大塘,大塘总站,大塘,156,,0,应合并(近距离),BV10016431,BV11673974
珠村,珠村,珠村,156,,3,应合并(近距离),BV10014557,BV11502696
庙头,庙头,庙头,156,,2,应合并(近距离),BV11386258,BV10014602
解放南路,解放南路,解放南路2,155,,13,应合并(近距离),BV11688454,BV09226091
革新路,革新路总站,革新路站,154,,0,应合并(近距离),BV10014587,BV11317287
文化公园,文化公园,文化公园总站,151,,0,应合并(近距离),BV11363917,BV10016238
体育中心,体育中心总站,体育中心总站,150,,1,应合并(近距离),BV10018645,BV09354795
白云路,白云路总站,白云路1,149,,0,应合并(近距离),BV10016236,BV09376615
黄石东路口,黄石东路口2,黄石东路口,148,,0,应合并(近距离),BV09167548,BV09005986
黄石路口,黄石路口,黄石路口2,148,,5,应合并(近距离),BV10013753,BV09226098
联和,联和2,联和,148,,0,应合并(近距离),BV09226063,BV11687903
太和,太和总站,太和总站1,148,,5,应合并(近距离),BV10019029,BV09173927
东风东路(陵园西路口),东风东路(陵园西路口)1,东风东路(陵园西路口)2,147,,0,应合并(近距离),BV09230319,BV09230320
广东工大(地铁区庄站),广东工大(地铁区庄站)2,广东工大(地铁区庄站)站1,147,,0,应合并(近距离),BV09348370,BV09048110
广师大,BRT广师大站,BRT广师大站,147,,2,应合并(近距离),BV09403159,BV09403156
体育中心,体育中心1,体育中心总站,145,,1,应合并(近距离),BV09375065,BV10018645
体育中心,体育中心,体育中心总站,145,,0,应合并(近距离),BV11688435,BV10018645
海印桥南,海印桥南1,海印桥南2,144,,3,应合并(近距离),BV09245639,BV09413050
动物园南门,动物园南门2,动物园南门,143,,0,应合并(近距离),BV09226115,BV11688456
石溪,石溪1,石溪总站,143,,0,应合并(近距离),BV09203867,BV10016626
高新沙路口,高新沙路口站,高新沙路口站1,139,,1,应合并(近距离),BV10014985,BV09100634
高铁庆盛,高铁庆盛总站,高铁庆盛站1,139,,0,应合并(近距离),BV11627208,BV09410623
体育中心,体育中心1,体育中心总站,138,,0,应合并(近距离),BV09226128,BV10018645
东风东路(广东工大),东风东路(广东工大)1,东风东路(广东工大),138,,1,应合并(近距离),BV09351618,BV09351283
夏园,夏园,夏园总站,138,,1,应合并(近距离),BV11687921,BV10014074
夏园,夏园,夏园总站,137,,0,应合并(近距离),BV09388858,BV10014074
动物园南门,动物园南门1,动物园南门,136,,1,应合并(近距离),BV09230318,BV11688456
珠村,珠村,珠村总站,135,,0,应合并(近距离),BV10014557,BV10016497
广州大道南(叠景路口),广州大道南(叠景路口)1,广州大道南(叠景路口)3,133,,3,应合并(近距离),BV09183567,BV09238939
中山六路,中山六路,中山六路1,133,,2,应合并(近距离),BV09317509,BV09340303
凌塘村,凌塘村站2,凌塘村1,133,,0,应合并(近距离),BV09324145,BV11341513
农林东,农林东,农林东2,132,,12,应合并(近距离),BV11688478,BV09172267
同和,同和2,同和3,131,,2,应合并(近距离),BV09209226,BV09217029
同和,同和3,同和,131,,0,应合并(近距离),BV09217029,BV11688408
荔湖城,荔湖城总站,荔湖城,131,,0,应合并(近距离),BV10632869,BV10562531
东风东路(陵园西路口),东风东路(陵园西路口)1,东风东路(陵园西路口),130,,8,应合并(近距离),BV09230319,BV11278289
琶洲大桥南,琶洲大桥南,琶洲大桥南2,130,,0,应合并(近距离),BV10013858,BV09345099
凌塘村,凌塘村1,凌塘村,129,,1,应合并(近距离),BV11341513,BV11689183
高铁庆盛,高铁庆盛站,高铁庆盛总站,129,,1,应合并(近距离),BV09394481,BV11627208
大北路,大北路,大北路分站,128,,0,应合并(近距离),BV09000378,BV11131343
南湾,南湾总站,南湾,128,,0,应合并(近距离),BV11472711,BV11386229
南湾,南湾,南湾,128,,0,应合并(近距离),BV11386229,BV10014603
江高(大松岗),江高(大松岗)总站,江高(大松岗),128,,0,应合并(近距离),BV11267411,BV09112239
同和,同和2,同和1,127,,3,应合并(近距离),BV09209226,BV09399597
同和,同和1,同和,127,,0,应合并(近距离),BV09399597,BV11688408
云台花园,云台花园3,云台花园,126,,0,应合并(近距离),BV09364566,BV11371562
瑞宝乡,瑞宝乡总站,瑞宝乡,125,,0,应合并(近距离),BV10021837,BV10022157
市红会医院,市红会医院,市红会医院1,123,,0,应合并(近距离),BV10016127,BV09226102
礼岗,礼岗,礼岗1,123,,1,应合并(近距离),BV10016110,BV09226106
凌塘村,凌塘村站1,凌塘村1,123,,3,应合并(近距离),BV09081166,BV11341513
广佛路口,广佛路口,广佛路口2,123,,0,应合并(近距离),BV09006180,BV09376899
芳村合兴苑,芳村合兴苑,芳村合兴苑总站,122,,0,应合并(近距离),BV11688507,BV10017990
华峰寺,华峰寺总站,华峰寺站,122,,0,应合并(近距离),BV11040301,BV09368447
文园,文园,文园,121,,0,应合并(近距离),BV09124283,BV09060273
动物园,动物园2,动物园1,117,,5,应合并(近距离),BV09327047,BV09340465
南方医院,南方医院1,南方医院总站,116,,0,应合并(近距离),BV09293281,BV10021222
丹水坑,丹水坑站2,丹水坑,116,,5,应合并(近距离),BV09192168,BV11687861
冼村,冼村3,冼村,115,,5,应合并(近距离),BV09262063,BV11086798
蒋村,蒋村总站,蒋村,115,,0,应合并(近距离),BV11459258,BV11544379
石牌村,石牌村2,石牌村4,114,,4,应合并(近距离),BV09256767,BV09387753
凤凰岗,凤凰岗总站,凤凰岗,114,,0,应合并(近距离),BV10021697,BV10014586
新塘汽车客运,新塘汽车客运总站,新塘汽车客运站,114,,1,应合并(近距离),BV11622608,BV10014147
西华路尾,西华路尾总站,西华路尾,113,,0,应合并(近距离),BV10021696,BV09243511
堑口,堑口2,堑口,112,,0,应合并(近距离),BV09179585,BV10885474
金碧花园,金碧花园1,金碧花园,112,,0,应合并(近距离),BV09407139,BV09245151
碧山村,碧山村1,碧山村,112,,11,应合并(近距离),BV09072664,BV09005647
岗顶,岗顶,岗顶,112,,12,应合并(近距离),BV11386239,BV11694282
广师大,BRT广师大站,广师大,112,,3,应合并(近距离),BV09403159,BV09397675
天河南,天河南2,天河南,111,,4,应合并(近距离),BV10405865,BV10017705
师大暨大,师大暨大,师大暨大,111,,18,应合并(近距离),BV09241986,BV11688561
茅岗,茅岗,茅岗,111,,0,应合并(近距离),BV11502695,BV10018275
华侨城,华侨城,华侨城分站,111,,3,应合并(近距离),BV09005810,BV11132734
江南大道南(地铁江泰路站),江南大道南(地铁江泰路站)总站,江南大道南(地铁江泰路站),110,,0,应合并(近距离),BV09364558,BV09364559
城西花园,城西花园,城西花园总站,110,,0,应合并(近距离),BV11688445,BV10014504
城西花园,城西花园1,城西花园2,110,,0,应合并(近距离),BV09244061,BV09302293
城西花园,城西花园1,城西花园总站,110,,0,应合并(近距离),BV09244061,BV10014504
创盈路中,创盈路中,创盈路中总站,110,,1,应合并(近距离),BV09236546,BV09370049
高新沙路口,高新沙路口站,高新沙路口1,110,,1,应合并(近距离),BV10014985,BV09122466
地铁天河智慧城,地铁天河智慧城站,地铁天河智慧城总站,110,,0,应合并(近距离),BV11313278,BV11600876
小北花圈,小北花圈2,小北花圈,109,,15,应合并(近距离),BV09316767,BV10013929
机场立交北,机场立交北1,机场立交北2,109,,0,应合并(近距离),BV09226089,BV09226069
机场立交北,机场立交北1,机场立交北,109,,0,应合并(近距离),BV09226089,BV10523474
农讲所,农讲所2,农讲所1,108,,11,应合并(近距离),BV09185490,BV09201207
白云花园,白云花园总站,白云花园,108,,0,应合并(近距离),BV10016927,BV11678022
梓元岗,梓元岗1,梓元岗2,107,,11,应合并(近距离),BV09368674,BV09368222
越秀公园,越秀公园2,越秀公园1,107,,5,应合并(近距离),BV09226094,BV09266313
天字码头,天字码头站,天字码头,107,,0,应合并(近距离),BV11136772,BV10582111
大基头,大基头,大基头总站,106,,0,应合并(近距离),BV10014585,BV10480093
天寿路,天寿路1,天寿路,106,,11,应合并(近距离),BV09306449,BV11688551
棠溪,棠溪,棠溪站1,106,,2,应合并(近距离),BV09001423,BV11562315
新市墟,新市墟4,新市墟2,106,,1,应合并(近距离),BV09404762,BV09226067
新市墟,新市墟2,新市墟,106,,1,应合并(近距离),BV09226067,BV11687839
家家乐医院,家家乐医院,家家乐医院1,106,,6,应合并(近距离),BV11688359,BV09212869
冼村,冼村2,冼村,105,,7,应合并(近距离),BV09323877,BV11086798
濂泉路口,濂泉路口2,濂泉路口1,105,,3,应合并(近距离),BV09412828,BV09318948
人和墟,人和墟2,人和墟总站,105,,2,应合并(近距离),BV09212864,BV10014381
体育中心东门,体育中心东门1,体育中心东门2,103,,0,应合并(近距离),BV09226124,BV09219091
荔湾路,荔湾路1,荔湾路,103,,0,应合并(近距离),BV09233339,BV09374429
市少年宫,市少年宫1,市少年宫,103,,0,应合并(近距离),BV09229322,BV11688449
天湖峰境,天湖峰境总站,天湖峰境,103,,0,应合并(近距离),BV10527811,BV11226217
太和文化广场,太和文化广场2,太和文化广场站,102,,6,应合并(近距离),BV09319309,BV09005242
西塱,西塱1,西塱站2,101,,1,应合并(近距离),BV09178250,BV09041862
桂花岗,桂花岗,桂花岗2,100,,0,应合并(近距离),BV10016229,BV11477576
广东大厦,广东大厦1,广东大厦,100,,0,应合并(近距离),BV09205705,BV10016774
芳村合兴苑,芳村合兴苑,芳村合兴苑2,100,,4,应合并(近距离),BV11688507,BV09259264
棠安路,棠安路站,棠安路总站②,100,,0,应合并(近距离),BV11430751,CL100019
同和,同和1,同和站2,98,,0,应合并(近距离),BV09399597,BV09396961
天河,天河1,天河,98,,0,应合并(近距离),BV09348371,BV11462418
黄石路口,黄石路口1,黄石路口,97,,9,应合并(近距离),BV11623985,BV10013753
越秀公园北门,越秀公园北门1,越秀公园北门,97,,0,应合并(近距离),BV09226120,BV09010640
明珠管委会,明珠管委会,明珠管委会总站,97,,1,应合并(近距离),BV10017884,BV11491312
广州大道南(叠景路口),广州大道南(叠景路口)2,广州大道南(叠景路口)3,96,,2,应合并(近距离),BV09184938,BV09238939
同和,同和3,同和站2,96,,0,应合并(近距离),BV09217029,BV09396961
金碧花园,金碧花园1,金碧花园2,96,,7,应合并(近距离),BV09407139,BV09413160
家家乐医院,家家乐医院2,家家乐医院1,95,,0,应合并(近距离),BV09291510,BV09212869
凌塘村,凌塘村总站,凌塘村站2,95,,0,应合并(近距离),BV10019604,BV09324145
黄石东路口,黄石东路口1,黄石东路口2,94,,8,应合并(近距离),BV11167648,BV09167548
广师大,BRT广师大站,广师大站,94,,2,应合并(近距离),BV09403159,BV09397777
中山大道东圃,公共汽车BRT中山大道东圃站,中山大道东圃站,94,,3,应合并(近距离),BV09403157,BV09403693
洛溪新城,洛溪新城分站,洛溪新城,92,,3,应合并(近距离),BV09239308,BV11688563
马克村,马克村站,马克村总站,92,,1,应合并(近距离),BV11424359,BV11403454
华阳湖路口,华阳湖路口2,华阳湖路口,92,,0,应合并(近距离),BV11671373,BV10494263
农讲所,农讲所1,农讲所,91,,0,应合并(近距离),BV09201207,BV11688432
克山,克山1,克山2,91,,9,应合并(近距离),BV09377937,BV09010643
沥滘路西,沥滘路西总站,沥滘路西,91,,0,应合并(近距离),BV11058606,BV11366954
天河东路,天河东路,天河东路1,90,,7,应合并(近距离),BV11688544,BV09310405
天河,天河2,天河1,90,,9,应合并(近距离),BV09321905,BV09348371
员村山顶,员村山顶2,员村山顶3,90,,10,应合并(近距离),BV09285359,BV09285360
云台花园,云台花园3,云台花园1,90,,2,应合并(近距离),BV09364566,BV09373903
石牌村,石牌村4,石牌村,89,,0,应合并(近距离),BV09387753,BV10018369
锦城花园,锦城花园,锦城花园1,89,,1,应合并(近距离),BV11171452,BV09364274
棠溪,棠溪,棠溪站3,88,,1,应合并(近距离),BV09001423,BV09045365
沙河,沙河2,沙河,87,,0,应合并(近距离),BV09263630,BV09375063
彩滨北路北,彩滨北路北站,彩滨北路北站,86,,1,应合并(近距离),BV09348790,BV11495706
南方医院,南方医院1,南方医院2,85,,3,应合并(近距离),BV09293281,BV09199575
云台花园,云台花园2,云台花园1,85,,1,应合并(近距离),BV09364271,BV09373903
三元里大道中,三元里大道中站,三元里大道中3,85,,1,应合并(近距离),BV11687945,BV09341551
农讲所,农讲所2,农讲所总站,83,,0,应合并(近距离),BV09185490,BV09187507
大江苑,大江苑,大江苑总站,83,,0,应合并(近距离),BV10021299,BV10323128
嘉鸿花园,嘉鸿花园站2,嘉鸿花园1,83,,0,应合并(近距离),BV09083275,BV09360318
嘉鸿花园,嘉鸿花园站2,嘉鸿花园,83,,0,应合并(近距离),BV09083275,BV10021775
陈洞村,陈洞村,陈洞村总站,83,,0,应合并(近距离),BV10018912,BV10388106
中山大道东圃,公共汽车BRT中山大道东圃站,公共汽车中山大道东圃站,83,,0,应合并(近距离),BV09403157,BV09403155
中山大道东圃,公共汽车BRT中山大道东圃站,中山大道东圃站,83,,0,应合并(近距离),BV09403157,BV09403374
一德西,一德西总站,一德西,82,,0,应合并(近距离),BV10021675,BV10018681
江南大道中,江南大道中1,江南大道中,82,,8,应合并(近距离),BV09228038,BV10015712
清湖村口,清湖村口2,清湖村口1,81,,3,应合并(近距离),BV09165291,BV09226087
乌冲,乌冲,乌冲,81,,1,应合并(近距离),BV11386241,BV10019591
体育中心东门,体育中心东门,体育中心东门2,80,,6,应合并(近距离),BV11678026,BV09219091
梓元岗,梓元岗1,梓元岗站,80,,0,应合并(近距离),BV09368674,BV09364515
梓元岗,梓元岗1,梓元岗3,80,,2,应合并(近距离),BV09368674,BV09373815
解放中路,解放中路,解放中路2,80,,15,应合并(近距离),BV11688461,BV09226097
武警医院,武警医院,武警医院1,80,,1,应合并(近距离),BV11687881,BV09260273
武警医院,武警医院,武警医院,80,,0,应合并(近距离),BV11687881,BV09244916
武警医院,武警医院1,武警医院2,80,,8,应合并(近距离),BV09260273,BV09344864
武警医院,武警医院2,武警医院,80,,0,应合并(近距离),BV09344864,BV09244916
农讲所,农讲所总站,农讲所,79,,1,应合并(近距离),BV09187507,BV11688432
正骨医院,正骨医院1,正骨医院2,79,,6,应合并(近距离),BV09230309,BV09230308
员村山顶,员村山顶3,员村山顶,79,,6,应合并(近距离),BV09285360,BV09006109
天河南,天河南2,天河南1,79,,7,应合并(近距离),BV10405865,BV11431965
杨箕村,杨箕村,杨箕村2,79,,4,应合并(近距离),BV11688472,BV09312331
凌塘村,凌塘村总站,凌塘村站1,79,,0,应合并(近距离),BV10019604,BV09081166
怡乐路,怡乐路,怡乐路总站,78,,0,应合并(近距离),BV10018258,BV11573302
芳村客运,芳村客运站1,芳村客运站,78,,9,应合并(近距离),BV09307685,BV10014060
棠安路,棠安路总站②,棠安路总站①,78,,0,应合并(近距离),CL100019,CL100018
豪景花园,豪景花园2,豪景花园1,77,,4,应合并(近距离),BV09314787,BV09097374
豪景花园,豪景花园,豪景花园1,77,,3,应合并(近距离),BV10326995,BV09097374
华侨医院(潭村),华侨医院(潭村),华侨医院(潭村)1,77,,4,应合并(近距离),BV10539406,BV09232892
广州大道南(叠景路口),广州大道南(叠景路口)3,广州大道南(叠景路口),76,,0,应合并(近距离),BV09238939,BV09181701
瑶台,瑶台1,瑶台2,76,,5,应合并(近距离),BV09246642,BV09226113
中科院化学所,中科院化学所总站,中科院化学所,76,,0,应合并(近距离),BV10021334,BV11485003
星海公园,星海公园站,星海公园分站,76,,0,应合并(近距离),BV10014904,BV11132547
虎门渡口,虎门渡口站,虎门渡口总站,76,,0,应合并(近距离),BV09305393,BV09099103
桂花岗,桂花岗站2,桂花岗1,75,,0,应合并(近距离),BV09394525,BV11477575
桂花岗,桂花岗1,桂花岗2,75,,0,应合并(近距离),BV11477575,BV11477576
农讲所,农讲所1,农讲所总站,75,,0,应合并(近距离),BV09201207,BV09187507
黄村训练基地,黄村训练基地,黄村训练基地总站,75,,0,应合并(近距离),BV10018188,BV10387175
越秀桥,越秀桥2,越秀桥,74,,0,应合并(近距离),BV09246905,BV11688510
山村,山村1,山村2,74,,3,应合并(近距离),BV09254332,BV09250343
华坑生态村,华坑生态村,华坑生态村总站,74,,0,应合并(近距离),BV10021386,BV10017803
华工广州国际校区北门,华工广州国际校区北门,华工广州国际校区北门1,74,,1,应合并(近距离),BV09256511,BV09274273
南方报社,南方报社2,南方报社,72,,9,应合并(近距离),BV09233664,BV09005187
芳村合兴苑,芳村合兴苑2,芳村合兴苑总站,72,,0,应合并(近距离),BV09259264,BV10017990
双岗,双岗,双岗,72,,3,应合并(近距离),BV11386234,BV10014598
市交校,市交校,市交校1,71,,5,应合并(近距离),BV10014469,BV09226088
三水大塘中心广场,三水大塘中心广场,三水大塘中心广场总站,71,,1,应合并(近距离),BV11630719,BV11625129
大沙头,大沙头,大沙头总站,70,,0,应合并(近距离),BV11688477,BV10019191
地铁横沙,地铁横沙站,地铁横沙站2,70,,2,应合并(近距离),BV10016979,BV11621971
温泉明月山溪,温泉明月山溪总站,温泉明月山溪,70,,0,应合并(近距离),BV10022876,BV11115193
大元帅府,大元帅府总站,大元帅府,69,,0,应合并(近距离),BV10018245,BV10015732
石牌村,石牌村4,石牌村1,69,,10,应合并(近距离),BV09387753,BV09256766
新丰路口,新丰路口1,新丰路口站,69,,0,应合并(近距离),BV09235566,BV11688330
图书馆,图书馆,图书馆总站,69,,1,应合并(近距离),BV11689996,BV11456554
石路基,石路基,石路基2,68,,2,应合并(近距离),BV11688484,BV09337403
新市墟,新市墟3,新市墟4,67,,2,应合并(近距离),BV09161217,BV09404762
新市墟,新市墟3,新市墟,67,,2,应合并(近距离),BV09161217,BV11687839
六二三路,六二三路,六二三路2,67,,1,应合并(近距离),BV11688352,BV09355408
汾水小区,汾水小区总站,汾水小区,66,,0,应合并(近距离),BV10018714,BV09405895
中山大道东圃,中山大道东圃站,公共汽车中山大道东圃站,66,,0,应合并(近距离),BV09403693,BV09403158
广师大,BRT广师大站,广师大站,65,,3,应合并(近距离),BV09403156,BV09397777
从化汽车,从化汽车站,从化汽车站2,65,,0,应合并(近距离),BV10451069,BV09223054
东方广场北门,东方广场北门,东方广场北门总站,65,,1,应合并(近距离),BV11139067,BV10252150
广东培正学院,广东培正学院总站,广东培正学院,64,,0,应合并(近距离),BV11694312,BV11602522
越秀公园,越秀公园2,越秀公园3,63,,10,应合并(近距离),BV09226094,BV11596047
越秀公园,越秀公园2,越秀公园,63,,1,应合并(近距离),BV09226094,BV11688125
广州碧桂园,广州碧桂园站,广州碧桂园总站,63,,0,应合并(近距离),BV11688559,BV10015046
杨桃公园,杨桃公园总站,杨桃公园,63,,0,应合并(近距离),BV10018535,BV11493586
横枝岗,横枝岗总站,横枝岗,62,,0,应合并(近距离),BV10389127,BV09091110
中山六路,中山六路站2,中山六路1,62,,0,应合并(近距离),BV09087077,BV09340303
中山图书馆,中山图书馆2,中山图书馆,61,,13,应合并(近距离),BV09376612,BV11687849
广医,广医3,广医2,61,,6,应合并(近距离),BV11167722,BV09186856
广医,广医3,广医,61,,5,应合并(近距离),BV11167722,BV11688391
正骨医院,正骨医院1,正骨医院,61,,4,应合并(近距离),BV09230309,BV11688485
起义路口,起义路口,起义路口2,61,,0,应合并(近距离),BV10016248,BV09376640
天寿路,天寿路1,天寿路2,60,,0,应合并(近距离),BV09306449,BV09310406
山村,山村1,山村站,59,,6,应合并(近距离),BV09254332,BV11687869
广州大道中,广州大道中2,广州大道中,58,,2,应合并(近距离),BV09230306,BV11687847
广州大道中,广州大道中2,广州大道中1,58,,8,应合并(近距离),BV09230306,BV09382002
南方医院,南方医院2,南方医院,57,,1,应合并(近距离),BV09199575,BV11688389
黄石东路口,黄石东路口1,黄石东路口,56,,0,应合并(近距离),BV11167648,BV09005986
石牌村,石牌村2,石牌村1,56,,6,应合并(近距离),BV09256767,BV09256766
石溪,石溪站,石溪总站,56,,0,应合并(近距离),BV10681379,BV10016626
广花一路(夏花一路口),广花一路(夏花一路口),广花一路(夏花一路口)总站,56,,0,应合并(近距离),BV09066028,BV09070830
中山大道东圃,公共汽车中山大道东圃站,公共汽车中山大道东圃站,56,,2,应合并(近距离),BV09403155,BV09403158
中山大道东圃,公共汽车中山大道东圃站,中山大道东圃站,56,,0,应合并(近距离),BV09403158,BV09403374
江湾桥南,江湾桥南2,江湾桥南,54,,0,应合并(近距离),BV09172266,BV11688521
西塱,西塱站,西塱站2,54,,0,应合并(近距离),BV11687844,BV09041862
燕塘企业,燕塘企业,燕塘企业3,54,,6,应合并(近距离),BV09002629,BV09341157
地铁横沙,地铁横沙站2,地铁横沙站1,54,,0,应合并(近距离),BV11621971,BV09315831
仓边路,仓边路2,仓边路1,53,,10,应合并(近距离),BV09357063,BV09317752
动物园,动物园,动物园1,53,,0,应合并(近距离),BV10014267,BV09340465
南村,南村1,南村,53,,10,应合并(近距离),BV09316713,BV11688567
凌塘村,凌塘村总站,凌塘村1,52,,0,应合并(近距离),BV10019604,BV11341513
太和,太和总站,太和,52,,0,应合并(近距离),BV10019031,BV11628197
东风西路,东风西路站2,东风西路1,51,,0,应合并(近距离),BV09374493,BV09209214
东风西路,东风西路站2,东风西路站,51,,0,应合并(近距离),BV09374493,BV11687925
岑村红花岗,岑村红花岗,岑村红花岗1,51,,6,应合并(近距离),BV11689166,BV09370266
江南大道南,江南大道南总站,江南大道南,51,,1,应合并(近距离),BV10016121,BV10021838
敦和,敦和2,敦和3,50,,8,应合并(近距离),BV09406264,BV09026856
员村四横路口,员村四横路口2,员村四横路口,50,,11,应合并(近距离),BV09302573,BV11688540
景泰坑,景泰坑,景泰坑2,50,,5,应合并(近距离),BV11088401,BV09304041
时代玫瑰园,时代玫瑰园总站,时代玫瑰园,50,,0,应合并(近距离),BV10016166,BV11367966
天寿路,天寿路,天寿路2,49,,0,应合并(近距离),BV11688551,BV09310406
白沙,白沙总站,白沙,49,,0,应合并(近距离),BV11585800,BV11457906
太平小学,太平小学,太平小学总站,49,,1,应合并(近距离),BV10020865,BV11620155
沙河大街,沙河大街1,沙河大街2,48,,0,应合并(近距离),BV09330208,BV09332378
地铁萝岗,地铁萝岗站2,地铁萝岗站,48,,4,应合并(近距离),BV09192165,BV10845332
棠东,棠东,棠东,48,,15,应合并(近距离),BV11694280,BV10014607
天河,天河2,天河,47,,0,应合并(近距离),BV09321905,BV11462418
广州市档案馆南,广州市档案馆南,广州市档案馆南总站,47,,1,应合并(近距离),BV09201159,BV09201157
人民南路,人民南路1,人民南路,46,,7,应合并(近距离),BV09319719,BV11688400
云台花园,云台花园2,云台花园,46,,1,应合并(近距离),BV09364271,BV11371562
新市墟,新市墟3,新市墟2,46,,10,应合并(近距离),BV09161217,BV09226067
越秀公园,越秀公园3,越秀公园1,45,,0,应合并(近距离),BV11596047,BV09266313
越秀公园,越秀公园1,越秀公园,45,,0,应合并(近距离),BV09266313,BV11688125
五羊邨,五羊邨,五羊邨总站,44,,0,应合并(近距离),BV11316646,BV10019121
西场电器城,西场电器城,西场电器城站2,44,,1,应合并(近距离),BV11688443,BV11675546
地铁萝岗,地铁萝岗站,地铁萝岗站1,44,,3,应合并(近距离),BV10845332,BV09192166
金沙洲码头,金沙洲码头,金沙洲码头总站,44,,1,应合并(近距离),BV10022432,BV10019002
敦和,敦和2,敦和,43,,1,应合并(近距离),BV09406264,BV11687930
康王南路,康王南路站,康王南路2,43,,3,应合并(近距离),BV11688480,BV09328895
小坪立交桥,小坪立交桥,小坪立交桥1,42,,2,应合并(近距离),BV10013750,BV09226107
同和,同和2,同和站2,42,,2,应合并(近距离),BV09209226,BV09396961
同和,同和站2,同和,42,,0,应合并(近距离),BV09396961,BV11688408
员村东,员村东,员村东2,42,,5,应合并(近距离),BV09243513,BV09291509
洋田村,洋田村总站,洋田村,42,,0,应合并(近距离),BV11522013,BV11459348
民乐村委,民乐村委,民乐村委总站,42,,0,应合并(近距离),BV10875073,BV11543502
云台花园,云台花园1,云台花园,41,,3,应合并(近距离),BV09373903,BV11371562
莲塘村,莲塘村总站,莲塘村,41,,0,应合并(近距离),BV10017614,BV11619425
江晓路口,江晓路口,江晓路口总站,41,,0,应合并(近距离),BV10019486,BV10022523
广师大,广师大站,广师大,41,,12,应合并(近距离),BV09397777,BV09397675
地铁万顷沙,地铁万顷沙站2,地铁万顷沙站1,41,,0,应合并(近距离),BV09243541,BV09302201
华立学院,华立学院,华立学院总站,40,,3,应合并(近距离),BV10020748,BV11259172
桂花岗,桂花岗,桂花岗1,39,,7,应合并(近距离),BV10016229,BV11477575
荔湾路口,荔湾路口1,荔湾路口,39,,0,应合并(近距离),BV09271782,BV10016144
冼村,冼村3,冼村2,39,,10,应合并(近距离),BV09262063,BV09323877
草庄村,草庄村总站,草庄村站,39,,0,应合并(近距离),BV10022192,BV11330439
石牌村,石牌村2,石牌村,38,,2,应合并(近距离),BV09256767,BV10018369
东漖教师新村,东漖教师新村,东漖教师新村总站,38,,0,应合并(近距离),BV11500815,BV10018352
云苑新村,云苑新村总站,云苑新村,37,,0,应合并(近距离),BV10018323,BV10018325
体育中心,体育中心,体育中心1,37,,2,应合并(近距离),BV11688435,BV09226128
天河南,天河南1,天河南,37,,0,应合并(近距离),BV11431965,BV10017705
北,北站1,北站,37,,7,应合并(近距离),BV09226114,BV10013762
山村,山村站,山村2,37,,2,应合并(近距离),BV11687869,BV09250343
新垦,新垦总站,新垦站,37,,0,应合并(近距离),BV09302150,BV10015875
梓元岗,梓元岗2,梓元岗站,36,,0,应合并(近距离),BV09368222,BV09364515
梓元岗,梓元岗2,梓元岗3,36,,3,应合并(近距离),BV09368222,BV09373815
南方医院,南方医院1,南方医院,36,,0,应合并(近距离),BV09293281,BV11688389
文明路,文明路2,文明路1,35,,7,应合并(近距离),BV09398681,BV09215180
体育中心,体育中心1,体育中心,35,,6,应合并(近距离),BV09375065,BV11688435
体育中心,体育中心,体育中心,35,,4,应合并(近距离),BV11688435,BV11688545
体育中心,体育中心,体育中心总站,35,,0,应合并(近距离),BV11688435,BV09354795
师大后门,师大后门,师大后门1,35,,0,应合并(近距离),BV11081664,BV09370113
丹水坑,丹水坑站2,丹水坑2,35,,0,应合并(近距离),BV09192168,BV09227576
金沙洲路,金沙洲路2,金沙洲路1,35,,9,应合并(近距离),BV11329134,BV09369963
鹤龙四路(龙兴西路口),鹤龙四路(龙兴西路口)1,鹤龙四路(龙兴西路口)2,35,,2,应合并(近距离),BV09228303,BV09226081
天朗明居,天朗明居,天朗明居,35,,0,应合并(近距离),BV11693217,BV10014609
地铁万顷沙,地铁万顷沙站4,地铁万顷沙站1,35,,0,应合并(近距离),BV09243540,BV09302201
万顷沙公交,万顷沙公交总站,万顷沙公交站,35,,1,应合并(近距离),BV11132384,BV10015797
南沙儿童公园,南沙儿童公园站,南沙儿童公园总站,35,,1,应合并(近距离),BV10381617,BV09061484
东风西路,东风西路站2,东风西路3,34,,2,应合并(近距离),BV09374493,BV09230294
东风西路,东风西路1,东风西路2,34,,0,应合并(近距离),BV09209214,BV09143805
东风西路,东风西路站,东风西路2,34,,0,应合并(近距离),BV11687925,BV09143805
黄花岗,黄花岗,黄花岗1,34,,6,应合并(近距离),BV10014265,BV09348431
广东电视台,广东电视台1,广东电视台2,33,,0,应合并(近距离),BV09226122,BV09394368
中山大道东圃,公共汽车BRT中山大道东圃站,公共汽车中山大道东圃站,33,,0,应合并(近距离),BV09403157,BV09403158
科学城路口,科学城路口1,科学城路口站1,32,,0,应合并(近距离),BV09081247,BV09343742
科学城路口,科学城路口1,科学城路口总站,32,,0,应合并(近距离),BV09081247,BV11010138
新华工业区,新华工业区1,新华工业区,31,,1,应合并(近距离),BV11547976,BV09206741
广州大道南(叠景路口),广州大道南(叠景路口)2,广州大道南(叠景路口),30,,0,应合并(近距离),BV09184938,BV09181701
广州体院,广州体院1,广州体院2,30,,1,应合并(近距离),BV09411494,BV09271785
广卫路,广卫路总站,广卫路总站4,30,,0,应合并(近距离),BV10013719,BV09174824
站前路,站前路总站,站前路,30,,1,应合并(近距离),BV11421155,BV09354794
下南路口,下南路口2,下南路口,30,,0,应合并(近距离),BV09370220,BV10013787
海中村,海中村站,海中村总站,30,,0,应合并(近距离),BV09066466,BV10017967
区政府东门,区政府东门站,区政府东门总站,30,,2,应合并(近距离),BV09293280,BV10632191
黄石路,黄石路,黄石路2,29,,0,应合并(近距离),BV11688426,BV09408943
黄石路,黄石路1,黄石路2,29,,2,应合并(近距离),BV09351558,BV09408943
鹭江,鹭江2,鹭江1,29,,12,应合并(近距离),BV09335012,BV09160624
鹭江,鹭江,鹭江1,29,,4,应合并(近距离),BV11687958,BV09160624
白云山管理局,白云山管理局,白云山管理局2,29,,9,应合并(近距离),BV10013651,BV09329720
火村东,火村东,火村东总站,29,,0,应合并(近距离),BV10021347,BV10014162
高新沙路口,高新沙路口1,高新沙路口站1,29,,0,应合并(近距离),BV09122466,BV09100634
海珠区妇幼,海珠区妇幼,海珠区妇幼1,28,,10,应合并(近距离),BV10016125,BV09226104
广东工大,广东工大1,广东工大站,28,,1,应合并(近距离),BV09130295,BV11688452
动物园南门,动物园南门1,动物园南门2,28,,12,应合并(近距离),BV09230318,BV09226115
仑头,仑头总站,仑头,28,,1,应合并(近距离),BV10796283,BV09224391
车陂S,BRT车陂S1,BRT车陂S1,28,,0,应合并(近距离),BV09209211,BV09375069
洪德路,洪德路,洪德路1,27,,8,应合并(近距离),BV11688508,BV09200956
陈田村,陈田村,陈田村1,27,,9,应合并(近距离),BV11688417,BV09163011
同和,同和3,同和1,27,,2,应合并(近距离),BV09217029,BV09399597
广外(白云山西门),广外(白云山西门)2,广外(白云山西门)1,27,,2,应合并(近距离),BV09091928,BV09176205
夏园,夏园,夏园,27,,1,应合并(近距离),BV11687921,BV09388858
家家乐医院,家家乐医院2,家家乐医院,27,,12,应合并(近距离),BV09291510,BV11688359
沙凤一路西,沙凤一路西,沙凤一路西总站,27,,0,应合并(近距离),BV11627312,BV11457903
小北,小北2,小北,26,,0,应合并(近距离),BV09226117,BV11688429
永和,永和,永和总站,26,,0,应合并(近距离),BV11469405,BV10014093
南海神庙,南海神庙,南海神庙,26,,3,应合并(近距离),BV11386237,BV10014601
雁洲村,雁洲村总站,雁洲村,26,,0,应合并(近距离),BV11561860,BV10023020
正骨医院,正骨医院2,正骨医院,25,,1,应合并(近距离),BV09230308,BV11688485
站南路,站南路,站南路总站,25,,0,应合并(近距离),BV10014073,BV09012353
棠安路,棠安路站,棠安路总站①,25,,0,应合并(近距离),BV11430751,CL100018
沙浦,沙浦,沙浦,25,,0,应合并(近距离),BV11386265,BV10014600
棠东站S1子站(),棠东站S1子站(BRT),棠东站S1子站(BRT),25,,0,应合并(近距离),BV09375068,BV09350474
黄岐办事处,黄岐办事处,黄岐办事处总站,25,,0,应合并(近距离),BV10641791,BV10393784
地铁万顷沙,地铁万顷沙站,地铁万顷沙站2,25,,0,应合并(近距离),BV11603402,BV09243541
体育中心东门,体育中心东门1,体育中心东门,24,,2,应合并(近距离),BV09226124,BV11678026
基立下道,基立下道1,基立下道2,24,,10,应合并(近距离),BV11621851,BV11621853
基立下道,基立下道1,基立下道,24,,0,应合并(近距离),BV11621851,BV11688513
合群村委,合群村委,合群村委总站,24,,1,应合并(近距离),BV11152724,BV11491337
广东电视台,广东电视台2,广东电视台,23,,2,应合并(近距离),BV09394368,BV11009136
广东药学院,广东药学院,广东药学院总站,23,,0,应合并(近距离),BV11688519,BV10019625
金宇花园,金宇花园,金宇花园总站,23,,0,应合并(近距离),BV11688515,BV10013810
猎德大道北,猎德大道北站,猎德大道北2,23,,2,应合并(近距离),BV11688556,BV09413161
长福路,长福路总站,长福路,23,,0,应合并(近距离),BV10017626,BV09400272
地铁万顷沙,地铁万顷沙站,地铁万顷沙站1,23,,1,应合并(近距离),BV11603402,BV09302201
陈家祠,陈家祠,陈家祠2,22,,9,应合并(近距离),BV11596161,BV09195327
石牌村,石牌村,石牌村1,22,,3,应合并(近距离),BV10018369,BV09256766
地铁横沙,地铁横沙站,地铁横沙站1,22,,6,应合并(近距离),BV10016979,BV09315831
地铁万顷沙,地铁万顷沙站,地铁万顷沙站4,22,,0,应合并(近距离),BV11603402,BV09243540
桥中,桥中站1,桥中1,21,,0,应合并(近距离),BV09376898,BV11163379
桥中,桥中总站,桥中1,21,,0,应合并(近距离),BV11225789,BV11163379
东风西路,东风西路3,东风西路1,21,,1,应合并(近距离),BV09230294,BV09209214
东风西路,东风西路3,东风西路站,21,,1,应合并(近距离),BV09230294,BV11687925
珠村,珠村,珠村总站,21,,0,应合并(近距离),BV11502696,BV10016497
凌塘村,凌塘村站1,凌塘村站2,21,,3,应合并(近距离),BV09081166,BV09324145
团结围,团结围总站,团结围站,21,,1,应合并(近距离),BV09242692,BV10015943
蔡边村,蔡边村总站,蔡边村,21,,0,应合并(近距离),BV10015073,BV10019955
开达路北,开达路北,开达路北总站,20,,0,应合并(近距离),BV09344033,BV11608094
地铁香雪,地铁香雪站2,地铁香雪站,20,,2,应合并(近距离),BV09192170,BV10845329
番禺区第二人民医院,番禺区第二人民医院总站,番禺区第二人民医院,20,,0,应合并(近距离),BV11493032,BV11569024
胡忠儿童医院,胡忠儿童医院,胡忠儿童医院总站,20,,0,应合并(近距离),BV11631573,BV10442982
文德路,文德路2,文德路,19,,8,应合并(近距离),BV09317748,BV11688482
农讲所,农讲所2,农讲所,19,,0,应合并(近距离),BV09185490,BV11688432
东风西路,东风西路站2,东风西路2,19,,0,应合并(近距离),BV09374493,BV09143805
中山大学,中山大学2,中山大学1,19,,14,应合并(近距离),BV09243523,BV09193343
中山大学,中山大学1,中山大学站,19,,2,应合并(近距离),BV09193343,BV11687965
纸厂横马路,纸厂横马路站,纸厂横马路总站,19,,1,应合并(近距离),BV11671145,BV10021807
鹤龙四路(龙兴西路口),鹤龙四路(龙兴西路口)1,鹤龙四路(龙兴西路口),19,,0,应合并(近距离),BV09228303,BV09196447
机电技工学校,机电技工学校,机电技工学校总站,19,,0,应合并(近距离),BV10458378,BV10432261
沥滘大埗头,沥滘大埗头总站,沥滘大埗头,19,,1,应合并(近距离),BV10022783,BV11366953
赤坭医院,赤坭医院,赤坭医院总站,19,,1,应合并(近距离),BV11375046,BV11626267
莲溪,莲溪,莲溪站,18,,5,应合并(近距离),BV09246211,BV09326646
林和中路,林和中路1,林和中路,17,,0,应合并(近距离),BV09310407,BV10017488
东风东路(陵园西路口),东风东路(陵园西路口),东风东路(陵园西路口)2,17,,4,应合并(近距离),BV11278289,BV09230320
江海大道中,江海大道中2,江海大道中总站,17,,0,应合并(近距离),BV09316963,BV11365453
岗贝路,岗贝路,岗贝路总站,17,,0,应合并(近距离),BV10019052,BV10018301
江南西路,江南西路,江南西路总站,17,,0,应合并(近距离),BV10017764,BV10015253
东风西路,东风西路3,东风西路2,16,,0,应合并(近距离),BV09230294,BV09143805
鹤洞路西,鹤洞路西站,鹤洞路西1,16,,8,应合并(近距离),BV09001134,BV09199072
车陂南,车陂南1,车陂南,16,,8,应合并(近距离),BV09291511,BV10014565
鹤龙四路(龙兴西路口),鹤龙四路(龙兴西路口)2,鹤龙四路(龙兴西路口),16,,0,应合并(近距离),BV09226081,BV09196447
天河公交场,天河公交场总站,天河公交场总站2,15,,1,应合并(近距离),BV10014021,BV09073572
沙涌,沙涌,沙涌1,15,,0,应合并(近距离),BV10713660,BV09080691
儿童公园,儿童公园总站,儿童公园,15,,1,应合并(近距离),BV10454909,BV11195830
莲港大道西,莲港大道西站,莲港大道西分站,15,,2,应合并(近距离),BV09254334,BV09201156
越秀南路,越秀南路,越秀南路2,14,,12,应合并(近距离),BV11687913,BV09319720
雅居乐,雅居乐总站,雅居乐,14,,1,应合并(近距离),BV10562521,BV11475093
司法学校,司法学校,司法学校总站,14,,0,应合并(近距离),BV10982982,BV11645374
水西路,水西路,水西路总站,13,,1,应合并(近距离),BV09223990,BV10888705
万科海上明月,万科海上明月站2,万科海上明月2,13,,1,应合并(近距离),BV09010681,BV09078999
西樵幼儿园,西樵幼儿园总站,西樵幼儿园站,13,,1,应合并(近距离),BV09215687,BV10387509
地铁新造,地铁新造站,地铁新造总站,13,,1,应合并(近距离),BV10020043,BV11437063
淘金北路,淘金北路,淘金北路总站,12,,0,应合并(近距离),BV10013644,BV10604971
体育中心,体育中心,体育中心1,12,,0,应合并(近距离),BV11688545,BV09226128
体育中心,体育中心1,体育中心总站,12,,0,应合并(近距离),BV09226128,BV09354795
小洲村口,小洲村口,小洲村口总站,12,,0,应合并(近距离),BV10018555,BV11471863
中山大道东圃,中山大道东圃站,公共汽车中山大道东圃站,12,,5,应合并(近距离),BV09403693,BV09403155
中山大道东圃,中山大道东圃站,中山大道东圃站,12,,2,应合并(近距离),BV09403693,BV09403374
员村山顶,员村山顶2,员村山顶,11,,8,应合并(近距离),BV09285359,BV09006109
江高小塘,江高小塘,江高小塘总站,11,,0,应合并(近距离),BV10018878,BV10014050
南顺二村尾,南顺二村尾总站,南顺二村尾站,11,,1,应合并(近距离),BV10382294,BV09273712
广东电视台,广东电视台1,广东电视台,10,,5,应合并(近距离),BV09226122,BV11009136
小北,小北1,小北,10,,0,应合并(近距离),BV09226129,BV11688429
南方大厦,南方大厦站1,南方大厦1,10,,0,应合并(近距离),BV09192173,BV09169831
上社N,BRT上社N1,BRT上社N1,10,,0,应合并(近距离),BV09375067,BV09350120
地铁大石,地铁大石站,地铁大石总站,9,,0,应合并(近距离),BV10020322,BV10019654
高坣,高坣,高坣总站,9,,2,应合并(近距离),BV09395781,BV11216190
星汇云城,星汇云城,星汇云城总站,8,,0,应合并(近距离),BV11294318,BV11454297
岗顶N,BRT岗顶N1,BRT岗顶N1,8,,0,应合并(近距离),BV09361651,BV09361406
莱茵汇,莱茵汇总站,莱茵汇,8,,2,应合并(近距离),BV09356516,BV09311801
体育中心,体育中心1,体育中心1,7,,0,应合并(近距离),BV09375065,BV09226128
开萝大道,开萝大道,开萝大道总站,7,,0,应合并(近距离),BV09241985,BV09320059
天安番禺节能科技园,天安番禺节能科技园,天安番禺节能科技园3,7,,0,应合并(近距离),BV11610818,BV09368237
赤坭工业区,赤坭工业区站,赤坭工业区,7,,0,应合并(近距离),BV11375036,BV09415183
沐陂村,沐陂村,沐陂村总站,6,,0,应合并(近距离),BV11458236,BV10014615
良口墟,良口墟,良口墟总站,6,,0,应合并(近距离),BV10808751,BV11491341
珊瑚村委,珊瑚村委,珊瑚村委总站,6,,1,应合并(近距离),BV11399881,BV11491321
地铁万顷沙,地铁万顷沙站2,地铁万顷沙站4,6,,1,应合并(近距离),BV09243541,BV09243540
泰安花园,泰安花园,泰安花园,5,,1,应合并(近距离),BV10458383,BV11445830
小坪,小坪2,小坪,4,,0,应合并(近距离),BV09209209,BV11688428
五山路口,五山路口2,五山路口站2,4,,0,应合并(近距离),BV09366519,BV09372736
体育中心,体育中心1,体育中心,4,,1,应合并(近距离),BV09375065,BV11688545
体育中心,体育中心1,体育中心总站,4,,0,应合并(近距离),BV09375065,BV09354795
小洲,小洲,小洲总站,4,,0,应合并(近距离),BV11689633,BV10022287
地铁萝岗,地铁萝岗站2,地铁萝岗站1,4,,0,应合并(近距离),BV09192165,BV09192166
联和墟,联和墟,联和墟总站,4,,0,应合并(近距离),BV11689574,BV10022293
进港大道西,进港大道西,进港大道西站,4,,0,应合并(近距离),BV09371832,BV10017842
汇侨新城,汇侨新城总站,汇侨新城,3,,0,应合并(近距离),BV10019063,BV09226079
穗园小区,穗园小区,穗园小区总站,3,,0,应合并(近距离),BV10018744,BV10388930
城康,城康总站,城康,3,,0,应合并(近距离),BV10022881,BV09236185
万洲水闸,万洲水闸站,万洲水闸总站,2,,1,应合并(近距离),BV10015028,BV09271783
林和西路,林和西路3,林和西路,1,,0,应合并(近距离),BV11509447,BV11688381
上涌,上涌2,上涌,1,,12,应合并(近距离),BV09175488,BV10014360
地铁市二宫,地铁市二宫站,地铁市二宫站1,1,,13,应合并(近距离),BV10388873,BV09232762
克山,克山2,克山,1,,0,应合并(近距离),BV09010643,BV11102072
金沙洲路,金沙洲路,金沙洲路3,1,,0,应合并(近距离),BV11688450,BV09010641
宝墨园,宝墨园总站,宝墨园,1,,0,应合并(近距离),BV10023082,BV11626409
江南大道北,江南大道北,江南大道北1,0,,8,应合并(近距离),BV10016114,BV09243516
花园酒店,花园酒店,花园酒店2,0,,0,应合并(近距离),BV09360551,BV09226130
江湾桥南,江湾桥南1,江湾桥南,0,,1,应合并(近距离),BV09359515,BV11688521
广州大道中,广州大道中,广州大道中1,0,,0,应合并(近距离),BV11687847,BV09382002
时代广场,时代广场,时代广场2,0,,7,应合并(近距离),BV11481123,BV09309831
梓元岗,梓元岗站,梓元岗3,0,,0,应合并(近距离),BV09364515,BV09373815
桂花岗,桂花岗站2,桂花岗2,0,,0,应合并(近距离),BV09394525,BV11477576
越秀公园,越秀公园3,越秀公园,0,,0,应合并(近距离),BV11596047,BV11688125
迎宾馆,迎宾馆,迎宾馆2,0,,12,应合并(近距离),BV11091393,BV11596048
中山八路,中山八路2,中山八路,0,,0,应合并(近距离),BV09167549,BV11688465
桥中,桥中站1,桥中总站,0,,0,应合并(近距离),BV09376898,BV11225789
东升医院,东升医院,东升医院2,0,,6,应合并(近距离),BV11688394,BV09295166
大沙头游船码头,大沙头游船码头,大沙头游船码头1,0,,4,应合并(近距离),BV11688483,BV09278983
石井文化广场(石丰路),石井文化广场(石丰路),石井文化广场(石丰路)1,0,,3,应合并(近距离),BV11688403,BV09245150
黄石路,黄石路,黄石路1,0,,9,应合并(近距离),BV11688426,BV09351558
陈田村,陈田村1,陈田村2,0,,1,应合并(近距离),BV09163011,BV09163012
元下田,元下田2,元下田,0,,5,应合并(近距离),BV09161363,BV11687852
大新路口,大新路口1,大新路口,0,,2,应合并(近距离),BV09340762,BV11688396
基立下道,基立下道2,基立下道,0,,1,应合并(近距离),BV11621853,BV11688513
东山口(东华北路),东山口(东华北路),东山口(东华北路)1,0,,2,应合并(近距离),BV11448834,BV09322857
五山路口,五山路口站,五山路口站1,0,,6,应合并(近距离),BV11062767,BV09368726
体育中心,体育中心,体育中心总站,0,,0,应合并(近距离),BV11688545,BV09354795
东风西路,东风西路1,东风西路站,0,,0,应合并(近距离),BV09209214,BV11687925
广医,广医2,广医,0,,7,应合并(近距离),BV09186856,BV11688391
和平新村,和平新村3,和平新村,0,,0,应合并(近距离),BV09010638,BV11687875
西湾路,西湾路2,西湾路,0,,1,应合并(近距离),BV09356487,BV09000494
西湾和苑,西湾和苑2,西湾和苑,0,,9,应合并(近距离),BV09317154,BV09006146
豪景花园,豪景花园2,豪景花园,0,,3,应合并(近距离),BV09314787,BV10326995
国防大厦,国防大厦3,国防大厦,0,,0,应合并(近距离),BV09410279,BV11688471
中山大学,中山大学2,中山大学站,0,,2,应合并(近距离),BV09243523,BV11687965
鹭江,鹭江2,鹭江,0,,8,应合并(近距离),BV09335012,BV11687958
江海大道中,江海大道中1,江海大道中,0,,1,应合并(近距离),BV09319409,BV11687940
动物园,动物园,动物园总站,0,,0,应合并(近距离),BV10014267,BV10014264
濂泉路口,濂泉路口2,濂泉路口,0,,0,应合并(近距离),BV09412828,BV11688393
棠下(三元里大道),棠下(三元里大道)2,棠下(三元里大道),0,,3,应合并(近距离),BV09169835,BV11687942
新市墟,新市墟4,新市墟,0,,0,应合并(近距离),BV09404762,BV11687839
新滘西路口,新滘西路口2,新滘西路口站,0,,8,应合并(近距离),BV09360317,BV09243519
盘福路,盘福路,盘福路1,0,,1,应合并(近距离),BV11091396,BV09227578
嘉鸿花园,嘉鸿花园1,嘉鸿花园,0,,0,应合并(近距离),BV09360318,BV10021775
雕塑公园,雕塑公园,雕塑公园1,0,,9,应合并(近距离),BV11554813,BV09317749
云城南,云城南,云城南站1,0,,0,应合并(近距离),BV10013708,BV09406832
云城南,云城南,云城南1,0,,0,应合并(近距离),BV10013708,BV09226082
云城南,云城南站1,云城南1,0,,0,应合并(近距离),BV09406832,BV09226082
机场立交北,机场立交北2,机场立交北,0,,0,应合并(近距离),BV09226069,BV10523474
裕海路,裕海路,裕海路总站,0,,0,应合并(近距离),BV10017979,BV11265333
平沙,平沙1,平沙,0,,5,应合并(近距离),BV09226062,BV11688453
联和,联和1,联和,0,,0,应合并(近距离),BV11637999,BV11687903
海港花园,海港花园2,海港花园,0,,5,应合并(近距离),BV09269675,BV10569365
白云区政务中心,白云区政务中心,白云区政务中心1,0,,4,应合并(近距离),BV09000545,BV09172232
武警医院,武警医院,武警医院2,0,,0,应合并(近距离),BV11687881,BV09344864
武警医院,武警医院1,武警医院,0,,0,应合并(近距离),BV09260273,BV09244916
城西花园,城西花园,城西花园1,0,,1,应合并(近距离),BV11688445,BV09244061
城西花园,城西花园2,城西花园总站,0,,0,应合并(近距离),BV09302293,BV10014504
科学城路口,科学城路口站1,科学城路口总站,0,,0,应合并(近距离),BV09343742,BV11010138
华峰路口,华峰路口总站,华峰路口站,0,,0,应合并(近距离),BV09097133,BV09368449
永和开发区,永和开发区站,永和开发区总站,0,,0,应合并(近距离),BV10013974,BV10490938
黄埔低空经济创新中心,黄埔低空经济创新中心总站,黄埔低空经济创新中心站,0,,2,应合并(近距离),BV09400275,BV09400279
南湾,南湾总站,南湾,0,,0,应合并(近距离),BV11472711,BV10014603
石井,石井总站,石井,0,,2,应合并(近距离),BV10381320,BV11481130
小塱,小塱总站,小塱,0,,0,应合并(近距离),BV10019461,BV10871158
石岗路(绿地滨江汇),石岗路(绿地滨江汇)总站,石岗路(绿地滨江汇),0,,0,应合并(近距离),BV10021824,BV11317279
人和墟(万家福广场),人和墟(万家福广场)总站,人和墟(万家福广场),0,,0,应合并(近距离),BV11333202,BV11365784
峡石村,峡石村,峡石村总站,0,,0,应合并(近距离),BV09376989,BV10018889
同和(停北行),同和(停北行),同和(停北行)2,0,,0,应合并(近距离),BV09041950,BV09396416
广州圆,广州圆总站,广州圆,0,,0,应合并(近距离),BV09232378,BV11566279
地铁南沙客运港,地铁南沙客运港站,地铁南沙客运港站2,0,,0,应合并(近距离),BV10979676,BV09078984
地铁从化客运,地铁从化客运站2,地铁从化客运站,0,,0,应合并(近距离),BV11168223,BV11154215
供电局,供电局,供电局1,0,,2,应合并(近距离),BV11492618,BV09392864
万科海上明月,万科海上明月2,万科海上明月,0,,0,应合并(近距离),BV09078999,BV11443817
水牛头渡口,水牛头渡口总站,水牛头渡口站,0,,0,应合并(近距离),BV09099110,BV10016468
北斗渡口,北斗渡口站,北斗渡口站1,0,,0,应合并(近距离),BV09009791,BV09269674
翡翠蓝湾社区,翡翠蓝湾社区站,翡翠蓝湾社区总站,0,,1,应合并(近距离),BV10405444,BV09302203
雄峰商城,雄峰商城总站,雄峰商城,0,,1,应合并(近距离),BV10019834,BV11607755
北城公交,北城公交总站,北城公交站,0,,1,应合并(近距离),BV09011622,BV10023190
沙湾珠宝产业园,沙湾珠宝产业园总站,沙湾珠宝产业园,0,,1,应合并(近距离),BV10388982,BV11501166
花都儿童公园,花都儿童公园总站,花都儿童公园,0,,1,应合并(近距离),BV10847898,BV10709927
飞鹅岭地铁口,飞鹅岭地铁口总站,飞鹅岭地铁口,0,,0,应合并(近距离),BV11507966,BV11025103
