线路,方向记录,站名,记录平台ID,记录距几何(m),建议平台名,建议平台ID,建议距几何(m),建议平台类型
番60路,番60路(化龙驾驶人考场--地铁新造站),化龙教练场,BV11018446,287,化龙驾驶人考场,BV11162078,0,普通
南沙49路,南沙49路(三姓路--大岗公交总站),黄阁大道中站,BV09026668,278,黄阁医院站,BV10017575,0,普通
番141路,番141路(江南路站--市桥汽车站),黄阁大道中站,BV09026668,278,黄阁汽车城站,BV09077735,0,普通
南沙65路,南沙65路(市桥汽车站--潭洲车站),潭洲市场站,BV09302206,277,潭洲车站,BV10014942,0,普通
南沙65路,南沙65路(潭洲车站--市桥汽车站),潭洲市场站,BV09302206,277,潭洲车站,BV10014942,0,普通
番142路,番142路(潭洲车站--市桥汽车站),潭洲市场站,BV09302206,277,潭洲车站,BV10014942,0,普通
莞616路,莞616路(富民路--黄埔新港),华阳湖路口,BV10494263,201,华阳湖湿地公园,BV10266784,0,普通
花都113路,花都113路(皮革城站--田美上庄),美国工业园,BV10015587,182,美国工业区,BV11655182,0,普通
莞619路,莞619路(城际麻涌站--城际麻涌站),华阳湖路口,BV10494263,170,华阳湖湿地公园,BV10266784,0,普通
莞619路,莞619路(城际麻涌站--城际麻涌站),华阳湖路口,BV10494263,170,华阳湖湿地公园,BV10266784,0,普通
728路,728路(地铁龙归站总站--良田村委总站),北太路柏塘村口站,BV11166353,159,北太路西,BV11166350,0,普通
837路,837路(太和总站--江高小塘总站),鹤龙四路(龙兴西路口)2,BV09226081,142,龙兴西路,BV09180357,0,普通
南55路,南55路(高铁庆盛站--新兴村委总站),高铁庆盛站1,BV09410623,142,高铁庆盛总站,BV11627208,0,总站
222路,222路(芳村丰年路总站--地铁五羊邨站总站),西塱,BV11687844,136,西塱1,BV09178250,0,普通
69路,69路(汾水小区总站--大塘总站),西塱,BV11687844,136,西塱2,BV09177350,0,普通
70路,70路(水秀一路总站--沥滘总站),西塱,BV11687844,136,西塱2,BV09177350,0,普通
91路,91路(南方茶叶市场总站--珠光路总站),西塱,BV11687844,136,西塱2,BV09177350,0,普通
夜103路,夜103路(穗盐路总站--地铁江泰路站总站),西塱,BV11687844,136,西塱1,BV09178250,0,普通
广565路,广565路(穗盐路总站--瑞宝乡总站),西塱,BV11687844,136,西塱1,BV09178250,0,普通
302A路,302A路(广州火车东站总站--雅居乐总站),林和西路,BV11688381,133,林和西路2,BV09383025,0,普通
从906路,从906路(从化汽车站总站--龙新村委),灌村中学,BV11115207,131,灌村路口,BV11625941,0,普通
夜74路,夜74路(广州火车东站总站--太和总站(沙亭岗村)),太和文化广场,BV09005242,124,太和总站(沙亭岗村),BV10407932,0,总站
6路,6路(天河北公交总站--黄沙总站),广州体院,BV09375062,120,广州体院1,BV09411494,0,普通
985路,985路(太和总站--地铁高增站总站),太和文化广场,BV09005242,119,太和总站1,BV09173927,0,总站
夜86路,夜86路(太和总站--地铁龙归站总站),太和文化广场,BV09005242,119,太和总站1,BV09173927,0,总站
莞615路,莞615路(中堂城轨站--中堂城轨站),中堂路口,BV10262823,117,中堂城轨站,BV11309029,0,普通
南36路,南36路(西樵幼儿园站--东涌湖公交总站),太石工业区站,BV09305166,116,太石公交总站,BV10018468,0,总站
番5路,番5路(大罗村(市广路)--太石工业区总站),太石工业区站,BV09305166,116,太石工业区总站,BV10023383,0,总站
番5路长线,番5路长线(大罗村(市广路)--太石村委),太石工业区,BV09305166,116,太石村委,BV11580706,0,普通
335路,335路(科学城彩频路总站--云埔一路总站),云埔工业区,BV11687962,115,云埔一路(中一药业)总站,BV10991201,0,总站
增城4路,增城4路(横塱村委--康健公司),横塱村,BV10015371,114,横塱村委,BV11289574,0,普通
番5路,番5路(太石工业区总站--大罗村(市广路)站),太石工业区站,BV09305166,113,太石工业区总站,BV10023383,0,总站
广974路,广974路(金沙洲码头总站--山口园路站),金沙洲路站,BV11688450,111,金沙洲码头总站,BV10019002,0,总站
246路,246路(太和(丰泰横路)总站--广州火车东站总站),太和文化广场,BV09005242,105,太和,BV11628196,0,普通
53路,53路(杨桃公园总站--宝岗大道总站),宝岗大道北,BV10016120,105,宝岗大道中,BV10016126,0,普通
973路,973路(太和(丰泰横路)总站--兴丰村总站),太和文化广场,BV09005242,105,太和,BV11628196,0,普通
976路,976路(竹三村总站--太和总站),太和文化广场,BV09005242,105,太和,BV11628196,0,普通
夜74路,夜74路(太和总站(沙亭岗村)--广州火车东站总站),太和文化广场,BV09005242,105,太和地铁站A口,BV09125840,0,普通
825路,825路(江高总站(大松岗)--广州佐航花都雅瑶恒通汽车站总站),雄丰路口站,BV11688084,266,雄丰街口,BV10389076,1,普通
南沙18路,南沙18路(蕉门地铁(区政府)站--南沙湾总站),金岭南路站,BV10015855,206,金岭北路站,BV10015861,1,普通
南沙49路,南沙49路(大岗公交总站--三姓路站),金岭南路站,BV10015855,206,金岭北路站,BV10015861,1,普通
番141路,番141路(市桥汽车站--江南路站),金岭南路站,BV10015855,206,金岭北路站,BV10015861,1,普通
825路,825路(江高总站(大松岗)--广州佐航花都雅瑶恒通汽车站总站),郭塘站,BV09245330,165,郭塘货场站,BV11688116,1,普通
825路,825路(雅瑶公交总站--江高总站),郭塘,BV09245330,165,郭塘货场站,BV11688116,1,普通
增城39路,增城39路(仙村公交总站--尚东阳光),仙村路口站,BV11690284,158,仙村市场,BV09274992,1,普通
B24路,B24路(车陂总站--黄埔低空经济创新中心总站),车陂南站,BV10014565,152,车陂总站,BV10017165,1,总站
番182路,番182路(沙溪大道东总站--周山岗总站),地铁会江站,BV10023162,136,地铁沙溪站(E1出口),BV11604375,1,普通
541路,541路(恒宝广场总站--汇景新城东总站),白云路站,BV11688476,134,白云路东,BV11687926,1,普通
夜39路,夜39路(恒宝广场总站--科韵路总站),白云路站,BV11688476,134,白云路东,BV11687926,1,普通
广231路,广231路(和顺车站总站--广州火车站(草暖公园)总站),金沙洲路,BV11688450,134,金沙洲大桥西2,BV09010639,1,普通
广277路,广277路(沙面新城总站--西塱社区总站),西塱,BV11687844,134,西塱2,BV09177350,1,普通
503路,503路(天河客运站总站--杨桃公园总站),车陂南,BV10014565,130,车陂公交场,BV11688356,1,普通
广276路,广276路(万科四季花城总站--南洲北路总站),金沙洲路,BV11688450,128,金沙洲路2,BV11329134,1,普通
471路,471路(石湖镇东路总站--草庄村总站),太和文化广场,BV09005242,124,太和(谢家庄),BV09027377,1,普通
976路,976路(太和总站--竹三村总站),太和文化广场,BV09005242,119,太和(谢家庄),BV09027377,1,普通
南50路,南50路(励业染厂站--鱼窝头二中站),太石工业区站,BV09305166,116,太石公交总站,BV10018468,1,总站
番150路,番150路(儿童公园总站--鱼窝头车站),太石工业区站,BV09305166,116,太石市场站,BV10023176,1,普通
帽峰山旅游专线1线,帽峰山旅游专线1线(太和地铁站A口--帽峰山森林公园),太和文化广场,BV09005242,114,太和中路,BV11688546,1,普通
21路,21路(解放北路总站(应元路口)--均禾工业区总站(清湖村)),平沙,BV11688453,112,平沙南街,BV10021791,1,普通
广974路班车,广974路班车(城西花园站--东秀路总站),金沙洲路,BV11688450,111,金沙洲路1,BV09369963,1,普通
广夜91路,广夜91路(金沙洲码头总站--西华村总站),金沙洲路,BV11688450,111,金沙洲路1,BV09369963,1,普通
广231路,广231路(广州火车站总站--和顺车站总站),金沙洲路,BV11688450,110,金沙洲路1,BV09369963,1,普通
126路,126路(凰岗总站--天河客运站总站),元岗路,BV10016357,109,元岗村,BV10016358,1,普通
夜90路,夜90路(凰岗总站--天河客运站总站),元岗路,BV10016357,109,元岗村,BV10016358,1,普通
从408路,从408路(爱群村委--鳌头公交总站),龙潭路口,BV10877113,106,龙潭村委,BV11596290,1,普通
21路,21路(均禾工业区总站(清湖村)--解放北路总站(应元路口)),清湖村口,BV11690766,105,清湖村口2,BV09165291,1,普通
566路,566路(永和总站--黄埔新城(沙步一横路)总站),云埔工业区,BV11687962,292,云埔四路,BV10833214,2,普通
花18路,花18路(中建映花悦府--新和村),花都广场,BV10016943,254,花都海关,BV09404838,2,普通
花18路,花18路(新和村--中建映花悦府),花都广场,BV10016943,254,花都区政务中心,BV11573300,2,普通
339路,339路(地铁鱼珠站总站--萝岗香雪总站),开泰大道(新阳路口),BV11466898,188,开泰大道中,BV11690287,2,普通
302路,302路(广州火车东站总站--市桥汽车站总站),林和西路,BV11688381,133,林和西路2,BV09383025,2,普通
363路,363路(广州火车东站总站--穗港码头总站),林和西路,BV11688381,133,林和西路2,BV09383025,2,普通
45路,45路(广州火车东站总站--小洲总站),林和西路,BV11688381,133,林和西路2,BV09383025,2,普通
夜74路,夜74路(广州火车东站总站--太和总站(沙亭岗村)),林和西路,BV11688381,133,林和西路2,BV09383025,2,普通
广283路,广283路(万科四季花城总站--广州火车东站总站),金沙洲路,BV11688450,133,金沙洲大桥西2,BV09010639,2,普通
广高峰快线30路,广高峰快线30路(万科四季花城总站--体育中心),金沙洲路,BV11688450,129,金沙洲路2,BV11329134,2,普通
广12路,广12路(万科四季花城总站--二沙岛西总站),金沙洲路,BV11688450,127,金沙洲路2,BV11329134,2,普通
667路,667路(地铁江夏站总站--地铁江夏站总站),空港大道,BV11621666,120,空港大道中,BV10021250,2,普通
番5路长线,番5路长线(太石工业区总站--大罗村(市广路)),太石工业区,BV09305166,113,太石工业区总站,BV10023383,2,总站
花85路,花85路(天湖峰境总站--广州北站总站),花都广场,BV10016943,109,花都广场(地铁A出口),BV11552460,2,普通
579路,579路(南岗万达广场总站--中海誉城总站),开创大道口,BV10884933,108,开创大道中(南方物流),BV09178249,2,普通
884路,884路(天健创意园总站--广州火车东站总站),元岗路,BV10016357,104,元岗横路(景晖苑),BV09017264,2,普通
南1路B,南1路B(海力花园站--广州船坞总站),金岭南路站,BV10015855,206,金岭北路站,BV10015861,3,普通
453A路,453A路(沿河路总站--沿河路总站),东晖路,BV10703778,171,东晖路(夏园农民公寓),BV09292564,3,普通
453A路,453A路(沿河路总站--沿河路总站),东晖路,BV10703778,171,东晖路(夏园农民公寓),BV09292564,3,普通
番28B路,番28B路(大刀沙村尾--前锋总站),地铁石碁南站(前锋村),BV09339921,150,地铁傍江站(政务服务中心),BV09344615,3,普通
番182路,番182路(周山岗总站--沙溪大道东总站),地铁会江站,BV10023162,137,地铁沙溪站(东行),BV09359573,3,普通
南55路,南55路(高铁庆盛站--新兴村委总站),亭角村站,BV10015929,134,亭角北站,BV10015927,3,普通
高峰快线24路,高峰快线24路(广州火车东站总站--港湾一村),林和西路,BV11688381,134,林和西路2,BV09383025,3,普通
11路,11路(广州火车东站总站--大元帅府总站),林和西路,BV11688381,133,林和西路2,BV09383025,3,普通
214路,214路(广州火车东站总站--新塘总站),林和西路,BV11688381,133,林和西路2,BV09383025,3,普通
246路,246路(太和(丰泰横路)总站--广州火车东站总站),林和西路,BV11688381,133,林和西路2,BV09383025,3,普通
41路,41路(广州火车东站总站--汇景北路总站),林和西路站,BV11688381,133,林和西路2,BV09383025,3,普通
884路,884路(天健创意园总站--广州火车东站总站),林和西路,BV11688381,133,林和西路2,BV09383025,3,普通
B19路,B19路(广州火车东站总站--杨桃公园总站),林和西路,BV11688381,133,林和西路2,BV09383025,3,普通
B20路,B20路(广州火车东站总站--天河儿童公园北门总站),林和西路,BV11688381,133,林和西路2,BV09383025,3,普通
广283路,广283路(广州火车东站总站--万科四季花城总站),林和西路,BV11688381,133,林和西路2,BV09383025,3,普通
佛276路/佛276,佛276路/佛276(干)路(东方广场北门--罗冲围客运站),金沙洲路,BV11688450,127,金沙洲路2,BV11329134,3,普通
夜122路,夜122路(白沙(中海金沙湾)总站--永泰新村总站),金沙洲路站,BV11688450,127,金沙洲路2,BV11329134,3,普通
广424路,广424路(白沙总站--白云文化广场总站),金沙洲路站,BV11688450,127,金沙洲大桥西,BV10713669,3,普通
32路,32路(黄石路总站--华工大总站),远景路,BV11688397,119,远景路1,BV09168358,3,普通
58路,58路(时代玫瑰园总站--广医一院总站(靖海路)),远景路,BV11688397,119,远景路1,BV09168358,3,普通
旅游公交2线,旅游公交2线(珠江帝景苑总站--中山八路总站),滨江东路,BV10018259,102,滨江东路总站,BV10016328,3,总站
从化921路,从化921路(花林湖畔总站--地铁东风站),明珠管委会,BV10017884,101,明珠市场,BV11380997,3,普通
南沙70路,南沙70路(蕉门公交总站--市桥汽车站),汽车城地铁站,BV10016577,240,汽车城地铁站(市南大道),BV11639442,4,普通
番202路旅游专线,番202路旅游专线(大学城科学中心总站--大学城体育中心总站),综合商业北区,BV10013797,229,综合商业南区,BV10016014,4,普通
南沙4路,南沙4路(蕉门公交总站--滨海公园站),金岭南路站,BV10015855,206,金岭中路站,BV10015858,4,普通
569路,569路(沿河路总站--萝岗香雪总站),东晖路,BV10703778,173,东晖路(夏园农民公寓),BV09292564,4,普通
旅游公交3线,旅游公交3线(中成路总站--琶洲石基村总站),林和西路,BV11688381,133,林和西路2,BV09383025,4,普通
从3路,从3路(花林湖畔总站--上游路总站),明珠管委会,BV10017884,102,明珠市场,BV11380997,4,普通
南沙1路,南沙1路(蕉门公交总站--广州船坞总站),金岭南路站,BV10015855,206,金岭中路站,BV10015858,5,普通
花15路,花15路(飞鹅岭地铁总站--赤坭西莲塘村委总站),四角围,BV09404948,171,四角围村站,BV11375026,5,普通
花15B路,花15B路(飞鹅岭地铁总站--塱头村),四角围,BV09404948,170,四角围村站,BV11375026,5,普通
花5路,花5路(站前路公交总站--炭步总站),四角围,BV09404948,170,四角围村站,BV11375026,5,普通
广283路班车,广283路班车(白沙(中海金沙湾)总站--天河公交场总站),金沙洲路,BV11688450,144,金沙洲大桥西2,BV09010639,5,普通
264路,264路(广仁路总站--仑头总站),海印桥南,BV11688474,141,海印桥南1,BV09245639,5,普通
541路,541路(汇景新城东总站--恒宝广场总站),白云路,BV11688476,138,白云路1,BV09376615,5,普通
夜39路,夜39路(科韵路总站--恒宝广场总站),白云路,BV11688476,138,白云路1,BV09376615,5,普通
42路,42路(白沙总站--白沙(中海金沙湾)总站),金沙洲路站,BV11688450,126,金沙洲大桥西2,BV09010639,5,普通
从21路长线,从21路长线(珠江学院(东北门)--地铁东风站),西街口,BV11492267,114,西街市场,BV11480859,5,普通
从夜3路,从夜3路(从化汽车站总站--地铁东风站总站),西街口,BV11492267,114,西街市场,BV11480859,5,普通
佛276路/佛276,佛276路/佛276(干)路(罗冲围客运站--东方广场北门总站),金沙洲路,BV11688450,110,金沙洲路1,BV09369963,5,普通
夜122路,夜122路(永泰新村总站--白沙(中海金沙湾)总站),金沙洲路,BV11688450,110,金沙洲路1,BV09369963,5,普通
76路,76路(东山总站(东华北路)--百顺北路总站),集贤苑教师新村,BV11482216,109,集贤苑路口,BV10014208,5,普通
83路,83路(白云山制药厂总站--广汕路(科景路口)总站),元岗路,BV10016357,109,元岗横路(景晖苑),BV09017264,5,普通
从21路长线,从21路长线(地铁东风站--珠江学院(东北门)),西街口,BV11492267,108,西街市场,BV11480859,5,普通
从夜3路,从夜3路(地铁东风站总站--从化汽车站总站),西街口,BV11492267,108,西街市场,BV11480859,5,普通
656路,656路(龙归城总站--地铁嘉禾望岗站总站),集贤苑教师新村,BV11482216,105,集贤苑路口,BV10014208,5,普通
大学城专线3路,大学城专线3路(广东药学院总站--大学城总站(中部枢纽)),仑头村,BV10019621,171,仑头路口,BV10013857,6,普通
莞616路,莞616路(黄埔新港--富民路),华阳湖路口,BV10494263,170,华阳湖湿地公园,BV10266784,6,普通
夜107路,夜107路(石井(广东兵工厂旧址)站--白云路总站),解放南路站,BV11688454,105,解放南路2,BV09226091,6,普通
南沙70路,南沙70路(市桥汽车站--蕉门公交总站),汽车城地铁站,BV10016577,216,黄阁汽车城地铁站,BV10634722,7,普通
35路,35路(文德路总站--大学城科学中心总站),白云路,BV11688476,134,白云路东,BV11687926,7,普通
506路,506路(科韵路总站--永和总站),科学城路口,BV11467027,131,科学城(揽月路)总站,BV09199365,7,总站
569路,569路(萝岗香雪总站--沿河路总站),东晖路,BV10703778,171,东晖路(夏园农民公寓),BV09292564,8,普通
496路,496路(科韵路总站--科学城(揽月路)总站),科学城路口,BV11467027,131,科学城(揽月路)总站,BV09199365,8,总站
979路,979路(良田村委总站--马洞森林公园总站),钟落潭高校园,BV11166864,131,钟落潭(大钟),BV10435171,8,普通
981路,981路(永泰新村总站--机场路总站),空港大道,BV11621666,122,空港大道中,BV10021250,8,普通
夜76路,夜76路(太和总站--罗冲围总站(松南路)),空港大道,BV11621666,122,空港大道中,BV10021250,8,普通
189路,189路(石榴岗总站--机场路总站),江海大道中,BV11687940,110,江海大道中总站,BV11365453,8,总站
206路,206路(新滘东路总站--滘口客运站总站),江海大道中站,BV11687940,110,江海大道中总站,BV11365453,8,总站
37路,37路(赤沙总站--东山口总站),江海大道中,BV11687940,110,江海大道中总站,BV11365453,8,总站
增城34路,增城34路(二汽石滩客运站--214站),仙村路口,BV11690284,144,仙村中学,BV10015380,9,普通
209路,209路(坦尾总站--广州火车东站总站),南方大厦,BV11688451,132,南方大厦站1,BV09192173,9,普通
996路,996路(水秀二路总站--水秀二路总站),增南路口,BV10018580,130,增南路,BV10638286,9,普通
增城3路,增城3路(百花山庄--职教园区公交站),荔城三中,BV10020763,126,荔城中学,BV10020795,9,普通
广283路班车,广283路班车(天河公交场总站--白沙总站),金沙洲路站,BV11688450,126,金沙洲路1,BV09369963,9,普通
广424路,广424路(白云文化广场总站--白沙总站),金沙洲路,BV11688450,126,金沙洲路1,BV09369963,9,普通
南沙4路,南沙4路(18:30后)(南沙资讯科技园站--蕉门公交总站),金洲地铁站,BV10015863,276,祈丰路(金洲地铁)站,BV11156027,10,普通
夜81路,夜81路(车陂总站--广汕路(科景路口)总站),科学城路口,BV11467027,136,科学大道(揽月路路口)站,BV10653043,11,普通
花109路,花109路(融创公交总站--胡忠儿童医院),花都广场,BV10016943,255,花都广场(区政府),BV11550145,12,普通
南夜4路,南夜4路(金洲地铁站--地铁广隆站),金岭南路站,BV10015855,206,金岭中路站,BV10015858,12,普通
夜4路,夜4路(恒福路总站--海珠客运站总站),白云宾馆,BV11009137,202,白云路总站,BV10016236,12,总站
番夜5路,番夜5路(广州南站总站--奥园广场总站),钻汇广场东门,BV09200219,176,钻汇广场西门,BV09200220,12,普通
268路,268路(白云花园总站--泮塘总站),远景路,BV11688397,118,远景路1,BV09168358,12,普通
58A路,58A路(唐阁村总站--解放北路总站(应元路口)),远景路,BV11688397,118,远景路1,BV09168358,12,普通
花15B路,花15B路(塱头村--飞鹅岭地铁口总站),四角围,BV09404948,179,四角围村站,BV11375026,13,普通
556路,556路(文化公园总站--石井总站),南方大厦,BV11688451,130,南方大厦站1,BV09192173,13,普通
夜26路,夜26路(文化公园总站--石井),南方大厦,BV11688451,130,南方大厦站1,BV09192173,13,普通
夜7路,夜7路(纸厂横马路总站--广州火车站总站),南方大厦,BV11688451,130,南方大厦站1,BV09192173,13,普通
南沙54路,南沙54路(滨海公园--雁洲村总站),黄阁大道中站,BV09026668,294,黄阁地铁站,BV10016402,14,普通
花5路,花5路(炭步总站--站前路公交总站),四角围,BV09404948,177,四角围村站,BV11375026,14,普通
56路,56路(天平架总站--光塔路总站),中山纪念堂,BV09404373,137,中山纪念堂(市总工会)3,BV09336519,14,普通
30路,30路(龙洞总站--东山广场总站),地铁植物园站,BV10855094,106,地铁长湴站,BV10408399,14,普通
793路,793路(龙归城总站--司法学校总站),鹤龙四路(龙兴西路口),BV09196447,147,鹤龙东路站,BV09314895,15,普通
979路,979路(马洞森林公园总站--良田村委总站),钟落潭高校园,BV11166864,120,钟落潭(大钟),BV10435171,15,普通
425路,425路(百顺北路总站--石井总站),联和2,BV09226063,109,联和1,BV11637999,15,普通
南53路,南53路(南沙儿童公园站--南沙湾总站),万达广场站,BV10381619,247,万达广场(双山大道)站,BV10962703,16,普通
39路,39路(龙洞总站--天河公交场总站),地铁植物园站,BV10855094,106,地铁长湴站,BV10408399,16,普通
夜10路,夜10路(龙洞总站--东山口总站),地铁植物园站,BV10855094,106,地铁长湴站,BV10408399,16,普通
264路,264路(仑头总站--广仁路总站),海印桥南,BV11688474,131,海印桥南1,BV09245639,17,普通
31路,31路(南石西(地铁棣园站)总站--解放北路总站(应元路口)),南方大厦,BV11688451,126,南方大厦站1,BV09192173,17,普通
38路,38路(文化公园总站--时代玫瑰园总站),南方大厦,BV11688451,126,南方大厦站1,BV09192173,17,普通
523路,523路(江高总站--广州白云站公交总站),联和2,BV09226063,112,联和1,BV11637999,17,普通
743路,743路(百顺北路(岭南新世界)总站--汇侨新城总站),联和2,BV09226063,112,联和1,BV11637999,17,普通
番96路,番96路(市桥汽车站--大石中学总站),钟村市场,BV11689053,168,钟村,BV10016700,18,普通
703路,703路(机场路总站--荔红路总站),平沙路口,BV09000463,154,平沙,BV11688453,18,普通
夜87路,夜87路(机场路总站--广州北站(秀全大道)),平沙路口,BV09000463,154,平沙,BV11688453,18,普通
54路,54路(中科院化学所总站--东华南路总站),白云路,BV11688476,134,白云路东,BV11687926,18,普通
226路,226路(大塘总站--恒宝广场总站),华贵路口,BV10016189,105,华贵路,BV09001149,18,普通
541路,541路(汇景新城东总站--恒宝广场总站),华贵路口,BV10016189,105,华贵路,BV09001149,18,普通
夜39路,夜39路(科韵路总站--恒宝广场总站),华贵路口,BV10016189,105,华贵路,BV09001149,18,普通
660路环线,660路环线(广外总站--广外总站),黄石东路(云城西路口)站,BV11688425,116,黄石东,BV11481129,19,普通
广424路,广424路(白云文化广场总站--白沙总站),黄石东路(云城西路口)站,BV11688425,116,云城西路,BV10021167,19,普通
706路,706路(广州北站(秀全大道)--东山广场总站),联和2,BV09226063,113,联和1,BV11637999,19,普通
448路,448路(奥林匹克体育中心总站--科林路总站),科学城路口,BV11467027,136,科学城南部公交场总站,BV10017787,22,总站
夜13路,夜13路(梅东路总站--天河儿童公园北门总站),锦城花园,BV11171452,206,锦城花园总站(东风东),BV10014572,23,总站
花都113路,花都113路(田美上庄--皮革城站),美国工业园,BV10015587,163,美国工业区,BV11655182,24,普通
B22路,B22路(五羊邨总站--广州科学城总站(长安村)),科学城路口,BV11467027,149,科学城彩频路总站,BV10017533,24,总站
367路,367路(火村东总站--中海誉城总站),开源大道,BV09067478,203,开源大道(云信路口),BV09065655,25,普通
397路,397路(萝岗香雪总站--丹水坑风景区总站),开源大道,BV09067478,202,开源大道(云信路口),BV09065655,25,普通
940路,940路(南岗万达广场总站--小塱总站),开创大道口,BV10884933,108,开创大道立交,BV10017344,28,普通
707路,707路(神山--人和总站),东镜市场站,BV11688085,254,东镜路口,BV10014234,30,普通
393路,393路(黄埔低空经济创新中心总站--连云路总站),开泰大道(开源路口),BV09237474,209,开泰大道(东明三路口),BV11466897,30,普通
495路,495路(琶洲塔公交总站--玉树新村总站),车陂南站,BV10014565,158,地铁车陂南站,BV10022500,34,普通
