线路,站名,问题
461路班车,仑头,无几何
461路班车,环村南路,无几何
461路班车,中华姓名博物馆,无几何
461路班车,仑头公园,无几何
461路班车,穗华中学,无几何
461路班车,仑头村委会,无几何
461路班车,仑头路口,无几何
461路班车,北山,无几何
461路班车,琶洲,无几何
461路班车,琶洲大桥南,无几何
546路,南洲花园总站,无几何
546路,盈丰路,无几何
546路,晓港湾(盈丰路),无几何
546路,南洲名苑,无几何
546路,金碧花园,无几何
546路,新滘西路口,无几何
546路,石溪,无几何
546路,保利花园(南石头),无几何
546路,保利红棉花园,无几何
546路,燕子岗,无几何
546路,江燕花园(地铁江泰路站),无几何
546路,礼岗,无几何
546路,广医二院,无几何
546路,海印桥南,无几何
546路,大沙头游船码头,无几何
546路,星之光电器城,无几何
546路,烈士陵园,无几何
546路,陵园西路,无几何
546路,白云宾馆,无几何
546路,淘金北路,无几何
546路,省第二中医院,无几何
546路,横枝岗,无几何
546路,麓景路,无几何
546路,广州电大麓湖校区,无几何
546路,下塘西路,无几何
546路,老干大学,无几何
546路,雕塑公园,无几何
546路,柯子岭,无几何
546路,广园新村,无几何
546路,机场路总站,无几何
546路,中医药大学,无几何
546路,花园酒店,无几何
546路,中山医,无几何
546路,白云路东,无几何
546路,嘉鸿花园,无几何
546路,南洲北路,无几何
944路,低空经济创新中心,无几何
944路,黄埔低空经济创新中心总站,无几何
南沙61路短线,万科海上明月,无几何
南沙61路短线,南涌口村,无几何
南沙61路短线,庐前山南路口,无几何
南沙61路短线,保利城南怡湾,无几何
南沙61路短线,鸡谷山路西,无几何
南沙61路短线,黄阁保利城,无几何
南沙61路短线,丰田汽车厂,无几何
南沙61路短线,黄阁汽车城地铁站,无几何
南沙61路短线,黄阁中学,无几何
南沙61路短线,黄阁公交总站,无几何
南沙61路短线,黄阁大道中站,无几何
南沙61路短线,黄阁镇政府站,无几何
南沙61路短线,新鸿基市场站,无几何
南沙61路短线,悦方城,无几何
花1路,人和地铁站,无几何
花1路,白蟮塘,无几何
花1路,白蟮塘北,无几何
花1路,广塘,无几何
花1路,广岭,无几何
花1路,清布墟,无几何
花1路,团结路口,无几何
花1路,南阳庄,无几何
花1路,东湖村,无几何
花1路,花山第二工业区,无几何
花1路,莲塘市场,无几何
花1路,润龙里,无几何
花1路,田美新村,无几何
花1路,宝田加油站,无几何
花1路,花都湖,无几何
花1路,金联市场,无几何
花1路,红珠路,无几何
花1路,新华中学,无几何
花1路,横潭市场,无几何
花1路,花都区人民医院,无几何
花1路,金城大厦,无几何
花1路,广州北站西广场,无几何
花1路,实验中学,无几何
花1路,龙口,无几何
花1路,东湖安置区,无几何
花1路,小布七队,无几何
花1路,西岭村,无几何
花1路,西岭村东,无几何
花81路,三水大塘中心广场,无几何
花81路,大塘镇政府,无几何
花81路,大布沙,无几何
花81路,后街牌坊,无几何
花81路,兴唐路口,无几何
花81路,鑫诺家具,无几何
花81路,平地,无几何
花81路,塘边村,无几何
花81路,天泰路,无几何
花81路,天泰路北,无几何
花81路,世环环保公司,无几何
花81路,大塘工业园,无几何
花81路,丰泽纺织,无几何
花81路,珊瑚,无几何
花81路,珊瑚里村站,无几何
花81路,罗屋村站,无几何
花81路,西边站,无几何
花81路,木广塘站,无几何
花81路,白石站,无几何
花81路,连珠,无几何
花81路,碧桂园假日半岛,无几何
花81路,田心,无几何
花81路,石坑,无几何
花81路,马岭路口,无几何
花81路,西头村,无几何
花81路,西头高速路口,无几何
花81路,盘古北路,无几何
花81路,振兴小学,无几何
花81路,永兴市场,无几何
花81路,振兴村,无几何
花81路,阳光路口(金狮大道),无几何
花81路,宝峰路口,无几何
花81路,狮诚医院站,无几何
花81路,狮岭龙头市场,无几何
花81路,狮岭大道西,无几何
花81路,合成,无几何
花81路,南航路口,无几何
花81路,御华园,无几何
花81路,狮岭大道中,无几何
花81路,海布,无几何
花81路,溢盈广场,无几何
花81路,雅宝新城,无几何
花81路,茶碑路北,无几何
花81路,秀雅学校,无几何
花81路,雅居乐锦城花园,无几何
花81路,三东大道西,无几何
花81路,大运公司,无几何
花81路,大运公寓,无几何
花81路,杨屋,无几何
花81路,建设北路中,无几何
花81路,大华市场,无几何
花81路,邝维煜中学,无几何
花81路,人爱医院(龙珠路),无几何
花81路,松园里,无几何
花81路,三华村,无几何
花81路,星光汇摩登百货,无几何
花81路,马房三街,无几何
花81路,广州北站(秀全大道),无几何
花81路,金城大厦,无几何
花81路,胡忠医院,无几何
花81路,三水大塘中心广场总站,无几何
花81路,东升,无几何
花81路,白坭小学,无几何
花81路,白坭,无几何
花81路,黄沙塘,无几何
花81路,新桥头,无几何
花81路,赤坭工业区,无几何
花81路,赤坭医院,无几何
花81路,赤坭,无几何
