线路,方向记录数,本地起讫,首班,末班,运营公司,状态分类,车来了起讫,备注
37路/南37路,2,东涌地铁站总站 ⇄ 东涌湖公交总站 / 东涌湖公交总站 ⇄ 东涌地铁站总站,07:00,20:00,创大公司,同名但站点差异大（疑似线路调整）,赤沙（广东财经大学）总站 ⇄ 东山口总站 / 东山口总站 ⇄ 赤沙（广东财经大学）总站,同名但站点差异大，疑似改线（待人工核对）
40路/南40路,2,大岗公交总站 ⇄ 新兴村委总站 / 新兴村委总站 ⇄ 大岗公交总站,06:00,18:00,广州南沙润信客运公司,同名但站点差异大（疑似线路调整）,东山（署前路）总站 ⇄ 广医附属中医院总站 / 广医附属中医院总站 ⇄ 东山（署前路）总站,同名但站点差异大，疑似改线（待人工核对）
从901路,2,从化汽车站总站 ⇄ 楼星村委 / 楼星村委 ⇄ 从化汽车站,07:30,16:00,广州从化客运公司,同名但站点差异大（疑似线路调整）,玲洲 ⇄ 楼星村委 / 楼星村委 ⇄ 玲洲,同名但站点差异大，疑似改线（待人工核对）
从902路,2,从化汽车站总站 ⇄ 横岭八队(横岭村委路口) / 横岭八队(横岭村委路口) ⇄ 从化汽车站总站,,,广州从化客运公司,同名但站点差异大（疑似线路调整）,民乐村委 ⇄ 横岭村八队（横岭村委路口） / 横岭村八队（横岭村委路口） ⇄ 民乐村委,同名但站点差异大，疑似改线（待人工核对）
从907路,2,沙迳村委 ⇄ 鳌头客运站 / 鳌头客运站 ⇄ 沙迳村委,,,公汽,同名但站点差异大（疑似线路调整）,鳌头公交总站 ⇄ 沙迳村委站 / 沙迳村委站 ⇄ 鳌头公交总站,同名但站点差异大，疑似改线（待人工核对）
从911路,2,下西村委 ⇄ 鳌头客运站 / 鳌头客运站 ⇄ 下西村委,,,,同名但站点差异大（疑似线路调整）,鳌头公交总站 ⇄ 下西村委 / 下西村委 ⇄ 鳌头公交总站,同名但站点差异大，疑似改线（待人工核对）
番155路,1,沙北村总站 ⇄ 沙北村总站,,,,同名但站点差异大（疑似线路调整）,沙北村总站 ⇄ 沙北村总站,同名但站点差异大，疑似改线（待人工核对）
番63路,1,化龙车站 ⇄ 化龙车站,,,广州第二巴士客运公司(广州第二客运公司番禺分公司),同名但站点差异大（疑似线路调整）,化龙车站 ⇄ 化龙车站,同名但站点差异大，疑似改线（待人工核对）
番92路/番92路,2,长线)旅游专线(市桥汽车站 ⇄ 莲花山车站 / 长线)旅游专线(莲花山车站 ⇄ 市桥汽车站,,,广州锦信客运公司,同名但站点差异大（疑似线路调整）,市桥汽车站总站 ⇄ 地铁石碁站 / 地铁石碁站 ⇄ 市桥汽车站总站,同名但站点差异大，疑似改线（待人工核对）
南沙K6路,2,蕉门公交总站 ⇄ 富民商务中心 / 富民商务中心 ⇄ 蕉门公交总站,05:30,20:30,广州巴士集团南沙巴士有限公司,同名但站点差异大（疑似线路调整）,蕉门公交总站 ⇄ 富民商务中心公交站（政务服务中心） / 富民商务中心公交站（政务服务中心） ⇄ 蕉门公交总站,同名但站点差异大，疑似改线（待人工核对）
增城16路,2,增城广场地铁总站 ⇄ 白水寨总站 / 白水寨总站 ⇄ 增城广场地铁总站,,,广州粤运客运公司,同名但站点差异大（疑似线路调整）,增城广场地铁总站 ⇄ 白水寨总站 / 白水寨总站 ⇄ 增城广场地铁总站,同名但站点差异大，疑似改线（待人工核对）
增城53路,2,花山村 ⇄ 西河村 / 西河村 ⇄ 花山村,07:30,16:10,广州二汽客运公司增城分公司,同名但站点差异大（疑似线路调整）,花山村 ⇄ 西河村 / 西河村 ⇄ 花山村,同名但站点差异大，疑似改线（待人工核对）
12A路环线,1,万科四季花城总站 ⇄ 万科四季花城总站,,,广州第一巴士客运公司,车来了未收录（可能停运/改名/未收录）,,车来了未收录（可能停运/改名，待人工核对）
181路,2,坑口地铁站总站 ⇄ 景泰坑总站 / 景泰坑临时总站 ⇄ 坑口地铁站总站,,,巴士集团,车来了未收录（可能停运/改名/未收录）,,车来了未收录（可能停运/改名，待人工核对）
18路,2,体育中心 ⇄ 赤沙总站 / 赤沙总站 ⇄ 体育中心,,,第一巴士,车来了未收录（可能停运/改名/未收录）,,车来了未收录（可能停运/改名，待人工核对）
19路直达快线,2,广州城市理工学院 ⇄ 百寿南路 / 百寿南路 ⇄ 广州城市理工学院,,,广州花都集团,车来了未收录（可能停运/改名/未收录）,,车来了未收录（可能停运/改名，待人工核对）
201路,2,先烈南路总站 ⇄ 犀牛角村总站 / 犀牛角村总站 ⇄ 先烈南路总站,,,广州巴士集团有限公司第二分公司一车队,车来了未收录（可能停运/改名/未收录）,,车来了未收录（可能停运/改名，待人工核对）
209路,2,坦尾总站 ⇄ 广州火车东站总站 / 广州火车东站总站 ⇄ 坦尾总站,,,巴士集团,车来了未收录（可能停运/改名/未收录）,,车来了未收录（可能停运/改名，待人工核对）
238路,2,康王路总站(上下九) ⇄ 石井潭村总站 / 石井潭村总站 ⇄ 康王路总站(上下九),,,广州第一巴士客运公司(广州新穗巴士客运公司),车来了未收录（可能停运/改名/未收录）,,车来了未收录（可能停运/改名，待人工核对）
257路,2,天河客运站总站 ⇄ 广州火车站总站 / 广州火车站总站 ⇄ 天河客运站总站,,,巴士集团,车来了未收录（可能停运/改名/未收录）,,车来了未收录（可能停运/改名，待人工核对）
285路无轨电车短线,2,云台花园总站 ⇄ 江湾桥南 / 江湾桥南 ⇄ 云台花园总站,,,,车来了未收录（可能停运/改名/未收录）,,车来了未收录（可能停运/改名，待人工核对）
303A路,2,广州南站总站 ⇄ 琶洲塔公交总站 / 琶洲塔公交总站 ⇄ 广州南站总站,,,广州番广客运公司,车来了未收录（可能停运/改名/未收录）,,车来了未收录（可能停运/改名，待人工核对）
307路/佛307路,2,榄核公交总站 ⇄ 科目二考场 / 科目二考场 ⇄ 榄核公交总站,06:30,22:00,佛山顺德顺汽客运公司,车来了未收录（可能停运/改名/未收录）,,车来了未收录（可能停运/改名，待人工核对）
310路高峰短线,2,南浦岛总站 ⇄ 地铁大石站总站 / 地铁大石总站 ⇄ 南浦岛总站,,,广州公交集团(广州番广客运公司),车来了未收录（可能停运/改名/未收录）,,车来了未收录（可能停运/改名，待人工核对）
314路,2,宝墨园总站 ⇄ 顺德客运总站 / 顺德客运总站 ⇄ 番禺宝墨园,06:30,22:00,佛山顺德鸿运客运公司,车来了未收录（可能停运/改名/未收录）,,车来了未收录（可能停运/改名，待人工核对）
328路支线,2,天鹅谷总站 ⇄ 萝岗中医院 / 萝岗中医院 ⇄ 天鹅谷总站,,,,车来了未收录（可能停运/改名/未收录）,,车来了未收录（可能停运/改名，待人工核对）
32路,2,华工大总站 ⇄ 黄石路总站 / 黄石路总站 ⇄ 华工大总站,,,广州公交集团一汽巴士客运公司,车来了未收录（可能停运/改名/未收录）,,车来了未收录（可能停运/改名，待人工核对）
332路,1,长江路总站 ⇄ 长江路总站,,,巴士集团,车来了未收录（可能停运/改名/未收录）,,车来了未收录（可能停运/改名，待人工核对）
333A路,2,天鹿湖老年人护理中心总站 ⇄ 联和总站(惠联路) / 联和总站(惠联路) ⇄ 天鹿湖老年人护理中心总站,,,广州第三巴士客运公司(广州珍宝(白马)巴士客运公司),车来了未收录（可能停运/改名/未收录）,,车来了未收录（可能停运/改名，待人工核对）
345A路,2,天河客运站总站 ⇄ 永和贤江总站 / 永和贤江总站 ⇄ 天河客运站总站,,,广州第三巴士客运公司,车来了未收录（可能停运/改名/未收录）,,车来了未收录（可能停运/改名，待人工核对）
363路,2,广州火车东站总站 ⇄ 穗港码头总站 / 穗港码头总站 ⇄ 广州火车东站总站,06:30,20:00,广州第三巴士客运公司(广州珍宝(白马)巴士客运公司),车来了未收录（可能停运/改名/未收录）,,车来了未收录（可能停运/改名，待人工核对）
374路,2,湖山国际公交总站 ⇄ 黄埔体育中心总站 / 黄埔体育中心总站 ⇄ 湖山国际公交总站,07:00,21:00,广州第三巴士客运公司,车来了未收录（可能停运/改名/未收录）,,车来了未收录（可能停运/改名，待人工核对）
390路,2,华坑生态村总站 ⇄ 科学城南部公交场总站 / 科学城南部公交场总站 ⇄ 华坑生态村总站,,,广州第三巴士(广州第三客运公司),车来了未收录（可能停运/改名/未收录）,,车来了未收录（可能停运/改名，待人工核对）
391A路,2,保利爱特城总站 ⇄ 开达路北总站 / 开达路北总站 ⇄ 保利爱特城总站,,,巴士集团,车来了未收录（可能停运/改名/未收录）,,车来了未收录（可能停运/改名，待人工核对）
396A路环线,1,永和贤江总站 ⇄ 永和贤江总站,,,广州第三巴士客运公司;广州珍宝巴士客运公司,车来了未收录（可能停运/改名/未收录）,,车来了未收录（可能停运/改名，待人工核对）
397路短线快线,2,丹水坑风景区总站 ⇄ 南岗站 / 南岗 ⇄ 丹水坑风景区总站,,,,车来了未收录（可能停运/改名/未收录）,,车来了未收录（可能停运/改名，待人工核对）
401路,1,员村同乐花园总站 ⇄ 员村同乐花园总站,07:00,21:30,广州公交集团一汽巴士客运公司,车来了未收录（可能停运/改名/未收录）,,车来了未收录（可能停运/改名，待人工核对）
406路环线,1,穗园小区总站 ⇄ 穗园小区总站,,,广州公交集团一汽巴士客运公司,车来了未收录（可能停运/改名/未收录）,,车来了未收录（可能停运/改名，待人工核对）
408A路,1,广医附属中医院总站 ⇄ 广医附属中医院总站,07:00,21:30,第一巴士,车来了未收录（可能停运/改名/未收录）,,车来了未收录（可能停运/改名，待人工核对）
420路,1,悦云路口总站 ⇄ 悦云路口总站,06:30,23:00,广州第二巴士客运公司,车来了未收录（可能停运/改名/未收录）,,车来了未收录（可能停运/改名，待人工核对）
423路环线,1,大冈村总站 ⇄ 大冈村总站,06:30,22:00,第二巴士,车来了未收录（可能停运/改名/未收录）,,车来了未收录（可能停运/改名，待人工核对）
426路环线,1,汇侨路总站 ⇄ 汇侨路总站,06:40,22:15,广州第二巴士客运公司,车来了未收录（可能停运/改名/未收录）,,车来了未收录（可能停运/改名，待人工核对）
429路循环线,1,金沙洲(涛乐街)总站 ⇄ 金沙洲(涛乐街)总站,,,广州第二巴士客运公司,车来了未收录（可能停运/改名/未收录）,,车来了未收录（可能停运/改名，待人工核对）
42路,1,白沙总站 ⇄ 白沙(中海金沙湾)总站,,,广州公交集团一汽巴士客运公司,车来了未收录（可能停运/改名/未收录）,,车来了未收录（可能停运/改名，待人工核对）
445路环线,1,健康港总站 ⇄ 健康港总站,,,巴士集团,车来了未收录（可能停运/改名/未收录）,,车来了未收录（可能停运/改名，待人工核对）
448路,2,奥林匹克体育中心总站 ⇄ 科林路总站 / 科林路总站 ⇄ 奥林匹克体育中心总站,,,巴士集团,车来了未收录（可能停运/改名/未收录）,,车来了未收录（可能停运/改名，待人工核对）
453路环线,1,鹿鸣山总站 ⇄ 鹿鸣山总站,,,巴士集团,车来了未收录（可能停运/改名/未收录）,,车来了未收录（可能停运/改名，待人工核对）
453A路,1,沿河路总站 ⇄ 沿河路总站,,,巴士集团,车来了未收录（可能停运/改名/未收录）,,车来了未收录（可能停运/改名，待人工核对）
454路环线,1,富力悦禧花园总站 ⇄ 富力悦禧花园总站,07:00,21:00,广州第一巴士客运公司(广州电车客运公司),车来了未收录（可能停运/改名/未收录）,,车来了未收录（可能停运/改名，待人工核对）
456路环线,1,九龙镇政府总站 ⇄ 九龙镇政府总站,07:00,21:00,,车来了未收录（可能停运/改名/未收录）,,车来了未收录（可能停运/改名，待人工核对）
459路,2,地铁大沙地站总站 ⇄ 火村东总站 / 火村东总站 ⇄ 地铁大沙地站总站,06:45,22:00,巴士集团,车来了未收录（可能停运/改名/未收录）,,车来了未收录（可能停运/改名，待人工核对）
462路,2,侨诚花园总站 ⇄ 逸景西路总站 / 逸景西路总站 ⇄ 侨诚花园总站,,,第一巴士,车来了未收录（可能停运/改名/未收录）,,车来了未收录（可能停运/改名，待人工核对）
463路,1,大塘西总站(敦和) ⇄ 大塘西总站(敦和),,,广州第一巴士客运公司(广州公交集团一汽巴士客运公司),车来了未收录（可能停运/改名/未收录）,,车来了未收录（可能停运/改名，待人工核对）
470路,1,机场路总站 ⇄ 机场路总站,,,广州第二巴士客运公司,车来了未收录（可能停运/改名/未收录）,,车来了未收录（可能停运/改名，待人工核对）
471路,2,石湖镇东路总站 ⇄ 草庄村总站 / 草庄村总站 ⇄ 石湖镇东路总站,,,广州第二巴士客运公司,车来了未收录（可能停运/改名/未收录）,,车来了未收录（可能停运/改名，待人工核对）
474路,2,江高总站(夏荷路) ⇄ 长岗村总站 / 长岗村总站 ⇄ 江高总站(夏荷路),06:30,21:30,广州第二巴士客运公司,车来了未收录（可能停运/改名/未收录）,,车来了未收录（可能停运/改名，待人工核对）
481路环线,1,广州大学总站 ⇄ 广州大学总站,,,广州公交集团一汽巴士客运公司,车来了未收录（可能停运/改名/未收录）,,车来了未收录（可能停运/改名，待人工核对）
484路西胜街循环线,1,西胜街总站 ⇄ 西胜街总站,,,广州第一巴士客运公司,车来了未收录（可能停运/改名/未收录）,,车来了未收录（可能停运/改名，待人工核对）
527路机电班车,2,机电技工学校总站 ⇄ 石溪总站 / 石溪总站 ⇄ 机电技工学校总站,,,广州第二巴士客运公司,车来了未收录（可能停运/改名/未收录）,,车来了未收录（可能停运/改名，待人工核对）
551路,2,广州火车东站总站 ⇄ 海珠客运站 / 海珠客运站总站 ⇄ 广州火车东站总站,06:30,22:30,广州第二巴士客运公司,车来了未收录（可能停运/改名/未收录）,,车来了未收录（可能停运/改名，待人工核对）
579路,2,中海誉城总站 ⇄ 南岗万达广场总站 / 南岗万达广场总站 ⇄ 中海誉城总站,,,广州第一巴士客运公司(广州电车客运公司),车来了未收录（可能停运/改名/未收录）,,车来了未收录（可能停运/改名，待人工核对）
57路,2,二沙岛西总站 ⇄ 滘口客运站总站 / 滘口客运站总站 ⇄ 二沙岛西总站,,,广州公交集团一汽巴士客运公司,车来了未收录（可能停运/改名/未收录）,,车来了未收录（可能停运/改名，待人工核对）
62路,2,兴民路总站 ⇄ 西湾路总站 / 西湾路总站 ⇄ 兴民路总站,,,广州第一巴士客运公司(广州公交集团一汽巴士客运公司),车来了未收录（可能停运/改名/未收录）,,车来了未收录（可能停运/改名，待人工核对）
651路,1,云城南二路总站 ⇄ 云城南二路总站,,,广州第二巴士客运公司,车来了未收录（可能停运/改名/未收录）,,车来了未收录（可能停运/改名，待人工核对）
653路,1,地铁沙贝站总站 ⇄ 地铁沙贝站总站,,,广州第二巴士客运公司,车来了未收录（可能停运/改名/未收录）,,车来了未收录（可能停运/改名，待人工核对）
655A线,2,三达路跨线桥首末站 ⇄ 大塘汽车客运站 / 大塘汽车客运站 ⇄ 三达路跨线桥首末站,,,佛山市公共交通管理有限公司三水分公司,车来了未收录（可能停运/改名/未收录）,,车来了未收录（可能停运/改名，待人工核对）
655B路,2,三达路跨线桥首末站 ⇄ 鑫诺家具 / 鑫诺家具 ⇄ 三达路跨线桥首末站,,,佛山三水客运公司,车来了未收录（可能停运/改名/未收录）,,车来了未收录（可能停运/改名，待人工核对）
656路,2,地铁嘉禾望岗站总站 ⇄ 龙归城(地铁夏良站)总站 / 龙归城总站 ⇄ 地铁嘉禾望岗站总站,,,广州第二巴士客运公司,车来了未收录（可能停运/改名/未收录）,,车来了未收录（可能停运/改名，待人工核对）
658A路,1,金沙洲(涛乐街)总站 ⇄ 金沙洲(涛乐街)总站,,,广州第二巴士客运公司,车来了未收录（可能停运/改名/未收录）,,车来了未收录（可能停运/改名，待人工核对）
658B路,1,金沙洲(涛乐街)总站 ⇄ 金沙洲(涛乐街)总站,,,广州第二巴士客运公司,车来了未收录（可能停运/改名/未收录）,,车来了未收录（可能停运/改名，待人工核对）
660路环线,1,广外总站 ⇄ 广外总站,,,,车来了未收录（可能停运/改名/未收录）,,车来了未收录（可能停运/改名，待人工核对）
666路,1,黄边北路总站 ⇄ 黄边北路总站,06:00,22:00,广州第二巴士客运公司(广州溢通巴士客运公司),车来了未收录（可能停运/改名/未收录）,,车来了未收录（可能停运/改名，待人工核对）
667路,1,地铁江夏站总站 ⇄ 地铁江夏站总站,,,广州第二巴士客运公司(广州溢通巴士客运公司),车来了未收录（可能停运/改名/未收录）,,车来了未收录（可能停运/改名，待人工核对）
706路早间短线,1,雅神路口 ⇄ 东山广场总站,,,,车来了未收录（可能停运/改名/未收录）,,车来了未收录（可能停运/改名，待人工核对）
711路,2,嘉禾望岗总站 ⇄ 推广汽车总站 / 推广汽车站总站 ⇄ 嘉禾望岗总站,,,广州公交集团(广州花都恒通客运公司),车来了未收录（可能停运/改名/未收录）,,车来了未收录（可能停运/改名，待人工核对）
729路,1,地铁西村站总站 ⇄ 地铁西村站总站,,,巴士集团,车来了未收录（可能停运/改名/未收录）,,车来了未收录（可能停运/改名，待人工核对）
731路环线,1,西湾路总站 ⇄ 西湾路总站,,,巴士集团,车来了未收录（可能停运/改名/未收录）,,车来了未收录（可能停运/改名，待人工核对）
736路,2,石湖总站 ⇄ 地铁龙归站总站 / 龙归地铁站总站 ⇄ 石湖总站,07:00,21:30,广州第二巴士客运公司,车来了未收录（可能停运/改名/未收录）,,车来了未收录（可能停运/改名，待人工核对）
752路,1,地铁飞翔公园站总站 ⇄ 地铁飞翔公园站总站,,,巴士集团,车来了未收录（可能停运/改名/未收录）,,车来了未收录（可能停运/改名，待人工核对）
756路,2,唐阁南总站 ⇄ 嘉禾望岗总站 / 嘉禾望岗总站 ⇄ 唐阁南总站,,,巴士集团,车来了未收录（可能停运/改名/未收录）,,车来了未收录（可能停运/改名，待人工核对）
759路环线,1,南悦花苑总站 ⇄ 南悦花苑总站,,,巴士集团,车来了未收录（可能停运/改名/未收录）,,车来了未收录（可能停运/改名，待人工核对）
766路环线,1,沥滘路西总站 ⇄ 沥滘路西总站,06:30,22:00,广州第一巴士客运公司(广州电车客运公司),车来了未收录（可能停运/改名/未收录）,,车来了未收录（可能停运/改名，待人工核对）
786路,2,大塘西总站(敦和) ⇄ 江晓路口总站 / 江晓路口总站 ⇄ 大塘西总站(敦和),06:30,21:00,巴士集团,车来了未收录（可能停运/改名/未收录）,,车来了未收录（可能停运/改名，待人工核对）
788路,2,万博中心总站 ⇄ 海珠客运站总站 / 海珠客运站总站 ⇄ 万博中心总站,06:30,21:00,广州公交集团一汽巴士客运公司,车来了未收录（可能停运/改名/未收录）,,车来了未收录（可能停运/改名，待人工核对）
790路,2,后海村总站 ⇄ 星汇金沙二期总站 / 星汇金沙二期总站 ⇄ 后海村总站,,,广州第二巴士客运公司第二分公司,车来了未收录（可能停运/改名/未收录）,,车来了未收录（可能停运/改名，待人工核对）
792路环线,1,南湖半岛花园总站 ⇄ 南湖半岛花园总站,,,广州第二巴士客运公司,车来了未收录（可能停运/改名/未收录）,,车来了未收录（可能停运/改名，待人工核对）
792A路,1,沙太货运站总站 ⇄ 沙太货运站总站,,,广州第二巴士客运公司,车来了未收录（可能停运/改名/未收录）,,车来了未收录（可能停运/改名，待人工核对）
801路,2,体育中心总站 ⇄ 大学城科学中心总站 / 大学城科学中心总站 ⇄ 体育中心总站,,,巴士集团,车来了未收录（可能停运/改名/未收录）,,车来了未收录（可能停运/改名，待人工核对）
803路,2,广州火车站总站 ⇄ 永泰集贤路总站 / 永泰集贤路总站 ⇄ 广州火车站总站,,,广州第二巴士客运公司,车来了未收录（可能停运/改名/未收录）,,车来了未收录（可能停运/改名，待人工核对）
825路,2,江高总站(大松岗) ⇄ 广州佐航花都雅瑶恒通汽车站总站 / 雅瑶公交总站 ⇄ 江高总站,,,广州第二巴士客运公司,车来了未收录（可能停运/改名/未收录）,,车来了未收录（可能停运/改名，待人工核对）
839路,2,广州白云站公交总站 ⇄ 芳和花园总站 / 芳和花园总站 ⇄ 广州白云站公交总站,06:00,22:00,广州第三巴士客运公司(广州珍宝(白马)巴士客运公司),车来了未收录（可能停运/改名/未收录）,,车来了未收录（可能停运/改名，待人工核对）
884路,3,天健创意园总站 ⇄ 天健创意园总站 / 天健创意园总站 ⇄ 广州火车东站总站 / 广州火车东站总站 ⇄ 天健创意园总站,,,,车来了未收录（可能停运/改名/未收录）,,车来了未收录（可能停运/改名，待人工核对）
885路,1,白沙总站 ⇄ 白沙总站,06:15,22:00,广州第二巴士客运公司,车来了未收录（可能停运/改名/未收录）,,车来了未收录（可能停运/改名，待人工核对）
960路,1,地铁沥滘站总站 ⇄ 地铁沥滘站总站,06:30,22:30,巴士集团,车来了未收录（可能停运/改名/未收录）,,车来了未收录（可能停运/改名，待人工核对）
967路,1,怡乐路总站 ⇄ 怡乐路总站,,,巴士集团,车来了未收录（可能停运/改名/未收录）,,车来了未收录（可能停运/改名，待人工核对）
980路环线,1,汇侨新城总站 ⇄ 汇侨新城总站,,,广州第二巴士客运公司,车来了未收录（可能停运/改名/未收录）,,车来了未收录（可能停运/改名，待人工核对）
989路,1,太古仓路总站 ⇄ 太古仓路总站,07:00,21:00,广州第一巴士客运公司,车来了未收录（可能停运/改名/未收录）,,车来了未收录（可能停运/改名，待人工核对）
991路,1,地铁沥滘站总站 ⇄ 地铁沥滘站总站,07:00,22:30,巴士集团,车来了未收录（可能停运/改名/未收录）,,车来了未收录（可能停运/改名，待人工核对）
992路,1,地铁江泰路站总站 ⇄ 地铁江泰路站总站,07:00,21:00,巴士集团,车来了未收录（可能停运/改名/未收录）,,车来了未收录（可能停运/改名，待人工核对）
997路,2,大学城总站 ⇄ 海珠客运站总站 / 海珠客运站总站 ⇄ 大学城总站,,,巴士集团,车来了未收录（可能停运/改名/未收录）,,车来了未收录（可能停运/改名，待人工核对）
便民巴士4号线,2,黎园酒家 ⇄ 龙溪地铁C出口 / 龙溪地铁C出口 ⇄ 东石牌坊,,,,车来了未收录（可能停运/改名/未收录）,,车来了未收录（可能停运/改名，待人工核对）
从19路密石班车,2,从化汽车站总站 ⇄ 密石村委总站 / 密石村委总站 ⇄ 从化汽车站总站,08:45,08:45,广州从化客运公司,车来了未收录（可能停运/改名/未收录）,,车来了未收录（可能停运/改名，待人工核对）
从1路东线,2,凤凰村委总站 ⇄ 南医大五附院 / 南医大五附院 ⇄ 凤凰村委总站,07:00,20:30,,车来了未收录（可能停运/改名/未收录）,,车来了未收录（可能停运/改名，待人工核对）
从1路西线,2,从化汽车站 ⇄ 明珠大道北(健朗医用) / 明珠大道北(健朗医用) ⇄ 从化汽车站,06:15,18:15,公汽,车来了未收录（可能停运/改名/未收录）,,车来了未收录（可能停运/改名，待人工核对）
从21路长线,2,地铁东风站 ⇄ 珠江学院(东北门) / 珠江学院(东北门) ⇄ 地铁东风站,06:00,21:20,广州顺途客运公司,车来了未收录（可能停运/改名/未收录）,,车来了未收录（可能停运/改名，待人工核对）
从3路夜班,2,从化汽车站总站 ⇄ 从化职校 / 从化职校 ⇄ 从化汽车站总站,20:45,22:00,广州顺途客运公司,车来了未收录（可能停运/改名/未收录）,,车来了未收录（可能停运/改名，待人工核对）
从5路长线,2,图书馆总站 ⇄ 广东工贸职业技术学院站 / 广东工贸职业技术学院 ⇄ 图书馆总站,,,顺途公司,车来了未收录（可能停运/改名/未收录）,,车来了未收录（可能停运/改名，待人工核对）
从6路支线,2,从化汽车站总站 ⇄ 田心围 / 田心围 ⇄ 从化汽车站总站,,,,车来了未收录（可能停运/改名/未收录）,,车来了未收录（可能停运/改名，待人工核对）
从702路,2,中大南方学院总站 ⇄ 乌石村 / 乌石村 ⇄ 中大南方学院总站,,,中旅,车来了未收录（可能停运/改名/未收录）,,车来了未收录（可能停运/改名，待人工核对）
从801路,1,地铁太平站 ⇄ 地铁太平站,07:30,19:00,广州顺途客运公司,车来了未收录（可能停运/改名/未收录）,,车来了未收录（可能停运/改名，待人工核对）
从化13路,2,保利时代)(从化汽车站总站 ⇄ 白水寨总站 / 保利时代)(白水寨总站 ⇄ 从化汽车站总站,,,广州公交,车来了未收录（可能停运/改名/未收录）,,车来了未收录（可能停运/改名，待人工核对）
从化921路,2,地铁东风站 ⇄ 花林湖畔总站 / 花林湖畔总站 ⇄ 地铁东风站,,,,车来了未收录（可能停运/改名/未收录）,,车来了未收录（可能停运/改名，待人工核对）
从化922路,2,地铁东风站 ⇄ 民乐村委总站 / 民乐村委总站 ⇄ 地铁东风站,,,,车来了未收录（可能停运/改名/未收录）,,车来了未收录（可能停运/改名，待人工核对）
大学城班线4,1,集贤苑教师新村总站 ⇄ 大学城(广大)总站,,,,车来了未收录（可能停运/改名/未收录）,,车来了未收录（可能停运/改名，待人工核对）
大学城专线1路,2,大学城广大总站 ⇄ 广外总站 / 广外总站 ⇄ 大学城广大总站,,,巴士集团,车来了未收录（可能停运/改名/未收录）,,车来了未收录（可能停运/改名，待人工核对）
大学城专线2路,2,华工大总站 ⇄ 大学城广中医总站 / 大学城广中医总站 ⇄ 华工大总站,,,巴士集团,车来了未收录（可能停运/改名/未收录）,,车来了未收录（可能停运/改名，待人工核对）
大学城专线3路,2,大学城中部枢纽总站 ⇄ 广东药学院总站 / 广东药学院总站 ⇄ 大学城总站(中部枢纽),,,巴士集团,车来了未收录（可能停运/改名/未收录）,,车来了未收录（可能停运/改名，待人工核对）
大学城专线4路,2,大学城广大总站 ⇄ 天平架总站 / 天平架总站 ⇄ 大学城(广大)总站,07:00,22:00,巴士集团,车来了未收录（可能停运/改名/未收录）,,车来了未收录（可能停运/改名，待人工核对）
地铁接驳10A线,2,奥园城市天地总站 ⇄ 雄峰商城总站 / 雄峰商城总站 ⇄ 奥园城市天地总站,,,广州第二巴士客运公司(广州番广客运公司),车来了未收录（可能停运/改名/未收录）,,车来了未收录（可能停运/改名，待人工核对）
番109B路,2,奥园城市天地总站 ⇄ 宜家家居 / 宜家家居 ⇄ 奥园城市天地总站,,,广州锦信客运公司,车来了未收录（可能停运/改名/未收录）,,车来了未收录（可能停运/改名，待人工核对）
番125路高峰直达短线,2,地铁汉溪长隆D站 ⇄ 碧桂东苑 / 碧桂东苑 ⇄ 地铁汉溪长隆A站,,,,车来了未收录（可能停运/改名/未收录）,,车来了未收录（可能停运/改名，待人工核对）
番133路高峰短线,2,地铁新造站 ⇄ 山海连城 / 山海连城 ⇄ 地铁新造站,,,,车来了未收录（可能停运/改名/未收录）,,车来了未收录（可能停运/改名，待人工核对）
番141路,2,市桥汽车站 ⇄ 江南路站 / 江南路站 ⇄ 市桥汽车站,,,广州第一巴士客运公司(广州创大汽车客运公司),车来了未收录（可能停运/改名/未收录）,,车来了未收录（可能停运/改名，待人工核对）
番162B路高峰快线,2,地铁海傍站总站 ⇄ 广铁一中天峰中学站 / 广铁一中天峰中学 ⇄ 亚运城天荟临时站,,,,车来了未收录（可能停运/改名/未收录）,,车来了未收录（可能停运/改名，待人工核对）
番163B路,2,奥园城市天地总站 ⇄ 广地花园站 / 广地花园站 ⇄ 奥园城市天地总站,,,创大巴士,车来了未收录（可能停运/改名/未收录）,,车来了未收录（可能停运/改名，待人工核对）
番17路长线,2,南村中学 ⇄ 洛溪南浦总站 / 洛溪南浦总站 ⇄ 南村中学,,,番禺公汽,车来了未收录（可能停运/改名/未收录）,,车来了未收录（可能停运/改名，待人工核对）
番186路,2,华工国际校区公交总站 ⇄ 地铁南浦站总站 / 地铁南浦站 ⇄ 华工国际校区公交总站,,,广州第一巴士客运公司(广州公交集团一汽巴士客运公司),车来了未收录（可能停运/改名/未收录）,,车来了未收录（可能停运/改名，待人工核对）
番22B路,2,北海村总站 ⇄ 旧水坑总站 / 旧水坑总站 ⇄ 北海村总站,,,广州第二巴士客运公司(广州番禺客运公司),车来了未收录（可能停运/改名/未收录）,,车来了未收录（可能停运/改名，待人工核对）
番25路,2,洛溪南浦总站 ⇄ 雄峰商城总站 / 雄峰商城总站 ⇄ 洛溪南浦总站,,,广州第二巴士客运公司(广州番禺客运公司),车来了未收录（可能停运/改名/未收录）,,车来了未收录（可能停运/改名，待人工核对）
番28B路,2,前锋总站 ⇄ 大刀沙村尾 / 大刀沙村尾 ⇄ 前锋总站,,,,车来了未收录（可能停运/改名/未收录）,,车来了未收录（可能停运/改名，待人工核对）
番28B路快线,1,大刀沙村尾 ⇄ 前锋总站,,,,车来了未收录（可能停运/改名/未收录）,,车来了未收录（可能停运/改名，待人工核对）
番56路,2,地铁厦滘站 ⇄ 广州雅居乐总站 / 广州雅居乐总站 ⇄ 地铁厦滘站,,,广州第二巴士客运公司(广州番广客运公司),车来了未收录（可能停运/改名/未收录）,,车来了未收录（可能停运/改名，待人工核对）
番5路,2,大罗村(市广路) ⇄ 太石工业区总站 / 太石工业区总站 ⇄ 大罗村(市广路)站,,,广州番禺客运公司,车来了未收录（可能停运/改名/未收录）,,车来了未收录（可能停运/改名，待人工核对）
番5路长线,2,大罗村(市广路) ⇄ 太石村委 / 太石工业区总站 ⇄ 大罗村(市广路),06:30,22:00,,车来了未收录（可能停运/改名/未收录）,,车来了未收录（可能停运/改名，待人工核对）
番77路高峰快线,2,地铁新造站 ⇄ 汽车小镇总站 / 汽车小镇总站 ⇄ 地铁新造站,,,,车来了未收录（可能停运/改名/未收录）,,车来了未收录（可能停运/改名，待人工核对）
番86路,2,华南新城临时公交总站 ⇄ 金山谷花园总站 / 金山谷花园总站 ⇄ 华南新城临时公交总站,,,广州番广客运公司,车来了未收录（可能停运/改名/未收录）,,车来了未收录（可能停运/改名，待人工核对）
番86路高峰直达短线,1,富豪山庄总站 ⇄ 富豪山庄总站,,,,车来了未收录（可能停运/改名/未收录）,,车来了未收录（可能停运/改名，待人工核对）
番96路,2,大石中学总站 ⇄ 市桥汽车站 / 市桥汽车站 ⇄ 大石中学总站,07:10,20:45,广州锦信客运公司,车来了未收录（可能停运/改名/未收录）,,车来了未收录（可能停运/改名，待人工核对）
番9路长线,2,碧桂东苑 ⇄ 雅居乐总站 / 雅居乐总站 ⇄ 碧桂东苑,06:15,22:30,广州番禺客运公司,车来了未收录（可能停运/改名/未收录）,,车来了未收录（可能停运/改名，待人工核对）
番微公交7路,1,广州市档案馆南总站 ⇄ 广州市档案馆南总站,,,广州第三巴士客运公司,车来了未收录（可能停运/改名/未收录）,,车来了未收录（可能停运/改名，待人工核对）
番微公交8线,1,广医二院总站(番禺院区) ⇄ 广医二院总站(番禺院区),,,,车来了未收录（可能停运/改名/未收录）,,车来了未收录（可能停运/改名，待人工核对）
番夜1路,2,地铁低涌站 ⇄ 金龙财富广场(东行) / 金龙财富广场(东行) ⇄ 地铁低涌站,,,广州市番广客运有限公司,车来了未收录（可能停运/改名/未收录）,,车来了未收录（可能停运/改名，待人工核对）
番夜2路,2,周山岗总站 ⇄ 地铁大石站总站 / 地铁大石站总站 ⇄ 地铁陈头岗总站,,,广州市一汽巴士有限公司番禺分公司,车来了未收录（可能停运/改名/未收录）,,车来了未收录（可能停运/改名，待人工核对）
番夜3路,2,地铁石碁站 ⇄ 尚上名筑 / 尚上名筑 ⇄ 地铁石碁站,,,广州锦信公交有限公司,车来了未收录（可能停运/改名/未收录）,,车来了未收录（可能停运/改名，待人工核对）
番夜4路,1,地铁海傍站 ⇄ 地铁海傍站,,,广州创大公交有限公司,车来了未收录（可能停运/改名/未收录）,,车来了未收录（可能停运/改名，待人工核对）
番禺85路,2,地铁新造站 ⇄ 广州医科大学 / 广州医科大学 ⇄ 地铁新造站,07:00,21:50,,车来了未收录（可能停运/改名/未收录）,,车来了未收录（可能停运/改名，待人工核对）
佛244路,2,官窑车站 ⇄ 芳村客运站 / 芳村客运站总站 ⇄ 官窑车站,06:10,22:30,佛山南海佛广客运公司,车来了未收录（可能停运/改名/未收录）,,车来了未收录（可能停运/改名，待人工核对）
佛244B路,2,官窑车站 ⇄ 芳村大道西总站 / 芳村大道西总站 ⇄ 官窑车站,06:00,22:30,佛山南海佛广客运公司,车来了未收录（可能停运/改名/未收录）,,车来了未收录（可能停运/改名，待人工核对）
佛275路,2,狮山大学城总站 ⇄ 芳村客运站总站 / 芳村客运站总站 ⇄ 狮山大学城总站,06:30,20:00,佛山南海佛广客运公司,车来了未收录（可能停运/改名/未收录）,,车来了未收录（可能停运/改名，待人工核对）
佛278路,2,狮山海逸桃源花园 ⇄ 芳村客运站总站 / 芳村客运站 ⇄ 狮山海逸桃源花园,06:30,20:00,佛山南海佛广客运公司,车来了未收录（可能停运/改名/未收录）,,车来了未收录（可能停运/改名，待人工核对）
佛314路,2,周六)(宝墨园总站 ⇄ 顺德客运总站 / 周六)(顺德客运总站 ⇄ 宝墨园总站,,,佛山顺德鸿运客运公司,车来了未收录（可能停运/改名/未收录）,,车来了未收录（可能停运/改名，待人工核对）
佛349路,2,北滘公园 ⇄ 番禺宝墨园 / 宝墨园 ⇄ 北滘公园,06:30,21:00,佛山顺德鸿运客运公司,车来了未收录（可能停运/改名/未收录）,,车来了未收录（可能停运/改名，待人工核对）
佛里07路,1,三骏市场 ⇄ 里水汽车客运站,06:30,22:30,佛广公交集团,车来了未收录（可能停运/改名/未收录）,,车来了未收录（可能停运/改名，待人工核对）
佛里07B路,2,和桂工业园A区 ⇄ 广州金沙洲 / 广州金沙洲 ⇄ 和桂工业园A区,06:30,19:30,佛山南海佛广客运公司,车来了未收录（可能停运/改名/未收录）,,车来了未收录（可能停运/改名，待人工核对）
佛沥12高峰线,2,十里尚堤西苑 ⇄ 芳村大道西站 / 芳村大道西站 ⇄ 十里尚堤西苑,,,佛山恒通客运公司,车来了未收录（可能停运/改名/未收录）,,车来了未收录（可能停运/改名，待人工核对）
佛沥18路,2,中海金沙里 ⇄ 沙海村 / 沙海村 ⇄ 中海金沙里,06:30,19:30,佛山南海佛广客运公司,车来了未收录（可能停运/改名/未收录）,,车来了未收录（可能停运/改名，待人工核对）
高峰快线21路,2,天河客运站总站 ⇄ 广州火车站总站 / 广州火车站总站 ⇄ 天河客运站总站,,,巴士集团,车来了未收录（可能停运/改名/未收录）,,车来了未收录（可能停运/改名，待人工核对）
高峰快线24路,2,广州火车东站总站 ⇄ 港湾一村 / 港湾一村 ⇄ 广州火车东站总站,,,广州第三巴士客运公司(广州珍宝(白马)巴士客运公司),车来了未收录（可能停运/改名/未收录）,,车来了未收录（可能停运/改名，待人工核对）
高峰快线35路,2,上涌 ⇄ 天平架总站 / 天平架总站 ⇄ 上涌,,,广州公交集团一汽巴士客运公司,车来了未收录（可能停运/改名/未收录）,,车来了未收录（可能停运/改名，待人工核对）
高峰快线80路,1,中科院化学所总站 ⇄ 罗冲围总站(松南路),,,广州公交集团一汽巴士客运公司,车来了未收录（可能停运/改名/未收录）,,车来了未收录（可能停运/改名，待人工核对）
高速专线2路,2,地铁高增站总站 ⇄ 机场路总站 / 机场路总站 ⇄ 地铁高增站总站,,,广州第二巴士客运公司,车来了未收录（可能停运/改名/未收录）,,车来了未收录（可能停运/改名，待人工核对）
公交地铁接驳专线4路,2,沙溪大道东总站 ⇄ 海龙湾总站 / 海龙湾总站 ⇄ 沙溪大道东总站,,,一巴番禺分公司,车来了未收录（可能停运/改名/未收录）,,车来了未收录（可能停运/改名，待人工核对）
公交地铁接驳专线5路,2,海龙湾总站 ⇄ 富山路 / 番禺区第二人民医院总站 ⇄ 海龙湾总站,06:20,22:00,广州公交集团一汽巴士客运公司,车来了未收录（可能停运/改名/未收录）,,车来了未收录（可能停运/改名，待人工核对）
公交地铁接驳专线7路,1,地铁大石总站 ⇄ 地铁大石总站,,,广州公交集团一汽巴士客运公司,车来了未收录（可能停运/改名/未收录）,,车来了未收录（可能停运/改名，待人工核对）
公交地铁接驳专线8路,2,地铁大石站总站 ⇄ 坑头村总站 / 坑头村总站 ⇄ 地铁大石总站,,,广州公交集团一汽巴士客运公司,车来了未收录（可能停运/改名/未收录）,,车来了未收录（可能停运/改名，待人工核对）
公交地铁接驳专线9路,2,奥园城市天地总站 ⇄ 广州雅居乐北苑公交首末站 / 广州雅居乐北苑公交首末站 ⇄ 奥园城市天地总站,,,广州第二巴士客运公司(广州番广客运公司),车来了未收录（可能停运/改名/未收录）,,车来了未收录（可能停运/改名，待人工核对）
莞609路,2,东莞西站 ⇄ 新沙地铁站 / 新沙地铁站 ⇄ 东莞西站,,,东莞水乡新城公交客运公司,车来了未收录（可能停运/改名/未收录）,,车来了未收录（可能停运/改名，待人工核对）
莞616路,2,富民路 ⇄ 黄埔新港 / 黄埔新港 ⇄ 富民路,,,东莞水乡新城公交客运公司,车来了未收录（可能停运/改名/未收录）,,车来了未收录（可能停运/改名，待人工核对）
莞618路,2,东莞西站 ⇄ 黄埔新港站 / 黄埔新港站 ⇄ 东莞西站,,,东莞水乡新城公交客运公司,车来了未收录（可能停运/改名/未收录）,,车来了未收录（可能停运/改名，待人工核对）
莞619路,1,城际麻涌站 ⇄ 城际麻涌站,,,东莞水乡新城公交客运公司,车来了未收录（可能停运/改名/未收录）,,车来了未收录（可能停运/改名，待人工核对）
莞76路,2,唐洪枢纽站 ⇄ 二汽石滩客运站 / 石滩汽车站 ⇄ 唐洪枢纽站,,,东莞城巴客运公司,车来了未收录（可能停运/改名/未收录）,,车来了未收录（可能停运/改名，待人工核对）
莞86路,2,东城体育公园停场 ⇄ 黄埔新港 / 黄埔新港站 ⇄ 东城体育公园停场,06:30,20:00,城巴运输,车来了未收录（可能停运/改名/未收录）,,车来了未收录（可能停运/改名，待人工核对）
莞G7路,2,新塘站公交总站 ⇄ 汽车东站 / 汽车东站 ⇄ 新塘站公交总站,,,东莞城巴客运公司,车来了未收录（可能停运/改名/未收录）,,车来了未收录（可能停运/改名，待人工核对）
广275路出场短线,1,花地大道(海南村)站 ⇄ 平洲总站,05:40,06:20,,车来了未收录（可能停运/改名/未收录）,,车来了未收录（可能停运/改名，待人工核对）
广281路,2,广卫路总站 ⇄ 绿地香树花城总站 / 绿地香树花园总站 ⇄ 广卫路总站,06:15,22:00,巴士集团,车来了未收录（可能停运/改名/未收录）,,车来了未收录（可能停运/改名，待人工核对）
广州-肇庆,2,广州芳村汽车客运站 ⇄ 肇庆长途站 / 滘口地铁站 ⇄ 肇庆体育中心西门,07:05,20:10,肇庆公交公司,车来了未收录（可能停运/改名/未收录）,,车来了未收录（可能停运/改名，待人工核对）
广州塔1号线,2,唯品会总部大厦 ⇄ 广州塔地铁站A口 / 广州塔地铁站A口站点 ⇄ 唯品会总部大厦,,,,车来了未收录（可能停运/改名/未收录）,,车来了未收录（可能停运/改名，待人工核对）
海龙便民巴士,1,龙溪地铁C出口 ⇄ 西浦联谊会,,,,车来了未收录（可能停运/改名/未收录）,,车来了未收录（可能停运/改名，待人工核对）
鹤龙2线,1,时代玫瑰园二期 ⇄ 时代玫瑰园二期,07:00,23:00,综合广州新穗巴士有限公司,车来了未收录（可能停运/改名/未收录）,,车来了未收录（可能停运/改名，待人工核对）
鹤龙4线,1,黄边地铁站B口 ⇄ 彭西祠堂,,,,车来了未收录（可能停运/改名/未收录）,,车来了未收录（可能停运/改名，待人工核对）
花103路,2,广州工商学院 ⇄ 田美上庄 / 田美上庄 ⇄ 广州工商学院(花都),,,花都公汽,车来了未收录（可能停运/改名/未收录）,,车来了未收录（可能停运/改名，待人工核对）
花105路,2,花都儿童公园总站 ⇄ 青少宫 / 花都区青少宫 ⇄ 花都儿童公园,07:30,19:00,,车来了未收录（可能停运/改名/未收录）,,车来了未收录（可能停运/改名，待人工核对）
花106路,2,站前路公交总站 ⇄ 邝家庄东 / 邝家庄东 ⇄ 站前路公交总站,07:00,18:30,,车来了未收录（可能停运/改名/未收录）,,车来了未收录（可能停运/改名，待人工核对）
花109路,1,融创公交总站 ⇄ 胡忠儿童医院,16:30,18:30,,车来了未收录（可能停运/改名/未收录）,,车来了未收录（可能停运/改名，待人工核对）
花10路,2,城东停车场总站 ⇄ 广州城市理工学院 / 广州城市理工学院 ⇄ 城东停车场总站,,,广州花都集团,车来了未收录（可能停运/改名/未收录）,,车来了未收录（可能停运/改名，待人工核对）
花112路,2,毕村 ⇄ 荔红路总站 / 荔红路总站 ⇄ 毕村,07:20,18:20,,车来了未收录（可能停运/改名/未收录）,,车来了未收录（可能停运/改名，待人工核对）
花115路,2,站前路公交总站 ⇄ 赤坭 / 赤坭 ⇄ 站前路公交总站,07:00,19:00,,车来了未收录（可能停运/改名/未收录）,,车来了未收录（可能停运/改名，待人工核对）
花15B路,2,塱头村 ⇄ 飞鹅岭地铁口总站 / 飞鹅岭地铁总站 ⇄ 塱头村,,,,车来了未收录（可能停运/改名/未收录）,,车来了未收录（可能停运/改名，待人工核对）
花17路联民村,2,梯面联民村 ⇄ 站前路公交总站 / 站前路公交总站 ⇄ 梯面联民村,,,广州花都集团,车来了未收录（可能停运/改名/未收录）,,车来了未收录（可能停运/改名，待人工核对）
花17路王子山班车,2,王子山公园总站 ⇄ 紫霞山庄 / 紫霞山庄 ⇄ 王子山公园总站,,,广州花都集团,车来了未收录（可能停运/改名/未收录）,,车来了未收录（可能停运/改名，待人工核对）
花17路A,2,机场南13号门 ⇄ 民安村站2 / 民安村站2 ⇄ 机场南13号门,,,广州花都集团,车来了未收录（可能停运/改名/未收录）,,车来了未收录（可能停运/改名，待人工核对）
花17路C,2,东方村总站 ⇄ 狮民村总站 / 狮民村总站 ⇄ 东方村总站,,,广州花都集团,车来了未收录（可能停运/改名/未收录）,,车来了未收录（可能停运/改名，待人工核对）
花21路夜班,2,东莞村总站 ⇄ 和兴步行街 / 和兴步行街 ⇄ 东莞村总站,18:00,21:30,广州花都集团,车来了未收录（可能停运/改名/未收录）,,车来了未收录（可能停运/改名，待人工核对）
花2B路,2,义山村总站 ⇄ 飞鹅岭地铁口 / 飞鹅岭地铁口 ⇄ 义山村总站,07:00,21:30,广州市花都公共汽车有限公司,车来了未收录（可能停运/改名/未收录）,,车来了未收录（可能停运/改名，待人工核对）
花2C路,2,民航学院总站 ⇄ 飞鹅岭地铁总站 / 飞鹅岭地铁总站 ⇄ 民航学院总站,07:30,19:30,,车来了未收录（可能停运/改名/未收录）,,车来了未收录（可能停运/改名，待人工核对）
花68路白坭班车,2,兴仁汽车站 ⇄ 新雅街道办站 / 新雅街道办站 ⇄ 兴仁汽车站,,,广州公交集团(广州花都恒通客运公司),车来了未收录（可能停运/改名/未收录）,,车来了未收录（可能停运/改名，待人工核对）
花6路,2,广州北站西广场 ⇄ 融创公交总站 / 融创公交总站 ⇄ 广州北站西广场,,,广州花都集团,车来了未收录（可能停运/改名/未收录）,,车来了未收录（可能停运/改名，待人工核对）
花75路,2,新雅街道办站 ⇄ 珠宝小镇总站 / 珠宝小镇总站 ⇄ 新雅街道办,06:30,20:00,花都恒通,车来了未收录（可能停运/改名/未收录）,,车来了未收录（可能停运/改名，待人工核对）
花75A路,2,华师附中总站 ⇄ 新雅街道办 / 新雅街道办 ⇄ 华师附中总站,07:00,21:30,广州公交集团(广州花都恒通客运公司),车来了未收录（可能停运/改名/未收录）,,车来了未收录（可能停运/改名，待人工核对）
花76路,2,广州城市理工学院 ⇄ 新雅街道办 / 新雅街道办 ⇄ 广州城市理工学院,06:30,20:00,广州公交集团(广州花都恒通客运公司),车来了未收录（可能停运/改名/未收录）,,车来了未收录（可能停运/改名，待人工核对）
花89路,2,广清城际狮岭站 ⇄ 金碧御水山庄总站 / 金碧御水山庄总站 ⇄ 广清城际狮岭站,07:10,20:30,广州富都客运公司,车来了未收录（可能停运/改名/未收录）,,车来了未收录（可能停运/改名，待人工核对）
花都111路,2,新雅街道办站 ⇄ 清塘地铁站 / 清塘地铁站 ⇄ 新雅街道办站,,,广州市花都公共汽车有限公司五车队,车来了未收录（可能停运/改名/未收录）,,车来了未收录（可能停运/改名，待人工核对）
花都113路,2,田美上庄 ⇄ 皮革城站 / 皮革城站 ⇄ 田美上庄,08:00,17:30,广州市花都公共汽车有限公司,车来了未收录（可能停运/改名/未收录）,,车来了未收录（可能停运/改名，待人工核对）
花都116路,2,永利路西 ⇄ 联乡路总站 / 联乡路总站 ⇄ 永利路西,07:30,19:00,,车来了未收录（可能停运/改名/未收录）,,车来了未收录（可能停运/改名，待人工核对）
机场快线7号C线,2,南沙K3路)(南沙蕉门公交总站 ⇄ 白云机场T1航站楼 / 南沙K3路)(白云机场T2航站楼 ⇄ 蕉门公交总站,,,,车来了未收录（可能停运/改名/未收录）,,车来了未收录（可能停运/改名，待人工核对）
机场快线7A线,1,番禺宾馆 ⇄ 白云机场T1航站楼,,,广州安迅保诚巴士客运公司,车来了未收录（可能停运/改名/未收录）,,车来了未收录（可能停运/改名，待人工核对）
机场快线7B线,2,白云机场T2航站楼 ⇄ 祈福新邨 / 祈福新邨 ⇄ 白云机场T1航站楼,07:30,21:00,广州安迅保诚巴士客运公司,车来了未收录（可能停运/改名/未收录）,,车来了未收录（可能停运/改名，待人工核对）
嘉禾望岗地铁站便民车3线,1,地铁嘉禾望岗站总站 ⇄ 地铁嘉禾望岗站总站,06:30,22:30,一汽巴士,车来了未收录（可能停运/改名/未收录）,,车来了未收录（可能停运/改名，待人工核对）
节假日公交专线7路,2,天河客运站总站 ⇄ 穗丰村(兴太三路)总站 / 穗丰村(兴太三路)总站 ⇄ 天河客运站总站,,,广州第三巴士(广州第三客运公司),车来了未收录（可能停运/改名/未收录）,,车来了未收录（可能停运/改名，待人工核对）
金沙洲2号线,1,地铁浔峰岗站总站 ⇄ 地铁浔峰岗站总站,,,,车来了未收录（可能停运/改名/未收录）,,车来了未收录（可能停运/改名，待人工核对）
京溪2线,1,谷裕市场 ⇄ 京溪南方医院,07:00,22:00,,车来了未收录（可能停运/改名/未收录）,,车来了未收录（可能停运/改名，待人工核对）
九王庙临时接驳线内环,1,黄山鲁东门站 ⇄ 黄山鲁东门站,,,广州南沙客运公司,车来了未收录（可能停运/改名/未收录）,,车来了未收录（可能停运/改名，待人工核对）
九王庙临时接驳线外环,1,黄山鲁东门站 ⇄ 黄山鲁东门站,,,南沙巴士客运公司,车来了未收录（可能停运/改名/未收录）,,车来了未收录（可能停运/改名，待人工核对）
空港2路公交短线,1,华成路公园站 ⇄ 人和华成路公园站(总站),,,空港快线运输有限公司,车来了未收录（可能停运/改名/未收录）,,车来了未收录（可能停运/改名，待人工核对）
空港快线2号线,1,经新市墟)(白云机场T2航站楼 ⇄ 华师大厦酒店,,,,车来了未收录（可能停运/改名/未收录）,,车来了未收录（可能停运/改名，待人工核对）
空港快线2号线夜班,1,白云机场T2西客运站 ⇄ 师大暨大站,,,广州白云国际机场客运公司,车来了未收录（可能停运/改名/未收录）,,车来了未收录（可能停运/改名，待人工核对）
空港快线2线,1,白云机场T2航站楼 ⇄ 师大暨大,,,广州白云国际机场客运公司,车来了未收录（可能停运/改名/未收录）,,车来了未收录（可能停运/改名，待人工核对）
空港快线3线,1,白云机场T2航站楼 ⇄ 珀丽酒店,,,广州白云国际机场客运公司,车来了未收录（可能停运/改名/未收录）,,车来了未收录（可能停运/改名，待人工核对）
沥12B路,2,九龙涌公交场 ⇄ 芳村大道西站 / 芳村大道西站 ⇄ 九龙涌公交场,06:30,19:30,佛广公交集团,车来了未收录（可能停运/改名/未收录）,,车来了未收录（可能停运/改名，待人工核对）
沥17B路,2,珑耀华府 ⇄ 芳村客运站 / 芳村客运站 ⇄ 珑耀华府,06:20,21:50,佛广公汽,车来了未收录（可能停运/改名/未收录）,,车来了未收录（可能停运/改名，待人工核对）
沥17B路区间,2,盐步老龙公园 ⇄ 芳村客运站 / 芳村客运站 ⇄ 盐步老龙公园,07:00,18:00,,车来了未收录（可能停运/改名/未收录）,,车来了未收录（可能停运/改名，待人工核对）
联和街便民02环线,1,峰湖御境总站 ⇄ 峰湖御境总站,,,,车来了未收录（可能停运/改名/未收录）,,车来了未收录（可能停运/改名，待人工核对）
龙归3线,2,短线)(嘉梦工业园总站 ⇄ 龙归地铁站总站(B出口) / 短线)(龙归地铁站总站(B出口) ⇄ 嘉梦工业园总站,,,,车来了未收录（可能停运/改名/未收录）,,车来了未收录（可能停运/改名，待人工核对）
旅游专线1路,2,增城广场地铁总站 ⇄ 白水寨总站 / 白水寨总站 ⇄ 增城广场地铁总站,09:00,16:30,,车来了未收录（可能停运/改名/未收录）,,车来了未收录（可能停运/改名，待人工核对）
帽峰山旅游专线1线,2,太和地铁站A口 ⇄ 帽峰山森林公园 / 帽峰山森林公园 ⇄ 太和地铁站A口,,,,车来了未收录（可能停运/改名/未收录）,,车来了未收录（可能停运/改名，待人工核对）
南10路,1,新兴村委总站 ⇄ 地铁万顷沙站,07:00,21:00,广州巴士集团南沙巴士有限公司,车来了未收录（可能停运/改名/未收录）,,车来了未收录（可能停运/改名，待人工核对）
南14路,2,横沥地铁站公交总站 ⇄ 香港科技大学(广州)站 / 香港科技大学(广州)站 ⇄ 横沥地铁站公交总站,,,广州巴士集团南沙巴士有限公司,车来了未收录（可能停运/改名/未收录）,,车来了未收录（可能停运/改名，待人工核对）
南17路,2,地铁横沥站 ⇄ 新兴村站 / 新兴村站 ⇄ 地铁横沥站,07:00,19:00,广州巴士集团南沙巴士有限公司,车来了未收录（可能停运/改名/未收录）,,车来了未收录（可能停运/改名，待人工核对）
南1路B,2,广州船坞总站 ⇄ 海力花园站 / 海力花园站 ⇄ 广州船坞总站,,,广州巴士集团南沙巴士有限公司,车来了未收录（可能停运/改名/未收录）,,车来了未收录（可能停运/改名，待人工核对）
南21路,2,广州船坞总站 ⇄ 新垦总站 / 新垦总站 ⇄ 广州船坞总站,06:30,21:00,广州巴士集团南沙巴士有限公司,车来了未收录（可能停运/改名/未收录）,,车来了未收录（可能停运/改名，待人工核对）
南22路,2,地铁东涌站 ⇄ 庆盛枢纽公交总站 / 庆盛枢纽公交总站 ⇄ 地铁东涌站,,,广州巴士集团南沙巴士有限公司,车来了未收录（可能停运/改名/未收录）,,车来了未收录（可能停运/改名，待人工核对）
南25路,2,万顷沙公交总站 ⇄ 十九涌站 / 十九涌站 ⇄ 万顷沙公交站,06:00,22:00,广州巴士集团南沙巴士有限公司,车来了未收录（可能停运/改名/未收录）,,车来了未收录（可能停运/改名，待人工核对）
南27路,2,广州南沙国际物流中心站 ⇄ 蕉门公交总站 / 蕉门公交总站 ⇄ 广州南沙国际物流中心,,,广州巴士集团南沙巴士有限公司,车来了未收录（可能停运/改名/未收录）,,车来了未收录（可能停运/改名，待人工核对）
南28路,2,冯马一村总站 ⇄ 水牛头渡口总站 / 水牛头渡口总站 ⇄ 冯马一村总站,,,广州巴士集团南沙巴士有限公司,车来了未收录（可能停运/改名/未收录）,,车来了未收录（可能停运/改名，待人工核对）
南30路,2,嘉安花园站 ⇄ 红港村站 / 红港村站 ⇄ 嘉安花园站,,,广州巴士集团南沙巴士有限公司,车来了未收录（可能停运/改名/未收录）,,车来了未收录（可能停运/改名，待人工核对）
南34路,2,东涌湖公交总站 ⇄ 珠江电厂站 / 珠江电厂站 ⇄ 东涌湖公交总站,06:35,22:00,广州巴士集团南沙巴士有限公司,车来了未收录（可能停运/改名/未收录）,,车来了未收录（可能停运/改名，待人工核对）
南35路,1,东涌地铁站 ⇄ 东涌地铁站,,,广州巴士集团南沙巴士有限公司,车来了未收录（可能停运/改名/未收录）,,车来了未收录（可能停运/改名，待人工核对）
南36路,2,东涌湖公交总站 ⇄ 西樵幼儿园总站 / 西樵幼儿园站 ⇄ 东涌湖公交总站,06:00,19:00,广州巴士集团南沙巴士有限公司,车来了未收录（可能停运/改名/未收录）,,车来了未收录（可能停运/改名，待人工核对）
南39路,2,万顷沙总站 ⇄ 大岗公交总站 / 大岗公交总站 ⇄ 万顷沙总站,06:30,22:30,广州南沙润信客运公司,车来了未收录（可能停运/改名/未收录）,,车来了未收录（可能停运/改名，待人工核对）
南41路,2,榄核公交总站 ⇄ 甘岗村委站 / 甘岗村委站 ⇄ 榄核公交总站,,,广州南沙润信客运公司,车来了未收录（可能停运/改名/未收录）,,车来了未收录（可能停运/改名，待人工核对）
南42路,2,南顺二村尾总站 ⇄ 大岗公交总站 / 大岗公交总站 ⇄ 南顺二村尾站,08:00,19:00,广州南沙润信客运公司,车来了未收录（可能停运/改名/未收录）,,车来了未收录（可能停运/改名，待人工核对）
南43路,2,张松村站 ⇄ 榄核公交总站 / 榄核公交总站 ⇄ 镇泰厂站,07:15,18:45,广州南沙润信客运公司,车来了未收录（可能停运/改名/未收录）,,车来了未收录（可能停运/改名，待人工核对）
南44路,2,创信鞋厂站 ⇄ 榄核公交总站 / 榄核公交总站 ⇄ 创信鞋厂站,07:30,18:30,广州南沙润信客运公司,车来了未收录（可能停运/改名/未收录）,,车来了未收录（可能停运/改名，待人工核对）
南45路,2,大岗公交总站 ⇄ 榄核公交总站 / 榄核公交总站 ⇄ 大岗公交总站,06:00,19:00,广州南沙润信客运公司,车来了未收录（可能停运/改名/未收录）,,车来了未收录（可能停运/改名，待人工核对）
南46路,2,大岗公交总站 ⇄ 新联五路(云生四路口)临时站 / 新联五路(云生四路口)临时站 ⇄ 大岗公交总站,05:45,18:00,广州南沙润信客运公司,车来了未收录（可能停运/改名/未收录）,,车来了未收录（可能停运/改名，待人工核对）
南47路,2,大岗公交总站 ⇄ 新围八队总站 / 新围八队总站 ⇄ 大岗公交总站,07:00,18:00,广州南沙润信客运公司,车来了未收录（可能停运/改名/未收录）,,车来了未收录（可能停运/改名，待人工核对）
南48路,3,大岗公交总站 ⇄ 高铁庆盛站 / 庆盛枢纽公交总站 ⇄ 大岗公交总站 / 高铁庆盛总站 ⇄ 大岗公交总站,05:50,21:30,广州南沙润信客运公司,车来了未收录（可能停运/改名/未收录）,,车来了未收录（可能停运/改名，待人工核对）
南50路,2,励业染厂站 ⇄ 鱼窝头二中站 / 鱼窝头二中站 ⇄ 励业染厂站,07:50,19:10,创大公司,车来了未收录（可能停运/改名/未收录）,,车来了未收录（可能停运/改名，待人工核对）
南51路,2,万洲水闸站 ⇄ 马克村站 / 马克村总站 ⇄ 万洲水闸总站,07:15,18:00,创大公司,车来了未收录（可能停运/改名/未收录）,,车来了未收录（可能停运/改名，待人工核对）
南52路,2,东涌湖公交总站 ⇄ 鱼窝头二中站 / 鱼窝头二中站 ⇄ 东涌湖公交总站,06:30,18:00,广州创大客运公司南沙分公司;广州南沙润信客运公司,车来了未收录（可能停运/改名/未收录）,,车来了未收录（可能停运/改名，待人工核对）
南53路,2,南沙儿童公园站 ⇄ 南沙湾总站 / 南沙湾总站 ⇄ 南沙儿童公园总站,,,广州南沙经济技术开发区蒲州客运公司,车来了未收录（可能停运/改名/未收录）,,车来了未收录（可能停运/改名，待人工核对）
南55路,2,新兴村委总站 ⇄ 高铁庆盛站1 / 高铁庆盛站 ⇄ 新兴村委总站,,,广州南沙润信客运公司,车来了未收录（可能停运/改名/未收录）,,车来了未收录（可能停运/改名，待人工核对）
南56路,2,聚豪新村站 ⇄ 蕉门公交总站 / 蕉门公交总站 ⇄ 聚豪新村站,06:00,21:00,广州南沙润信客运公司,车来了未收录（可能停运/改名/未收录）,,车来了未收录（可能停运/改名，待人工核对）
南57路,2,庆盛枢纽公交总站 ⇄ 马克村总站 / 马克村总站 ⇄ 庆盛枢纽公交总站,07:00,18:00,广州南沙润信客运公司,车来了未收录（可能停运/改名/未收录）,,车来了未收录（可能停运/改名，待人工核对）
南59路,2,潭洲车站 ⇄ 翡翠蓝湾社区站 / 翡翠蓝湾社区站 ⇄ 潭洲车站,07:00,18:15,广州南沙润信客运公司,车来了未收录（可能停运/改名/未收录）,,车来了未收录（可能停运/改名，待人工核对）
南60路,2,北斗渡口站1 ⇄ 榄核公交总站 / 榄核公交总站 ⇄ 北斗渡口站1,,,广州南沙润信客运公司,车来了未收录（可能停运/改名/未收录）,,车来了未收录（可能停运/改名，待人工核对）
南61路,2,万科海上明月站 ⇄ 黄山鲁西门总站 / 黄山鲁西门总站 ⇄ 万科海上明月总站,,,广州南沙润信客运公司,车来了未收录（可能停运/改名/未收录）,,车来了未收录（可能停运/改名，待人工核对）
南64路快线,2,直达)(广州南站总站 ⇄ 蕉门公交总站 / 直达)(蕉门公交总站 ⇄ 广州南站公交总站,07:15,20:45,广州公交集团二汽南沙客运分公司,车来了未收录（可能停运/改名/未收录）,,车来了未收录（可能停运/改名，待人工核对）
南68路快线,2,市桥汽车站 ⇄ 榄核公交总站 / 榄核公交总站 ⇄ 番禺市桥汽车站总站,07:30,20:00,广州南沙润信客运公司,车来了未收录（可能停运/改名/未收录）,,车来了未收录（可能停运/改名，待人工核对）
南沙19路,2,南沙中心医院西门站 ⇄ 南沙湾总站 / 南沙湾总站 ⇄ 南沙中心医院西门站,,,,车来了未收录（可能停运/改名/未收录）,,车来了未收录（可能停运/改名，待人工核对）
南沙23路A线,1,地铁横沥站 ⇄ 地铁横沥站,,,,车来了未收录（可能停运/改名/未收录）,,车来了未收录（可能停运/改名，待人工核对）
南沙2路支线,1,出口加工区站 ⇄ 出口加工区站,,,,车来了未收录（可能停运/改名/未收录）,,车来了未收录（可能停运/改名，待人工核对）
南沙31路A线,1,蕉门公交总站 ⇄ 蕉门公交总站,,,广州巴士集团南沙巴士有限公司,车来了未收录（可能停运/改名/未收录）,,车来了未收录（可能停运/改名，待人工核对）
南沙31路B线,1,蕉门公交总站 ⇄ 蕉门公交总站,,,广州巴士集团南沙巴士有限公司,车来了未收录（可能停运/改名/未收录）,,车来了未收录（可能停运/改名，待人工核对）
南沙40路短线,2,大岗公交总站 ⇄ 新沙村站(东) / 新沙村站(东) ⇄ 大岗公交总站,,,润信公司,车来了未收录（可能停运/改名/未收录）,,车来了未收录（可能停运/改名，待人工核对）
南沙63路A线,1,南沙儿童公园总站 ⇄ 南沙儿童公园总站,06:20,21:20,广州南沙润信客运公司,车来了未收录（可能停运/改名/未收录）,,车来了未收录（可能停运/改名，待人工核对）
南沙63路B线,1,南沙儿童公园总站 ⇄ 南沙儿童公园总站,06:20,21:20,广州南沙润信客运公司,车来了未收录（可能停运/改名/未收录）,,车来了未收录（可能停运/改名，待人工核对）
南沙70路,2,市桥汽车站 ⇄ 蕉门公交总站 / 蕉门公交总站 ⇄ 市桥汽车站,06:30,20:30,广州南沙润信客运公司,车来了未收录（可能停运/改名/未收录）,,车来了未收录（可能停运/改名，待人工核对）
南沙9路缸瓦沙线,2,万顷沙总站 ⇄ 团结围总站 / 团结围总站 ⇄ 万顷沙总站,05:20,20:30,,车来了未收录（可能停运/改名/未收录）,,车来了未收录（可能停运/改名，待人工核对）
南沙9路团结围线,2,万顷沙总站 ⇄ 团结围总站 / 团结围总站 ⇄ 万顷沙总站,05:30,20:30,广州巴士集团南沙巴士有限公司,车来了未收录（可能停运/改名/未收录）,,车来了未收录（可能停运/改名，待人工核对）
南沙K2路,2,芳村西塱总站 ⇄ 蕉门公交总站 / 蕉门公交总站 ⇄ 芳村西塱总站,,,广州巴士集团南沙巴士有限公司,车来了未收录（可能停运/改名/未收录）,,车来了未收录（可能停运/改名，待人工核对）
南沙W1路支线,2,区政务服务中心站(西) ⇄ 蕉门地铁总站 / 蕉门地铁总站 ⇄ 区政务服务中心站(西),07:00,20:00,,车来了未收录（可能停运/改名/未收录）,,车来了未收录（可能停运/改名，待人工核对）
南夜1路,2,万科海上明月 ⇄ 黄阁地铁站 / 黄阁地铁站 ⇄ 万科海上明月,22:40,23:59,润信公司,车来了未收录（可能停运/改名/未收录）,,车来了未收录（可能停运/改名，待人工核对）
南夜4路,2,地铁广隆站 ⇄ 金洲地铁站 / 金洲地铁站 ⇄ 地铁广隆站,23:00,00:20,,车来了未收录（可能停运/改名/未收录）,,车来了未收录（可能停运/改名，待人工核对）
南夜5路,2,地铁南沙客运港站 ⇄ 时代南湾站 / 时代南湾站 ⇄ 地铁南沙客运港站,23:00,00:30,,车来了未收录（可能停运/改名/未收录）,,车来了未收录（可能停运/改名，待人工核对）
南夜6路,2,南沙奥园站 ⇄ 金岭南路口 / 金岭南路口 ⇄ 南沙奥园站,22:30,00:30,,车来了未收录（可能停运/改名/未收录）,,车来了未收录（可能停运/改名，待人工核对）
商务专线4路,2,平洲玉器街总站 ⇄ 德星路总站 / 德星路总站 ⇄ 平洲玉器街总站,07:00,20:00,广州第一巴士客运公司(广州电车客运公司),车来了未收录（可能停运/改名/未收录）,,车来了未收录（可能停运/改名，待人工核对）
穗东街便民车01线,2,地铁夏园站总站 ⇄ 联东U谷总站 / 联东U谷总站 ⇄ 地铁夏园站总站,,,,车来了未收录（可能停运/改名/未收录）,,车来了未收录（可能停运/改名，待人工核对）
太和1线便民车专线,1,珊景步行街(和乐路) ⇄ 珊景步行街,06:50,21:15,,车来了未收录（可能停运/改名/未收录）,,车来了未收录（可能停运/改名，待人工核对）
同成社区公交接驳专线,2,地铁龙溪站 ⇄ 宝石东路 / 宝石东路 ⇄ 地铁龙溪站,06:20,23:10,,车来了未收录（可能停运/改名/未收录）,,车来了未收录（可能停运/改名，待人工核对）
同成社区接驳专线,2,地铁龙溪站 ⇄ 宝石东路 / 宝石东路 ⇄ 地铁龙溪站,06:00,22:50,佛山南海佛广客运公司,车来了未收录（可能停运/改名/未收录）,,车来了未收录（可能停运/改名，待人工核对）
文冲1号线便民车,1,中国软件CBD站 ⇄ 中国软件CBD站,,,,车来了未收录（可能停运/改名/未收录）,,车来了未收录（可能停运/改名，待人工核对）
新龙镇-03线,1,西电广研院总站 ⇄ 西电广研院总站,,,,车来了未收录（可能停运/改名/未收录）,,车来了未收录（可能停运/改名，待人工核对）
新龙镇02线上午,1,中泰规划一纵路总站 ⇄ 中泰规划一纵路总站,06:20,09:30,,车来了未收录（可能停运/改名/未收录）,,车来了未收录（可能停运/改名，待人工核对）
新龙镇02线下午,1,中泰规划一纵路总站 ⇄ 中泰规划一纵路总站,16:30,20:30,,车来了未收录（可能停运/改名/未收录）,,车来了未收录（可能停运/改名，待人工核对）
新塘万达1路,1,珠江创业中心 ⇄ 丰泰城市公馆,07:35,20:00,广州粤运客运公司,车来了未收录（可能停运/改名/未收录）,,车来了未收录（可能停运/改名，待人工核对）
夜103路,2,地铁江泰路站总站 ⇄ 穗盐路总站 / 穗盐路总站 ⇄ 地铁江泰路站总站,22:30,00:00,巴士集团,车来了未收录（可能停运/改名/未收录）,,车来了未收录（可能停运/改名，待人工核对）
夜112路,2,地铁沙贝站总站 ⇄ 沙凤一路西总站 / 沙凤一路西总站 ⇄ 地铁沙贝站总站,22:30,00:30,广州第二巴士客运公司,车来了未收录（可能停运/改名/未收录）,,车来了未收录（可能停运/改名，待人工核对）
夜116路,2,花都北兴总站 ⇄ 钟落潭(白云星汇城)总站 / 钟落潭总站 ⇄ 花都北兴总站,21:30,22:30,广州花都恒通客运公司,车来了未收录（可能停运/改名/未收录）,,车来了未收录（可能停运/改名，待人工核对）
夜122路,2,永泰新村总站 ⇄ 白沙(中海金沙湾)总站 / 白沙(中海金沙湾)总站 ⇄ 永泰新村总站,22:40,24:00,,车来了未收录（可能停运/改名/未收录）,,车来了未收录（可能停运/改名，待人工核对）
夜127路,1,五眼桥总站 ⇄ 五眼桥总站,22:30,24:00,巴士集团,车来了未收录（可能停运/改名/未收录）,,车来了未收录（可能停运/改名，待人工核对）
夜129路,2,两龙总站 ⇄ 石马总站 / 石马总站 ⇄ 两龙总站,21:00,23:00,,车来了未收录（可能停运/改名/未收录）,,车来了未收录（可能停运/改名，待人工核对）
夜135路,1,江海街办事处总站 ⇄ 江海街办事处总站,,,,车来了未收录（可能停运/改名/未收录）,,车来了未收录（可能停运/改名，待人工核对）
夜50路,1,市国家档案馆(大学城)总站 ⇄ 市国家档案馆(大学城)总站,22:40,00:45,广州第三巴士(广州第三客运公司),车来了未收录（可能停运/改名/未收录）,,车来了未收录（可能停运/改名，待人工核对）
夜59路,1,机务段总站 ⇄ 机务段总站,,,广州巴士集团有限公司第二分公司一车队,车来了未收录（可能停运/改名/未收录）,,车来了未收录（可能停运/改名，待人工核对）
夜92路,2,人和墟总站 ⇄ 广州城电狮岭充电站总站 / 广州城电狮岭充电站总站 ⇄ 人和墟总站,,,广州花都恒通客运公司,车来了未收录（可能停运/改名/未收录）,,车来了未收录（可能停运/改名，待人工核对）
夜93路,2,大观路北总站 ⇄ 宝岗大道总站 / 宝岗大道总站 ⇄ 大观路北总站,,,广州第三巴士客运公司(广州珍宝(白马)巴士客运公司),车来了未收录（可能停运/改名/未收录）,,车来了未收录（可能停运/改名，待人工核对）
夜班136路,1,人和墟总站(万家福广场) ⇄ 人和墟总站(万家福广场),22:40,00:30,广州第二巴士客运公司,车来了未收录（可能停运/改名/未收录）,,车来了未收录（可能停运/改名，待人工核对）
永和便民01线,2,新丰路口2 ⇄ 立景创新科技总站 / 立景创新科技总站 ⇄ 新丰路口2,,,,车来了未收录（可能停运/改名/未收录）,,车来了未收录（可能停运/改名，待人工核对）
永和便民02线,2,斗塘路东 ⇄ 新丰路口2 / 新丰路口1 ⇄ 斗塘路东,,,,车来了未收录（可能停运/改名/未收录）,,车来了未收录（可能停运/改名，待人工核对）
云山红色研学巴士1号线,1,聚龙地铁站D口 ⇄ 三元里地铁站A口,,,,车来了未收录（可能停运/改名/未收录）,,车来了未收录（可能停运/改名，待人工核对）
增城20路,2,新塘汽车客运总站 ⇄ 新沙地铁站 / 新沙地铁站 ⇄ 新塘汽车客运站总站,07:20,18:20,,车来了未收录（可能停运/改名/未收录）,,车来了未收录（可能停运/改名，待人工核对）
增城29路,2,新塘大道 ⇄ 沙埔广场 / 沙埔广场 ⇄ 新塘大道,,,广州荔通客运公司,车来了未收录（可能停运/改名/未收录）,,车来了未收录（可能停运/改名，待人工核对）
增城32路内环,1,新塘汽车客运总站 ⇄ 新塘汽车客运总站,06:00,23:00,广州市增城区公共交通运输服务有限公司,车来了未收录（可能停运/改名/未收录）,,车来了未收录（可能停运/改名，待人工核对）
增城32路外环,1,新塘汽车客运总站 ⇄ 新塘汽车客运总站,06:00,22:00,广州市增城区公共交通运输服务有限公司,车来了未收录（可能停运/改名/未收录）,,车来了未收录（可能停运/改名，待人工核对）
增城42路,2,正果车站 ⇄ 派潭客运站 / 派潭客运站 ⇄ 正果车站,09:30,15:40,广州粤运客运公司,车来了未收录（可能停运/改名/未收录）,,车来了未收录（可能停运/改名，待人工核对）
增城44路,2,新塘站公交总站 ⇄ 临时站 / 站前路站 ⇄ 新塘站公交总站,,,广州粤运客运公司,车来了未收录（可能停运/改名/未收录）,,车来了未收录（可能停运/改名，待人工核对）
增城46路,2,东江逸珑湾 ⇄ 南山丰景花园 / 南山丰景花园 ⇄ 东江逸珑湾,07:10,19:30,,车来了未收录（可能停运/改名/未收录）,,车来了未收录（可能停运/改名，待人工核对）
增城65路,2,万达广场西 ⇄ 镇泰小学 / 镇泰小学 ⇄ 万达广场西,,,广州荔通客运公司,车来了未收录（可能停运/改名/未收录）,,车来了未收录（可能停运/改名，待人工核对）
增城72A路,2,正果车站 ⇄ 白面石村 / 白面石村 ⇄ 正果车站,,,,车来了未收录（可能停运/改名/未收录）,,车来了未收录（可能停运/改名，待人工核对）
增城75路,2,新塘站公交总站 ⇄ 环城路北段入口 / 环城路北段入口 ⇄ 新塘站公交总站,,,广州客运公司增城分公司,车来了未收录（可能停运/改名/未收录）,,车来了未收录（可能停运/改名，待人工核对）
增城78路,2,华商学院 ⇄ 增城广场地铁总站 / 增城广场地铁总站 ⇄ 华商学院,08:00,20:00,广州市增城区公共交通运输服务有限公司,车来了未收录（可能停运/改名/未收录）,,车来了未收录（可能停运/改名，待人工核对）
增城90路,2,仙村中学 ⇄ 沙角村委 / 沙角村委 ⇄ 仙村中学,07:10,19:20,广州市增城区公共交通运输服务有限公司,车来了未收录（可能停运/改名/未收录）,,车来了未收录（可能停运/改名，待人工核对）
增城9A路/9A路快线,2,新塘站公交总站 ⇄ 罗岗市场 / 罗岗市场 ⇄ 新塘站公交总站,,,广州粤运客运公司,车来了未收录（可能停运/改名/未收录）,,车来了未收录（可能停运/改名，待人工核对）
增夜2路,2,二汽石滩客运站 ⇄ 增城广场地铁总站 / 增城广场地铁总站 ⇄ 二汽石滩客运站,,,广州市增城区公共交通运输服务有限公司,车来了未收录（可能停运/改名/未收录）,,车来了未收录（可能停运/改名，待人工核对）
增夜4路,2,中新车站 ⇄ 新塘站公交总站 / 新塘站公交总站 ⇄ 中新车站,,,广州市增城区公共交通运输服务有限公司,车来了未收录（可能停运/改名/未收录）,,车来了未收录（可能停运/改名，待人工核对）
增夜6路,2,南山丰景花园 ⇄ 官湖地铁站 / 官湖地铁站 ⇄ 南山丰景花园,,,,车来了未收录（可能停运/改名/未收录）,,车来了未收录（可能停运/改名，待人工核对）
长途番禺宝安,1,宝安汽车站(107国道) ⇄ 番禺客运站公交站,,,,车来了未收录（可能停运/改名/未收录）,,车来了未收录（可能停运/改名，待人工核对）
长洲岛1号线,1,黄埔军校总站 ⇄ 黄埔军校总站,08:00,19:30,,车来了未收录（可能停运/改名/未收录）,,车来了未收录（可能停运/改名，待人工核对）
长洲岛2号线,2,思亭路总站 ⇄ 黄埔军校总站 / 黄埔军校总站 ⇄ 思亭路总站,08:00,18:00,,车来了未收录（可能停运/改名/未收录）,,车来了未收录（可能停运/改名，待人工核对）
B1短线快车,2,特快车)(体育中心 ⇄ 夏园站 / 特快车)(夏园站 ⇄ 体育中心,,,,车来了未收录（可能停运/改名/未收录）,,车来了未收录（可能停运/改名，待人工核对）
K201路,2,南海快线枢纽中心 ⇄ 广州南站总站 / 广州南站总站 ⇄ 南海快线枢纽中心,06:00,22:00,佛山南海佛广客运公司,车来了未收录（可能停运/改名/未收录）,,车来了未收录（可能停运/改名，待人工核对）
K981路,2,蕉门公交总站 ⇄ 陵岗 / 陵岗 ⇄ 蕉门公交总站,08:00,21:00,中山市公共交通运输集团有限公司,车来了未收录（可能停运/改名/未收录）,,车来了未收录（可能停运/改名，待人工核对）
S02路航线短线,2,中大码头 ⇄ 天字码头 / 天字码头 ⇄ 中大码头,07:00,17:00,广州公交集团客轮公司,车来了未收录（可能停运/改名/未收录）,,车来了未收录（可能停运/改名，待人工核对）
S10航线,2,长洲码头 ⇄ 鱼珠码头 / 鱼珠码头 ⇄ 长洲码头,,,广州客轮公司,车来了未收录（可能停运/改名/未收录）,,车来了未收录（可能停运/改名，待人工核对）
S11海心沙-中大航线,2,中大码头 ⇄ 海心沙码头 / 海心沙码头 ⇄ 中大码头,07:30,17:30,广州公交集团客轮有限公司,车来了未收录（可能停运/改名/未收录）,,车来了未收录（可能停运/改名，待人工核对）
S6A黄沙-芳村航线,2,白鹅潭艺术中心码头 ⇄ 黄沙码头 / 黄沙码头 ⇄ 白鹅潭艺术中心码头,06:00,22:00,广州公交集团客轮有限公司,车来了未收录（可能停运/改名/未收录）,,车来了未收录（可能停运/改名，待人工核对）
S9白蚬壳-白鹤洞航线,2,白蚬壳码头 ⇄ 白鹤洞码头 / 白鹤洞码头 ⇄ 白蚬壳码头,,,广州客轮公司,车来了未收录（可能停运/改名/未收录）,,车来了未收录（可能停运/改名，待人工核对）
