线路,类型,站点重叠,本地站数,车来了站数,本地起讫,车来了起讫
37路/南37路,起讫全变,0,9-10,15-17,东涌地铁站总站 ⇄ 东涌湖公交总站,赤沙（广东财经大学）总站 ⇄ 东山口总站
40路/南40路,起讫全变,0,32-33,32-34,大岗公交总站 ⇄ 新兴村委总站,东山（署前路）总站 ⇄ 广医附属中医院总站
980路,起讫全变,0,22-22,22-22,三角国宇豪庭站 ⇄ 黄阁公交总站,汇侨新城总站② ⇄ 汇侨新城总站②
从902路,起讫全变,8,37-39,4-4,从化汽车站总站 ⇄ 横岭八队(横岭村委路口),民乐村委 ⇄ 横岭村八队（横岭村委路口）
番108路,起讫全变,28,38-39,52-52,市桥汽车站 ⇄ 榄核公交总站,番禺体校总站 ⇄ 番禺体校总站
B14路,起讫全变,30,10-10,26-26,棠德花苑总站 ⇄ 体育中心,天坤三路总站 ⇄ 天坤三路总站
番88路,起讫全变,38,16-17,9-9,华工国际校区公交总站 ⇄ 奥园城市天地总站,华南碧桂园总站 ⇄ 华南碧桂园总站
740路,起讫全变,45,11-11,11-11,明泉街总站 ⇄ 明泉街总站,北站明泉街总站 ⇄ 北站明泉街总站
南沙K6路,起讫全变,50,2-2,2-2,富民商务中心 ⇄ 蕉门地铁站/区政府,蕉门公交总站 ⇄ 富民商务中心公交站（政务服务中心）
里07路高峰线,起讫全变,50,9-12,24-27,南海双语实验学校 ⇄ 地铁浔峰岗站,里水公交枢纽站 ⇄ 三骏市场
79路,起讫全变,52,21-23,24-24,健康港总站 ⇄ 洛溪新城总站,东沙（健康港）总站 ⇄ 东沙（健康港）总站
广974路,起讫全变,56,16-18,15-16,西华村总站 ⇄ 金沙洲码头总站,城西花园总站② ⇄ 东秀路总站
增城69路,起讫全变,57,14-17,14-14,河洞 ⇄ 邓山,河洞村 ⇄ 邓山村
582路班车,起讫全变,58,19-19,21-24,琶洲保利总站 ⇄ 起云路总站,海珠客运站总站 ⇄ 凌塘村总站
番92路/番92路,起讫全变,58,43-45,27-28,长线)旅游专线(市桥汽车站 ⇄ 莲花山车站,市桥汽车站总站 ⇄ 地铁石碁站
从4路快线,起讫全变,59,17-17,41-43,地铁东风站 ⇄ 温泉宾馆,从化汽车站总站 ⇄ 温泉明月山溪总站
从901路,一端相同,10,42-43,4-4,从化汽车站总站 ⇄ 楼星村委,玲洲 ⇄ 楼星村委
333路,一端相同,26,18-19,25-28,大观路北(大观湿地公园)总站 ⇄ 科学城南部公交场总站,永和贤江公交总站 ⇄ 大观路北（大观湿地公园）总站
659路,一端相同,27,22-23,14-14,大罗村总站 ⇄ 龙归城总站,草庄村总站 ⇄ 大罗村（省女子监狱）总站
358路,一端相同,29,24-24,19-20,湖山国际公交总站 ⇄ 黄埔低空经济创新中心总站,湖山国际总站 ⇄ 黄埔低空经济创新中心总站
花4路,一端相同,31,32-35,12-12,东方村总站 ⇄ 广州北站西广场,东方村总站 ⇄ 东环城际花山镇站
从911路,一端相同,33,9-13,5-5,下西村委 ⇄ 鳌头客运站,鳌头公交总站 ⇄ 下西村委
南沙32路,一端相同,33,36-36,13-14,大岗公交总站 ⇄ 蕉门公交总站,广大附中南沙实验学校 ⇄ 蕉门公交总站
964路,一端相同,39,38-38,20-22,地铁沥滘站总站 ⇄ 地铁沥滘站总站,地铁沥滘站总站 ⇄ 逸景翠园总站
增城26A路,一端相同,42,22-24,10-11,凤晴苑总站 ⇄ 大敦综合市场,凤晴苑总站 ⇄ 214站
旅游公交3线,一端相同,42,30-33,26-26,中成路总站 ⇄ 琶洲石基村总站,琶洲石基村（黄埔古港）总站 ⇄ 琶洲石基村（黄埔古港）总站
87路,一端相同,43,21-25,16-17,广钢新城(荔勤南路)总站 ⇄ 逸景翠园总站,润江南路总站 ⇄ 广钢新城（荔勤南路）总站
广205路,一端相同,44,25-26,22-24,康王路总站(上下九) ⇄ 白沙总站,康王路（上下九）总站 ⇄ 沙面新城总站
番93路短线,一端相同,44,18-18,45-47,莲花山车站 ⇄ 地铁海傍站,番禺中心医院总站 ⇄ 莲花山车站
393路,一端相同,45,20-21,18-18,连云路总站 ⇄ 黄埔低空经济创新中心总站,黄埔低空经济创新中心总站 ⇄ 黄埔低空经济创新中心总站
增城7路,一端相同,45,21-22,9-13,华立学院总站 ⇄ 增城广场地铁总站,增城广场地铁总站 ⇄ 华立学院总站
241路,一端相同,46,37-37,18-18,同德围总站 ⇄ 金湖雅苑总站,云台花园总站 ⇄ 金湖雅苑总站
南沙旅游1路,一端相同,46,13-14,13-13,十九涌站 ⇄ 邮轮母港公交总站,邮轮母港公交总站 ⇄ 大湾区文化体育中心公交总站
704路,一端相同,47,36-37,28-29,石马总站 ⇄ 两龙总站,人和（时代云来）总站 ⇄ 两龙总站
743路,一端相同,47,19-19,17-17,汇侨新城总站 ⇄ 百顺北路(岭南新世界)总站,百顺北路（岭南新世界）总站 ⇄ 百顺北路（岭南新世界）总站
夜47路,一端相同,47,30-33,14-15,同和总站 ⇄ 天坤三路总站,体育中心 ⇄ 同和①
从907路,一端相同,50,6-7,4-4,沙迳村委 ⇄ 鳌头客运站,鳌头公交总站 ⇄ 沙迳村委站
259路,一端相同,53,31-32,22-22,嘉禾长湴总站 ⇄ 罗冲围总站(松南路),罗冲围（松南路）总站 ⇄ 广花一路（夏花一路口）总站
701路,一端相同,53,39-40,28-30,太营路口总站 ⇄ 汇通广场总站,人和（恒充充电站）总站 ⇄ 汇通广场总站
B4B路,一端相同,53,17-20,19-19,体育中心 ⇄ 沐陂村总站,沐陂村总站 ⇄ 沐陂村总站
B6路快线,一端相同,53,30-33,21-21,同和路总站 ⇄ 汇彩路,体育中心BRT总站3 ⇄ 同和路（蓝山花园）总站
南沙1路,一端相同,55,25-29,17-18,广州船坞总站 ⇄ 蕉门公交总站,大涌公交总站 ⇄ 广州船坞总站
703路,一端相同,56,48-49,30-30,机场路总站 ⇄ 荔红路总站,广师大（白云校区）总站 ⇄ 荔红路总站
929路,一端相同,58,24-27,23-26,白云文化广场总站 ⇄ 石井大道北,三元里大道（阅云台）总站 ⇄ 石井大道北
B6路,一端相同,58,36-36,21-21,同和路总站 ⇄ 汇彩路总站,体育中心BRT总站3 ⇄ 同和路（蓝山花园）总站
320路,一端相同,59,37-37,35-36,大沙东总站 ⇄ 思蕴路总站,奥林匹克体育中心总站 ⇄ 大沙东（广州航海学院）总站
550路,一端相同,59,22-25,19-20,东圃珠村总站 ⇄ 兴民路总站,琶洲保利总站 ⇄ 东圃珠村总站
480路,起讫相同,29,24-24,13-13,北站总站 ⇄ 北站总站,北站（三元里大道）总站 ⇄ 北站（三元里大道）总站
番63路,起讫相同,40,10-10,7-7,化龙车站 ⇄ 化龙车站,化龙车站 ⇄ 化龙车站
番155路,起讫相同,50,14-14,11-11,沙北村总站 ⇄ 沙北村总站,沙北村总站 ⇄ 沙北村总站
增城53路,起讫相同,54,13-14,13-13,花山村 ⇄ 西河村,花山村 ⇄ 西河村
增城16路,起讫相同,60,44-47,50-51,增城广场地铁总站 ⇄ 白水寨总站,增城广场地铁总站 ⇄ 白水寨总站
