站点名,经停线路数
新市墟,48
中山八路,43
国防大厦,38
黄石路口,38
和平新村,37
广医,37
东风西路,36
花园酒店,36
赤岗路口,36
体育中心,35
石牌村,35
罗冲围客运站,35
中医院,34
农林东,34
冼村,34
大北路,34
敦和,34
星海公园,34
白云宾馆,34
赤岗(江海大道),34
东山口(东华北路),33
华侨医院(潭村),33
员村山顶,33
广州火车东站总站,33
广州火车站总站,33
天河,32
富力半岛花园,32
广州大道南(叠景路口),32
机场路岗贝路口(省二医民航院区),32
林和西路,32
珠影(地铁客村站),32
解放中路,32
鹭江,32
梓元岗,31
棠下(三元里大道),31
东升医院,30
人民日报广东分社,30
地铁从化客运站,30
小北,30
市少年宫,30
程界村,30
荔湾路口,30
越秀公园,30
迎宾馆,30
三元里大道中,29
员村四横路口,29
客村立交,29
海珠客运站,29
联和,29
中山纪念堂,28
保利花园(南石头),28
动物园南门,28
南方报社,28
大塘(江海大道),28
机场路,28
洛溪新城,28
解放南路,28
上涌,27
富力环市西苑(西村),27
岗顶,27
怡乐村,27
江南新村(骨伤科医院),27
白云区政务中心,27
省荣军医院(荣校),27
芳村大道西,27
豪景花园,27
越秀桥,27
鹤洞路西,27
上漖,26
上社,26
东风东路(陵园西路口),26
中山医,26
中山大学,26
中山大道东圃站,26
体育中心,26
师大暨大,26
广东工大,26
广师大,26
康乐村,26
棠溪,26
正骨医院,26
沙涌,26
石路基,26
三元里,25
三元里大道北,25
信和广场(昌岗中路),25
北站,25
大沙头游船码头,25
小北花圈,25
小坪,25
山村,25
市中医院,25
广东电视台,25
广医二院,25
广州市培英中学,25
新市,25
桂花岗,25
桥东小区,25
棠下村,25
江海大道中,25
江湾桥脚,25
花地,25
车陂,25
鹤南(兵房街),25
黄石东路(云城西路口),25
龙潭村,25
上元岗,24
中医药大学,24
中山五路,24
体育中心东门,24
华景新城,24
华海大厦,24
南方大厦,24
同和,24
大沙东,24
广州大桥北站(五羊邨),24
广州大道中,24
梅园西,24
棠东,24
江夏(黄石东路中),24
盘福路,24
石牌桥,24
西塱,24
金沙洲路,24
三滘村,23
上涌南,23
六二三路,23
凤凰新村(宝业路口),23
员村,23
地铁浔峰岗站,23
天河北路,23
市红会医院,23
广州体院,23
江湾桥南,23
沙园,23
沥滘,23
海珠区妇幼,23
交电新村,22
交通大厦,22
后滘村,22
堑口,22
宝岗大道中,22
宝岗大道北,22
杨箕村,22
桥中,22
梅花村,22
沙溪村,22
白鹤洞,22
石围塘,22
祥景花园,22
纸厂,22
西湾路,22
越秀南路,22
革新路口,22
马务,22
黄石路,22
三元里大道(桂花岗),21
上九东,21
东风东路(广东工大),21
南岗,21
南村,21
市桥汽车站西门,21
广东大厦,21
江海大道中,21
电视塔,21
蕉门公交总站,21
越秀公园北门,21
车陂路,21
钻汇广场东门,21
锦城花园,21
陈家祠,21
黄沙码头,21
黑山,21
三元里大道口,20
下芳村,20
东峻广场,20
五洲装饰城(地铁厦滘站),20
人和墟(万家福广场),20
仓边路,20
克山,20
夏茅,20
大沙西,20
大观中路(新塘大街),20
大观中路南,20
广佛路东,20
广园中路,20
广园客运站,20
执信路,20
景泰坑,20
机场立交北,20
林和中路,20
橡胶新村,20
武警医院,20
江南大道北,20
流溪河大桥,20
海印桥南,20
滨江东路,20
燕塘企业,20
琶洲大桥北,20
科学城路口,20
科韵路棠安路口,20
萝岗香雪牌坊,20
黄石东路口,20
黄花岗,20
东晓南路,19
东风中路,19
丰乐北路,19
云城南,19
人和墟(万家福广场),19
元下田,19
农讲所,19
南岗化工厂,19
南方医院,19
同德乡,19
基立下道,19
大新路口,19
天朗明居,19
天河南,19
宏威路口,19
宝岗大道南,19
小坪立交桥,19
广州体育馆,19
文德路,19
洛溪桥脚,19
洪德路,19
烈士陵园,19
科学大道口,19
科韵路,19
芳村,19
西基东,19
金沙洲大桥西,19
金贵村,19
银河园,19
黄岐城区,19
上步村,18
东区路口,18
东坑,18
东方花园,18
中山七路,18
人爱医院(龙珠路),18
从化汽车站总站,18
冶金技校,18
塘埗西,18
增城广场北,18
大同村,18
大石,18
家家乐医院,18
广州南站总站,18
江南大道中,18
涌口村牌坊,18
环市西路(广园西路口),18
琶洲大桥南,18
白云路东,18
盈翠华庭,18
礼岗,18
西场电器城,18
西湾和苑,18
邝维煜中学,18
金城大厦,18
陈田村,18
鹅掌坦,18
黄埔区少年宫,18
严田村,17
丹水坑,17
云台花园,17
五山路口,17
人民南路,17
军体院,17
南洲名苑,17
南洲路口,17
员村东,17
地铁大观南路站,17
地铁汉溪长隆G站,17
基建新村,17
大南路,17
大沙头,17
天寿路,17
太和文化广场,17
奥林匹克中心西门,17
广场西路,17
广外(白云山西门),17
广州大桥北(五羊邨),17
广花一路(夏花一路口),17
惠福路,17
文冲幸福里,17
新滘东路中,17
横滘,17
海珠广场(一德东),17
爱群大厦,17
珠江医院,17
白江地铁站,17
省军区,17
石溪,17
花地大道,17
芳村客运站,17
草暖公园,17
草河村,17
车陂公交场,17
金海岸花园,17
雕塑公园,17
黄村,17
下塘西路,16
中保人寿,16
中山六路,16
丹山桥,16
云台花园,16
五凤乡,16
人和华侨医院,16
区政府东门,16
华南碧桂园,16
华林寺,16
南大路口,16
南沙牌坊站,16
吉祥道,16
嘉禾望岗总站,16
地铁傍江站(政务服务中心),16
地铁市二宫站,16
地铁洛溪站(新浦路),16
坑口地铁站,16
塘头,16
大冲口,16
大石桥南,16
大罗村(市广路),16
天河客运站,16
天河立交,16
天河邮局,16
宏光路口,16
小新塘,16
市交校,16
广州北站(秀全大道),16
康乃馨花园,16
康王中路,16
开创大道(连云路口),16
开发大道立交东,16
德宝花园,16
新好景,16
松南街口,16
松南路口,16
民营工业园,16
汾水,16
浔峰山东路北,16
涌口村,16
濂泉路口,16
猎德,16
王圣堂,16
珠江泳场,16
琶洲,16
瑞南新村,16
瑶台,16
番禺广场,16
省妇幼,16
综合商业北区(临时站),16
荔湾路,16
西门口(中山六路),16
车陂南,16
香雪公寓(广州国际人才城),16
黄埔体育馆,16
黄埔大道,16
黄石路,16
龙口东,16
龙溪立交南(坑口牌坊),16
中大北门,15
中山图书馆,15
丹山村(桥兴大道),15
体育东路,15
何贤医院(清河东路),15
嘉洲广场,15
地铁太和站,15
地铁植物园站,15
地铁横沙站,15
地铁白云公园站,15
大东门(中山三路),15
姓钟围,15
左边村,15
师大后门,15
广佛路口(滘口客运站),15
广卫路总站,15
开创大道口,15
开发区路口,15
彩虹桥,15
惠福西,15
文明路,15
新滘中路(地铁龙潭站),15
时代广场,15
晓港新村,15
晓港湾,15
松北,15
松园里,15
柯子岭,15
棠德花苑北,15
江高,15
沙河,15
猎德东,15
省农干科干院,15
石井中学,15
花地大道中,15
芳村合兴苑,15
芳村隧道口,15
荔红中路,15
荔红二路,15
车陂路北,15
邮电大厦(清河东路),15
鹤洞新村,15
龙口西,15
龙潭村牌坊,15
万博中心,14
东华南路,14
东漖镇,14
东秀园,14
丰乐北横路口,14
保盈大道站,14
凤和庄,14
区庄立交西,14
华贵路口,14
南浦大桥南(沿沙路),14
同德围,14
增城广场西,14
夏园,14
大德路,14
大沙地,14
天河东路,14
奥体南路,14
如意三马路,14
姬堂,14
广从一路(荟贤路口),14
广园天寿路口东,14
康王北路(东风路口),14
康王南路,14
开源大道,14
德康路,14
新世纪广场,14
新滘西路口,14
新雅街道办,14
昌岗路口,14
望岗,14
林和东路,14
榕溪,14
江高路口,14
沙墟市场,14
泽德花苑,14
洛涛南区,14
流花(南部战区总医院),14
环洲三路,14
珠江广场,14
珠江村,14
电力局,14
省中医院,14
碧山村,14
礼村,14
翠竹苑,14
胡忠医院,14
花地大道北(花地湾),14
萝岗村口,14
远景路,14
里仁洞,14
金名都,14
金碧花园,14
长堤(民间金融街),14
顺欣花园,14
黄埔区儿童公园,14
黄埔区青少年宫(萝岗宫),14
黄石东,14
龙溪大道东(教师新村),14
一五七医院,13
万博翠湖花园,13
万胜围,13
万达广场,13
三华村,13
上堂,13
东怡新区,13
中医院,13
中大北门西,13
云桂村,13
体育西路,13
保利红棉花园,13
党校路口,13
农林下路,13
农科院,13
华侨城,13
华观路,13
南村医院,13
南村综合市场,13
嘉禾望岗站,13
嘉鸿花园,13
地铁棠东站,13
地铁横沥站,13
增城广场地铁总站,13
夏港,13
大转弯,13
天河软件园管委会,13
奥林匹克体育中心总站,13
富石路(群贤路口),13
富豪山庄,13
小罗村(市广路),13
岑村小学,13
岑村红花岗,13
市桥汽车站,13
广交会展馆,13
广州白云站公交总站,13
开创大道,13
开源大道(云信路口),13
德信路,13
文化公园,13
梅花园,13
植物园正门,13
永和隧道南,13
永泰路口,13
沙凤,13
洛城中学,13
洛涛居,13
洲村,13
洲村市场,13
浣花路,13
海港花园,13
清河市场,13
演艺中心北门,13
灵山岛,13
琶洲村,13
番禺大道南(东怡新区),13
白云山管理局,13
白云路总站,13
石涌口,13
科丰路(科林路口)站,13
综合商业南区,13
老干大学,13
肿瘤医院,13
节能科技园,13
草场,13
荷村,13
蕉门地铁站,13
车陂总站,13
金沙路,13
靖海路口,13
黄沙大道,13
龙美牌坊,13
万福西,12
三宝墟,12
东塱,12
东漖南路,12
云城东路(云城南三路口),12
人民北路(站南路口),12
先烈南路,12
公路局,12
冼庄立交,12
创业路,12
前进路,12
动物园,12
励业路口站,12
华观路(火炉山森林公园),12
南岸路,12
地铁市广路站,12
地铁长湴站,12
大岗公交总站,12
大沙东(黄埔海关),12
天河客运站总站,12
太成村,12
如意坊,12
射击场,12
市三宫,12
市二宫,12
市桥汽车站东门,12
广大公寓,12
广大生活区,12
广船,12
开创大道中(南方物流),12
开发区医院,12
新华市场,12
星光汇摩登百货,12
木壳岭,12
桥东,12
梅园新村,12
槎头,12
河东广场,12
海珠客运站总站,12
海珠广场(侨光东),12
滘口客运站总站,12
犀牛路口,12
珠村,12
番禺中心医院总站,12
百顺南路,12
盐步路口,12
省第二中医院,12
石岗村(亚运大道)站,12
石槎路中,12
磨碟沙,12
科甲水,12
站前路北,12
维多利广场,12
聚龙工业区,12
花地大道(海南村),12
茶漖小区,12
西门口(人民北路),12
解放南路口,12
软件路,12
边防指挥学校,12
金山谷花园,12
雅瑶医院,12
雅瑶市场,12
骏业路口,12
鸡颈坑,12
黄埔区图书馆(香雪馆),12
龙珠路东,12
万福东,11
万福路,11
东方名都,11
东漖怀宁坊,11
东漖街,11
中新地铁站,11
云山中学(龙珠路),11
人民中路,11
人民北路,11
伍仙桥,11
体育花园,11
供电局,11
元岗横路,11
光明北路,11
兴华路口,11
农校职中,11
冼村路北,11
凌塘村,11
华农大正门,11
华工大,11
华甫村,11
友谊路,11
嘉禾长湴,11
地铁太平站,11
地铁钟落潭站,11
地铁长平站,11
城西花园,11
基立村,11
大华市场,11
大岗中心小学站,11
大岗派出所,11
大江路口,11
天平架总站,11
天源路中,11
太和中路,11
太石工业区,11
崇和花园,11
市政园林局,11
平沙,11
广东药学院,11
广东软件园,11
广州体育馆南门,11
广州大道中,11
新华街道办,11
新塘公园,11
望岗大道,11
林乐路,11
永泰新村,11
永泰新村口,11
汇景大道,11
渔尾大桥东,11
燕子岗,11
猎德大道北,11
环洲三路西,11
珠江桥脚,11
琶洲塔,11
白云路,11
真光中学,11
科学院,11
科学院地化所,11
科韵路中,11
站前路中,11
绿庭雅苑,11
群星花园,11
联桂北,11
芳园路口,11
芳村西塱总站,11
荔红路,11
莲溪,11
萝坎村,11
萝岗香雪总站,11
萝峰小学,11
萝峰村口,11
西场立交,11
解放北路,11
财厅,11
起义路,11
车辆厂技校,11
金洲站,11
钟村市场,11
锦绣文化中心,11
锦绣香江,11
高普路天盈路口,11
黄埔低空经济创新中心,11
黄编牌坊,11
黄边北路,11
黄阁地铁站,11
龙归华侨医院,11
龙洞牌坊,11
龙美村(迎新路),11
万宝工业基地,10
东华西路,10
东湖路,10
丰盈路口,10
云景花园,10
云霄路,10
五山学生公寓,10
京溪路,10
京溪路口,10
从化汽车站,10
傍雁路中站,10
先烈南路口,10
光大花园,10
冼村路中,10
北山,10
华工,10
华工生活区,10
地铁小坪站,10
地铁竹料站,10
均和墟,10
塘坑村,10
塘步东,10
大松岗,10
大策,10
天字码头,10
天府路口,10
天鹅花园,10
太和总站,10
岭南学院,10
广大,10
广惠高速路口,10
广汕路(科景路口),10
广虎站,10
庆丰,10
建设北路中,10
建设南路,10
开创大道(时代天境),10
开发区管委会,10
开泰大道(东荟城),10
开泰大道(瑞和路口),10
新丰路口站(永顺大道),10
新塘汽车客运站,10
新塘站公交总站,10
新庄二路,10
新科工业区,10
新鸿花园,10
星海中学(光明北路),10
星海学院,10
柯子岭牌坊,10
棠澍小学,10
榄核公交总站,10
永泰广场,10
汇侨南路,10
江人路,10
沙湾古镇南门,10
沥滘总站,10
泮塘,10
派潭客运站,10
派潭市场,10
消防总队,10
清湖村口,10
玉树新村口,10
白云大道南(金信路口),10
穗盐路,10
羌洞站,10
花地大道南,10
茶滘路,10
草场工业区,10
荔湾湖公园西门,10
萝格路口,10
蕉门河社区服务中心站,10
西丽桥南,10
西丽路,10
西站,10
贤江西,10
赤岗塔,10
金岭南路口,10
钟村,10
钟落潭(大钟),10
钻汇广场西门,10
长兴路口,10
长岭居小学,10
长岭路,10
集贤苑教师新村,10
集贤苑路口,10
风神花园,10
高地街,10
高普路软件路口,10
鹤洞东,10
鹤龙四路(龙兴西路口),10
黄埔军校小学,10
黄边,10
龙归墟,10
龙河路口,10
105新地广场,9
七星岗路口,9
万科府前花园北门,9
万达广场西,9
三东大道西,9
东区市场,9
东圃,9
东圃石溪村,9
东平村钟屋路口,9
东平路口,9
东涌吉祥路站,9
东涌湖公交总站,9
东湾村站,9
东漖北路,9
东站汽车客运站,9
中环西路,9
二汽石滩客运站,9
云埔工业区,9
云星村,9
五羊邨,9
京广协同创新中心站,9
伟伦体校,9
体育公园,9
光明车站,9
兴南大道(南草堂),9
凤院路口,9
凰岗路口,9
利口福,9
化龙车站,9
华师附中新世界学校,9
南关,9
南华中,9
南山公园,9
南岗总站,9
南洲名苑北,9
南海神庙,9
南湖乐园,9
南湖半山,9
南田西,9
南田路,9
南草堂,9
友谊大厦,9
双岗村口,9
吉山幼儿园,9
员村二横路,9
嘉禾,9
四角围,9
地铁南沙客运港站,9
地铁新造站,9
地铁旺村站,9
地铁柯木塱站,9
地铁白云东平站,9
地铁萝岗站,9
地铁金峰站,9
地铁长寿路站,9
地铁高塘石站,9
地铁龙洞站,9
坪山,9
增城广场东(临时站),9
增槎路北,9
大元帅府,9
大塘路口,9
大沙新村东街口,9
大沙村,9
大沙村东,9
大石桥北,9
大金钟路,9
天河公交场总站,9
太和(谢家庄),9
太阳城,9
官堂万达,9
客轮船厂,9
岑村,9
岭头,9
岭头东,9
岭头新村,9
市动物卫生监督所,9
市干部健康管理中心站,9
市桥街道办,9
广州大桥底,9
广州电大麓湖校区,9
广工,9
广纸路,9
广美生活区,9
府前路南,9
建设大道中(国昌广场),9
开创大道(香雪山南),9
开发区加速器产业园区,9
心谊路,9
执信中学,9
救捞局,9
文冲(石化路南),9
斯文井,9
新世界大厦,9
新世纪广场,9
新中医院,9
新华工业区,9
新城广场,9
新塘万达广场,9
新塘供电所,9
新塘广场,9
新滘东路东,9
新聚福,9
昌利工业城站,9
昌岗西路,9
明珠新村,9
晓港中马路,9
机场路总站,9
杨屋,9
桥中中路南,9
棠东牌坊,9
棠安路(棠德西路口),9
棠德南路,9
民政局,9
永和大道中,9
永和开发区,9
永福路,9
江南西路,9
江村大桥北,9
江村大桥南,9
江燕花园(地铁江泰路站),9
沙河大街,9
沙河顶,9
沙湾南村,9
泰安花园,9
海珠桥底,9
清河中路,9
湖天货运站,9
瀛洲路口,9
火村(法雨寺),9
班岭村,9
白云山制药厂(后山宿舍),9
皮革城,9
省中医院大学城医院,9
省旅游学校,9
石井(广东兵工厂旧址)站,9
石壁路口(汉溪大道中),9
石桥新村,9
科学信息大厦,9
科学大道,9
科学大道中,9
科学大道西,9
竹仔园,9
罗冲围总站(松南路),9
老庄,9
良田路口,9
花城大道(华穗路口),9
苗圃,9
荔新路口(新塘),9
荟贤路北,9
荷景花园,9
荷棠下村,9
蔡新路口站,9
行云街,9
西华路尾,9
解放北路口,9
贤江公园站,9
赤坭,9
赤沙牌坊,9
车陂高架桥侧,9
较场西路,9
钟落潭路口,9
锦绣新天地,9
锦绣香江北门,9
长湴市场,9
长红,9
长隆野生动物园站,9
雅荷居,9
骏壹万邦,9
高塘工业区,9
麓景路,9
麦村,9
黄埔新港,9
黄村西路,9
黄阁大道中站,9
龙津中路,9
七星路口,8
三九脑科医院,8
三元里古庙,8
下渡路口,8
东堤,8
东旺市场,8
中信乐涛苑,8
中国电信,8
中大,8
中环东路,8
丰泰小区路口,8
乌石湾站,8
乐嘉路,8
二汽客运站,8
云信路,8
云信路北,8
云城东路(云城南二路口),8
云城西路中,8
云埔工业区口,8
云山诗意,8
从化五中,8
仑头立交,8
体育馆,8
元岗路(南兴花园),8
兴盛路口,8
创业路口,8
加庄,8
华商学院,8
华师,8
华贵路,8
南奥实验学校,8
南方医科大学,8
南洲北路,8
南洲路,8
南浦村,8
南湾,8
卷烟一厂,8
双岗,8
同和榕树头,8
同福中,8
同福西,8
吕田客运站总站,8
和平西,8
圆玄小学,8
地铁员岗站,8
地铁天河智慧城站,8
地铁石潭站,8
地铁石碁站,8
地铁钟村站,8
均和东,8
均禾大道中,8
增江市场,8
外语外贸大学(公开学院),8
大基头,8
大塘总站,8
大塱,8
大布路口,8
大沥城区南,8
大运公司,8
大运公寓,8
大龙居委,8
太古仓,8
奥园城市天地总站,8
官堂东,8
富庭花园,8
富怡苑,8
岗丰村,8
岗贝村,8
岭南,8
市一医院,8
广东行政职业学院,8
广中码头,8
广从路(均禾大道口),8
广外附设外语学校,8
广州外国语学校,8
广州海关车检场,8
广州白云站西广场,8
广州老年大学(九十七中学),8
广州雅居乐,8
广播电视台,8
广本厂,8
广汕一路东,8
广汕二路,8
广花五路路口,8
庙头,8
康南路口,8
开创大道(广汕路口),8
开创大道立交,8
开泰大道(科丰路口),8
开萝大道(地铁香雪站),8
张村(石潭西路),8
彩频路,8
悦顺装饰材料城,8
敏捷集团,8
文德南,8
新丰路(布岭村),8
新塘三中,8
新安路(摇田河大街口),8
新康花园,8
新滘东立交,8
新科,8
新造公园,8
新造医院,8
星之光电器城,8
柯木塱,8
槎头(西槎路),8
正果车站,8
步漖村,8
汉溪路口,8
江南大道口,8
江南路站,8
江村墟,8
汽车城地铁站(鸡谷山路),8
沙塱村,8
沙村地铁站,8
沙面新城,8
流花公园,8
燕翔路,8
狮岭大道西,8
猛涌,8
珠吉公路,8
珠村路,8
珠江中学,8
珠江中路站,8
珠江帝景苑总站,8
瑞和路北(开泰大道口),8
白云学院,8
白沙村,8
白沙湖,8
白鳝塘,8
百顺北路,8
盈丰路,8
省电校,8
知识城南总站,8
石井文化广场(石丰路),8
石基村(市南路),8
石槎路(地铁聚龙站),8
石潭西路北,8
石碁文化广场,8
石马南,8
磨碟沙路,8
神山商贸城,8
禺山大道西,8
科丰路南,8
科学大道(揽月路路口),8
站南路,8
绿色长廊,8
置业花园(1978南门),8
联星西华站,8
聚德西路口,8
育贤路口,8
花地湾地铁站,8
花都广场,8
花都广场(地铁A出口),8
芳村大道西总站,8
芳村花园北门,8
茅岗,8
草芳围,8
西坑(益民服装城),8
西苑,8
谢村,8
赤坭医院,8
赤岗路,8
车陂路口,8
陈戴巷,8
陈边村,8
雅居乐锦城花园,8
颐和山庄,8
风神厂,8
马房三街,8
高塘石东,8
黄埔港,8
黄村立交,8
黄村路口,8
黄阁中学,8
三角市,7
上坭村站,7
东城市场,7
东明二路,7
东沙,7
东涌东丫村,7
东涌中学站,7
东涌村(工业路),7
东涌镇政府站,7
中山大学附属第一(南沙)医院,7
中海广场西,7
中海誉城总站,7
中环路,7
丰乐路,7
丰岗,7
丽美酒店,7
义沙村,7
乐同村,7
九龙镇政府总站,7
云城东路北,7
云城东路南,7
云城南二路,7
云城西路(云城南四路口),7
云山诗意,7
云星村,7
亨威公司,7
今洲广场站,7
仙村路口,7
何仙姑,7
侨乐新村,7
傍雁路临时公交总站,7
光宝路口,7
光谱西路,7
光谱西路(神舟路路口),7
光谱西路中,7
公园前,7
公安车管所,7
凰岗总站,7
刘家沙,7
北京路口,7
十九路军陵园,7
华严寺,7
华南新城,7
华景北路,7
华景新城总站,7
华汇广场站,7
华沙村,7
华辉度假村,7
南区公园(福德路),7
南华工商学院,7
南华路,7
南国奥园,7
南大干线(塘埗西),7
南村,7
南沙小学站,7
南沙碧桂园站,7
南沙街道办事处站,7
南洲花园,7
南浦三桥南,7
南门,7
合成,7
吉山小学,7
吉祥路,7
同德乡(地铁同德站)站,7
员岗,7
员村二横路南,7
员村生活区(中山六院),7
和平中,7
嘉禾望岗公交枢纽站,7
圆玄道观,7
地铁东风站,7
地铁南浦站,7
地铁大涌站,7
地铁海傍站,7
地铁知识城站,7
地铁神岗站,7
地铁科韵路站,7
地铁苏元站(暹岗圣贤),7
地铁飞翔公园站,7
地铁飞翔公园站总站,7
地铁黄陂站,7
坦头村站,7
培贤路口,7
塘步西,7
增南路口,7
墩涌,7
夏花一路,7
多宝路(广医三院),7
大塘边,7
大夫山北门,7
大岗医院站,7
大淋岗村,7
大稳村,7
大观北路(广汕路口),7
大观路,7
天坤三路,7
天府路,7
天河儿童公园,7
天河公园,7
天鹿小区,7
太子广场,7
太平小学,7
太营路,7
奥园中环广场站,7
如意路,7
安顺村,7
宝岗大道总站,7
宝田加油站,7
宝盛广场,7
宣星路口(星光五金水电商场),7
小洲村口,7
山田地铁站,7
山田村,7
平安,7
广东工贸职业技术学院,7
广园西路,7
广外(白云山西门),7
广州大道南路口,7
广州本田公司,7
广州白云站东广场,7
广州碧桂园,7
广氮花园南,7
府前路中,7
开发区管委会,7
护林路中,7
捷普电子厂,7
接龙里,7
政务服务中心,7
新庄二路(新安路口),7
旗岭,7
旗岭市场,7
日发市场,7
晓港湾(盈丰路),7
杨青村,7
档案馆路(中部枢纽),7
桥中中路,7
横江,7
横沥中学,7
横沥医院,7
横沥派出所,7
横沥镇政府,7
毕村,7
毕村桥,7
水南村,7
水荫路,7
永兴村口,7
永和中队,7
永和派出所,7
汇彩路,7
江河路,7
沙浦,7
河东南路中,7
河东市场,7
河滨公园,7
沿江东路,7
泗沥,7
浔峰山东路,7
海关联检中心站,7
海力花园站,7
海幢寺,7
海涌路口(市莲路),7
温泉镇政府,7
湴湖,7
溢盈广场,7
滨海花园,7
潮汕学院,7
灵山医院站,7
牛步迳,7
玉岩路南,7
珠光御景站,7
珠江宾馆,7
珠江电厂站,7
珠江钢琴,7
瘦狗岭,7
白云农批市场,7
白沙总站,7
盐步大道北,7
省戒毒基地,7
省银行医院,7
石楼牌坊,7
石溪村口,7
祈丰路站,7
祈福水城,7
神岗中学,7
神岗墟,7
祥和路口,7
秀雅学校,7
秋鹿路,7
科学广场,7
程界西(地铁员村站),7
税务所,7
空港大道,7
空港大道中,7
童心南,7
纵一路,7
纸厂邮局,7
联和路口,7
联安,7
良口墟总站,7
花东市场,7
花城大道东,7
花山镇政府,7
花蕾路,7
茅岗路口,7
荔城街道办,7
莲花山交警中队,7
莲花山港,7
蓝田东路,7
虎榜路口,7
西宁中路,7
贤江,7
赤坭小学,7
赤坭影都,7
赤岗(江海大道),7
赤沙总站,7
赤沙路西,7
赵溪路口,7
起义路口,7
达道路,7
进港大道中站,7
金岭北路站,7
金岭南路站,7
金沙南路,7
金沙洲(涛乐街)总站,7
钟村小学,7
锦城花园总站(东风东),7
锦绣生态园,7
长兴路东,7
长岗小学,7
长岗村委,7
雅居乐(凤凰路),7
雅居蓝湾,7
顺龙厂,7
飘峰,7
马鞍山公园西门,7
鹤边,7
黄埔低空经济创新中心总站,7
黄埔体育中心总站,7
黄埔村,7
黄村康体路,7
黄边北路口,7
龙光棕榈水岸,7
龙兴西路,7
龙兴西路西,7
龙津东路,7
一德东,6
一德中,6
一德西,6
万科天景花园,6
三东小学,6
三凤村,6
三姓围站,6
东乡村,6
东乡村东,6
东乡村西,6
东兴市场,6
东区市场,6
东捷路,6
东沙大道南,6
东涌医院,6
东湖安置区,6
东湖新村,6
东福百货广场,6
东镜路口,6
东风体育公园,6
中新车站,6
中部枢纽,6
乐得花园,6
九湖村,6
二沙东,6
二沙西,6
二湾路口(大岗供电所)站,6
云港路,6
五丫口大桥东,6
交警温泉中队,6
人和华成路东,6
人和华成路中,6
傍江西村,6
光明南路,6
六榕路,6
兴业大道中,6
兴东路,6
兴泰路,6
凤院北,6
北亭村大街,6
华兴综合市场,6
华商职业学院,6
华盛南路,6
南北台站,6
南山丰景花园,6
南悦花苑,6
南悦花苑总站,6
南方医院增城分院,6
南方医院江高院区,6
南沙世贸中心大厦站,6
南沙中心医院西门站,6
南洋理工职业学院,6
南浦岛总站,6
南涌口村,6
叠翠峰西门,6
吉山新路街,6
同康路,6
同康路东,6
名幸站,6
启学路,6
员村一横路总站,6
员村西街,6
嘉怡花园,6
嘉裕花园站,6
团结路口,6
地铁三元里站(C1出口),6
地铁三元里站(C2出口),6
地铁亭岗站,6
地铁嘉禾望岗站,6
地铁塘坑站,6
地铁文冲站,6
地铁暹岗站,6
地铁沙溪站,6
地铁沙溪站(E1出口),6
地铁海涌路站(海傍村),6
地铁石碁南站(前锋村),6
地铁龙溪站,6
夏花三路,6
大坦沙总站,6
大城云山花园,6
大夫山森林公园路口,6
大岗镇政府站,6
大沥摩托车市场,6
大涌东路,6
大涌站,6
天平架,6
天河智慧城核心区总站(高唐),6
天润路,6
天马河,6
太和路口,6
太营路口,6
奥体路,6
奥园城市天地,6
学府路,6
宝业路,6
富丽,6
小坑村,6
小布,6
小洲路东,6
少管所,6
尚上名筑,6
山田地铁西站,6
岑境村,6
平稳村站,6
广东体育职业学院,6
广东行政学院,6
广中医广药,6
广从路(夏良村口),6
广州城市理工学院,6
广州大道中路口,6
广州市南沙中心医院站,6
广州市档案馆南,6
广州船坞总站,6
广汕一路,6
广视宾馆,6
广隆站,6
广龙路(广从公路口),6
庆盛村,6
庙南村,6
开发大道(骏成路口),6
开泰大道(天泰二路口),6
开泰大道(开源路口),6
开泰大道(开达路口),6
开泰大道(新阳路口),6
开泰大道中,6
开源大道中,6
彩滨北路(西海岸),6
恩宁路,6
悦峰三街路口,6
推广,6
新世纪广场东,6
新丰路中(禾丰新村),6
新华站,6
新和,6
新围村路口,6
新塘牛仔城(A),6
新塘站东,6
新塘镇政府,6
新湖大厦,6
新鸿基市场站,6
方华路口,6
时代南湾站,6
旺城市场,6
星河COCOPark,6
星河湾,6
星海音乐厅,6
星誉花园,6
暹岗村西,6
朝阳路口,6
朱村地铁站,6
机务段路口,6
松柏东街,6
林科所,6
棠乐路,6
棠德花苑总站,6
植村,6
植村西,6
植树公园,6
榄元村,6
榄核二中,6
榄核镇政府,6
横枝岗,6
横枝岗路口,6
横江村,6
横迳广场,6
武警医院,6
毕村西,6
毕村西桥,6
民生桥北站,6
民航学院路口,6
气象局,6
水利学院,6
水厂路口,6
水底村,6
水西路南,6
水闸口,6
永和中学,6
永和加油站,6
永顺大道(民兵路口),6
永顺大道东,6
汀根村,6
汇太中路,6
汇港轩,6
江东村,6
江同路,6
江埔社区,6
江夏村,6
江泰路口,6
江燕路口,6
沙凤一路,6
沙埔路口,6
沙太南路,6
沙太南路(省妇幼天河院区),6
沙尾桥,6
沙溪,6
沙溪商贸城,6
河东路口,6
河村,6
洛浦医疗产业园,6
流花路,6
浦华路西,6
海布,6
海珠广场(侨光西),6
润悦花园,6
润龙里,6
淘金北路,6
清布墟,6
港口大道中,6
潮田工业区,6
瀛洲生态公园,6
瀛洲路,6
灵山市场站,6
灵山成校站,6
灵山村站,6
灵山路口南站,6
牛眠,6
玉岩路中,6
环市中路口,6
环洲三路东,6
珠吉路口,6
珠村小学,6
珠江湾站,6
珠江街(珠江二路),6
瑞和路北,6
瑞宝小学,6
生物研究院,6
田美上庄,6
田美新村,6
田美村,6
留新路口,6
白云山制药厂总站,6
白云机场T2航站楼,6
白石村,6
白藤滘站,6
石中路口,6
石井,6
石化生活区,6
石岗东村,6
石岗西村,6
石榴岗路西,6
石湖村口,6
石碁村,6
石马村口,6
碧桂东苑,6
碧桂园中门,6
碧桂园北门,6
碧桂园天玺湾站,6
礼村东,6
神山,6
福和市场,6
穗盐路东,6
竹料路口,6
简太路,6
红星桥,6
罗家村(市莲路),6
罗家村(番禺大道),6
美彩家纺产业园,6
美心苑,6
联邦工业城,6
腊圃路口,6
花东中队,6
芳村花园,6
荔城医院,6
荔红南路,6
莱茵汇(广百),6
营溪村,6
西二村口,6
西宁小学,6
西樵村站,6
西街口,6
西街市场,6
赤坭一幼,6
赤岗新村,6
赵溪村,6
软件路西,6
远安路,6
连塘路口,6
逢源路,6
逸景路东,6
逸翠庄园,6
鄱阳路,6
金信路,6
金岭中路站,6
金洲地铁站(双山大道),6
金穗路,6
金隆路站,6
钟二,6
钟韦路口,6
钧明欢乐世界,6
锦绣半山,6
镇龙一中,6
镇龙新总站,6
长城大厦,6
长安,6
长腰岭,6
长腰岭永安街口,6
长龙村,6
长龙村西,6
阅江西路中,6
雄狮西路,6
青云公园,6
马场路南,6
骏业路东,6
骏业路中,6
高唐路,6
鱼珠码头,6
鱼窝头车站,6
鳌头客运站总站,6
鸣翠苑,6
麒麟新城站,6
黄冈小学,6
黄村训练基地,6
黄沙后道,6
黄沙总站,6
黄边南(市二矿),6
黄边南路,6
黄阁汽车城,6
黄阁汽车城地铁站,6
黄阁镇政府站,6
齐富路东,6
龙城商业中心,6
龙归路口,6
龙溪大道中,6
龙穴岛,6
214站,5
七星路口,5
万国园站,5
万田公园,5
万科四季花城总站,5
万科海上明月,5
万达广场总站,5
万顷沙中学,5
三东市场,5
三东村,5
三善村口,5
三将军路口,5
三眼桥,5
上境村,5
上水,5
上邵村,5
下坭村站,5
下沙,5
业田村,5
东华村,5
东圃村,5
东川路,5
东方白云花园,5
东涌镇标,5
东环城际花山镇站,5
东石牌坊,5
东苑小区,5
两龙卫生站,5
中华永久墓园,5
中国邮政门口,5
中堂路口,5
中心工业区站,5
中恒商业广场,5
中海誉城南门,5
中船龙穴基地宿舍,5
丰乐北路(莲塘),5
丰田汽车厂,5
临江大道,5
临江大道东,5
乌冲,5
乐意居,5
九和村,5
九和村北,5
九太路口,5
九比村站,5
九益村,5
云城南四路,5
云城西路,5
云埔一路,5
云峰花园,5
五华直街,5
五羊本田,5
五龙岗路口,5
亚运城体验中心,5
亚运城天荟临时站,5
亚运源筑,5
交警大队,5
交警大队,5
人和华成路,5
人和车站,5
仁威庙,5
从化二中,5
仙桂村,5
会展中心码头,5
低碳总部园,5
佛岗村委(八号仓东)站,5
保利一号公馆,5
保利城南怡湾,5
健乐医院,5
健明六路,5
元下田村,5
元岗横路(景晖苑),5
关帝岗,5
兴发市场,5
农垦总局,5
冲口,5
凤凰大道(市南路口),5
凤岗地铁站D出口,5
凤馨苑站,5
凫洲大桥站,5
勒竹新村,5
化龙镇中心小学,5
北山村,5
北斗渡口,5
北星,5
北村,5
区健康管理中心,5
区政务中心,5
区政务服务中心站(西),5
华夏路北,5
华工大总站,5
华景新城西,5
华观路中,5
华馨苑,5
南云东街,5
南医大五附院,5
南沙十里方圆,5
南沙华师附小站,5
南沙奥园站,5
南沙客运站,5
南沙湾御苑,5
南沙疾控中心站,5
南浦敏捷金月湾,5
南航路口,5
博物馆,5
友好医院,5
双和大马路中,5
双和大马路西,5
口岸路口,5
台涌,5
合和新城,5
合景路,5
合景路东,5
吉山村委,5
向西村口,5
启学路(玉岩路路口),5
员村西街中,5
和兴步行街,5
唐阁,5
嘉翠苑站,5
四角围村,5
团星村(风云岭),5
图书馆,5
地铁万顷沙站,5
地铁东晓南站,5
地铁会江站,5
地铁何棠下站(知识城南),5
地铁厦滘站,5
地铁广隆站,5
地铁汤村站,5
地铁香雪站,5
地铁马沥站,5
地铁高增站总站,5
坦尾路,5
坳岗,5
城市花园路口,5
城西花园,5
城郊中学,5
培新中学,5
堑口码头(一劳大旧址),5
塘贝,5
塘贝村,5
塱仔新村,5
增城区第一中学,5
夏花二路,5
大东门(越秀北路),5
大塘西总站(敦和),5
大岭路口,5
大布市场,5
大干围,5
大干围中,5
大干围北,5
大江苑,5
大沙北路,5
大源,5
大田村,5
大石城,5
大石文化广场,5
大石街道办,5
大龙小学,5
大龙经济发展公司,5
天坤三路总站,5
天坤二路,5
天河东路口,5
天河科技街,5
天誉,5
太和总站,5
太平中学,5
太行站(临时站),5
姬堂商业街,5
媒体村,5
宏威路,5
官涌村,5
宝华路,5
宝华路口,5
宝墨园总站,5
富裕围,5
富豪山庄,5
将军潭,5
小楼人家,5
小楼车站,5
屏山牌坊,5
岑村公安宿舍,5
岗头,5
工业路,5
市桥文化中心,5
布岭路口,5
布心,5
布心村,5
平沙路口,5
平洲玉器街,5
广东外贸学校,5
广东机电职业技术学院北门,5
广发行,5
广塘,5
广州前海人寿医院,5
广州北站西广场,5
广州科技创新基地,5
广惠高速仙村出口,5
广汕路(科景路口)总站,5
广珠路口站,5
广生路口站,5
庙南高速路口,5
庙贝农场,5
康富路,5
建设大道,5
开创大道(科翔路口),5
开发区立交桥北,5
彩虹戏院,5
恒大山水城,5
恒福路,5
悦兴综合市场,5
护林路(珠村),5
护林路(茅岗路口),5
护林路西,5
挂绿广场东,5
振兴村,5
揽月路,5
文化公园总站,5
文园,5
新世界大厦A,5
新兴村委总站,5
新华中学,5
新塘地铁站,5
新广场,5
新庄村,5
新庄村委,5
新明村,5
新村路口,5
新街小学,5
旗新村,5
旧围村,5
旺旺食品有限公司,5
星悦路(车陂南隧道口),5
星汇园,5
星海小学,5
春晖苑,5
景泰直街,5
景裕嘉园,5
晴海岸站,5
曙光路,5
朱村,5
杨一村,5
杨一村东,5
杨荷桥东,5
松柏东街北,5
松田学院,5
板头市场站,5
板头村站,5
板桥西,5
枝山村,5
柏塘,5
桃源,5
桥头村,5
桥虹花园,5
梅园村,5
梅山村(金江大道),5
棠下村口站,5
榄九路口,5
横塱村,5
横江墟,5
横沙村,5
横潭牌坊,5
横潭路口,5
正隆村,5
水务局,5
水沥,5
水电二局医院,5
水门村,5
永兴市场,5
永和综合楼,5
永和贤江公交总站,5
永善村,5
汇侨新城总站,5
汇侨路,5
汇景北路总站,5
江南村路口,5
江坳绿道综合服务区,5
江村,5
江河幕墙北门,5
沙亭岗村口,5
沙公堡路口,5
沙凤三路,5
沙头新村,5
沙涌村(富怡路),5
沙溪大道东总站,5
沙溪牌坊,5
河堤广场,5
泉溪,5
泰宁大街,5
洛场村,5
浔峰山西路中,5
海伦堡创意园,5
海伦春天,5
海印桥总站,5
海员路,5
海珠湿地公园南门,5
海珠路,5
海角红楼,5
港湾一村,5
港湾市场,5
港湾路口,5
滘心村口,5
滨海水晶湾站,5
火村路口,5
灵山东路,5
灵岗二桥站,5
燕岭大厦,5
玉树新村,5
环洲二路(沙凤一路口),5
环镇东路,5
珠江花园,5
班岭村口,5
甘竹村口,5
田园路,5
田边村,5
电信大楼,5
番禺宾馆,5
白云区医院,5
白云机场T1航站楼B区,5
白沙(中海金沙湾)总站,5
白田岗村,5
百晟汇翠湾(招呼站),5
盐步医院,5
省中医二沙分院,5
知识城南(凤湖四路),5
石丰路口,5
石井大道(石沙路口),5
石化生活区南,5
石楼镇政府,5
石溪总站,5
石滩交管所,5
石滩镇政府,5
石潭西路口,5
石牌村,5
石碁中学,5
石马,5
神山总站,5
福南坊,5
禺山高级中学(西门),5
秀水塘,5
科技东街北门,5
科珠路北,5
科珠路南,5
科韵立交西,5
科韵路公交场,5
穗园小区,5
穗港码头总站,5
空港大道北站,5
站前路口,5
竹料大道,5
米龙村,5
粤垦路瑞心苑,5
紫荆道,5
红旗路,5
红线女中心,5
约场村,5
绿庭山语站,5
绿湖国际城站,5
罗家村(富怡路),5
罗岗市场,5
聆雨路路口,5
联发市场,5
联和总站(惠联路),5
联群新村,5
聚德路,5
自来水公司,5
航云北街,5
艺洲路东,5
芦湾村站,5
花东派出所,5
花城南路,5
花都广场(区政府),5
芳村客运站总站,5
草堂村,5
草堂车站,5
荔勤北路(崇文四路口),5
荔城三中(A站),5
荔湖站,5
莲塘面村,5
莲港大道西,5
莲溪路口,5
莲花山车站,5
萝岗,5
萝岗会议中心西,5
萝岗市民广场,5
藤业路,5
虎榜市场,5
蛇龙北,5
西门中路,5
西门南路,5
观达路中,5
观达路北,5
解放北路总站(应元路口),5
赤岗北路(艺洲路口),5
轮胎厂,5
迎龙路,5
迎龙路(迎新路口),5
运动员一三区,5
运动员二四区,5
迪亚春天,5
逸景翠园总站,5
逸涛雅苑站,5
邮电大厦(德兴路),5
郁水园,5
里水小学,5
里水汽车客运站,5
里水行政服务中心,5
金业小学站,5
金井坊,5
金信路口,5
金宇花园,5
金沙小区,5
金洲北路,5
金燕生活区,5
金融服务区,5
金谷园,5
金龙财富广场,5
钟永路,5
钟落潭(白云星汇城)总站,5
锦绣半岛西区,5
锦绣御景苑,5
长寿西康王路口,5
长江数码花园,5
长洲,5
长洲岛小学,5
长钟路南,5
阅江西路西,5
防疫站,5
雁沙村站,5
雄狮东路,5
雅宝新城,5
雅居乐·雍景豪园,5
雅源南路,5
雍富酒店站,5
革新路,5
革新路总站,5
顺河村站,5
顺河村路口站,5
风度路,5
飞旋公司,5
香山大道,5
香江悦府,5
马克路口站,5
高塘市场,5
高新沙路口站,5
高步村,5
高步路口,5
鱼窝头大道站,5
鳌头中学路口,5
鳌头农商银行,5
鳌头客运站,5
鹤亭,5
黄埔广附实验学校,5
黄岐办事处,5
黄旗山路,5
黄旗山路南,5
黄阁医院站,5
黄麻村,5
齐富路中,5
龙兴西路,5
龙口,5
龙归城北,5
龙归城南,5
龙归竹木市场,5
龙洞北,5
龙洞路口,5
龙溪中路(江北路口),5
龙潭立交西,5
龙眼洞森林公园,5
龙祥路口,5
863中心,4
七星岗公园,4
七星庄,4
万科金域中央北,4
万顷沙总站,4
三联路口,4
三角亭,4
三骏市场,4
上九路,4
上水(广州老人院),4
上沙村,4
下亨田村,4
东井村站,4
东区中学,4
东华东路,4
东华东路西,4
东华庄,4
东华村,4
东圃总站,4
东山广场总站,4
东山总站(东华北路),4
东汇城,4
东沙街道办,4
东深天益村站,4
东深桥,4
东湖村,4
东湖洲花园A,4
东湖洲花园C,4
东漖教师新村,4
东盛,4
东莞庄总站,4
东达路,4
东里村站,4
东风村,4
中华大道(德贤路口),4
中山八路,4
中山大道中,4
中心南大街,4
中新文体活动中心,4
中科院化学所总站,4
临江大道中,4
乌溪村,4
九佛政和路口,4
二中(科学城校区),4
二龙村,4
云启路,4
云城中二路,4
云城西路(白云区图书馆),4
云城西路南,4
云埔一路总站,4
云埔二路,4
云埔二路东,4
云苑新村,4
云骏路中,4
五福堂,4
亚太新城,4
交警中队,4
交通运输局,4
人和市场,4
人和总站,4
人和新街,4
人民公园东,4
人民英雄纪念碑,4
从化中学,4
从化职校,4
仑头村,4
仙村中学,4
仙村市场,4
会展中心北,4
会展公园,4
佛岗村,4
保利亚奥北苑(黄山路),4
保利爱特城总站,4
保税区南门,4
傍新路口,4
傍江东村,4
储运公司,4
元岗村,4
元洲岗,4
元洲村,4
光导纤维厂,4
公安村,4
兰溪路口(招呼站),4
共和路口,4
兴业大道东,4
兴华路,4
兴民路总站,4
兴科路,4
军田,4
农校南门,4
冯村中学,4
冯村市场,4
凌塘村总站,4
凤凰公司,4
凤岗地铁站,4
凤盈苑西门,4
凰岗凤凰大道东,4
出口加工区,4
利迳村,4
剑岭,4
剑岭村委,4
动物园总站(先烈中路),4
化工研究院,4
北兴供电所,4
北兴卫生院,4
北帝庙,4
北村,4
北村闸,4
北汽,4
区公安分局,4
区公汽公司,4
区卫健局,4
华南新城北区西门,4
华南新城南区正门,4
华南碧桂园东门,4
华夏学院,4
华成路口,4
华景新城(南华路),4
华洲路,4
华洲路(华泰西街路口),4
华洲路中,4
华洲路口,4
华立学院,4
华阳湖路口,4
南云三路南,4
南双玉村,4
南天商业城,4
南山经济社,4
南岗沧头,4
南府路站,4
南方村,4
南沙华师附幼站,4
南沙境界站,4
南沙客运港站,4
南洲北路总站,4
南涌村委站,4
南英检测,4
南阳庄,4
双岗村,4
叶岭坳,4
叶岭村,4
叶岭村北,4
叶岭村南,4
合境,4
名雅花园,4
员工大厦,4
员村一横路,4
员村总站,4
和瑞路口,4
和瑞路总站,4
和瑞路西,4
国光厂,4
国医东路,4
图书馆总站,4
土华,4
土华村,4
土华路东,4
地铁三元里站(B出口),4
地铁南村万博站,4
地铁嘉禾望岗站总站,4
地铁大石(新光快速),4
地铁大石总站,4
地铁大石站总站,4
地铁枫下站,4
地铁江夏站,4
地铁白云大道北站,4
地铁赤草站,4
地铁镇龙北站(洋田村),4
地铁镇龙西站,4
地铁鱼珠站总站,4
坑口地铁站总站,4
坑围村,4
坑尾村,4
坪东村,4
坳尾村站,4
城东停车场(花都湖),4
城市花园,4
城际海北广场,4
埔南路,4
埔南路东,4
埔南路中,4
埔心村口,4
培正大道路口,4
塘口,4
塘尾,4
塘涌,4
增城中学,4
增江小学,4
增滘村,4
增滘立交西,4
墩塘村站,4
复甦,4
多宝路口,4
多洲,4
大元村站,4
大埔村,4
大塘中学,4
大干围码头,4
大沙东延长线,4
大沥村,4
大沥汽车客运站(松岗大道南),4
大沥路(田心村口),4
大涌路口站,4
大润发A站,4
大源北,4
大石中心小学,4
大简中桥站,4
大简村(南沙大道)站,4
大简村九队(南沙大道)站,4
大维村,4
大罗村,4
大良医院,4
大观路北,4
大观路北总站,4
大运家园,4
大龙中学(城区大道),4
大龙桥,4
天健创意园,4
天健装饰材料城,4
天创工业园(南沙大道)站,4
天峰三区,4
天慧路,4
天润路口,4
天益村(南沙大道),4
天顺路,4
天马河公馆,4
天鹿湖郊野公园,4
太古仓路总站,4
太和南路(米龙村),4
太和总站,4
太平卫生院,4
太平小学总站,4
太石村(南沙大道),4
奥园广场总站,4
安置小区,4
官湖桥头,4
宝业路口,4
实验中学,4
实验小学,4
家和天曜总站,4
富力唐宁站,4
富力泉天下,4
富国路口,4
寨吓村,4
小乌村站,4
小楼市场,4
小石马,4
小迳村,4
尖彭路东,4
尖彭路口,4
屏二牌坊,4
岑村总站,4
岭东中路,4
岭东村,4
崇德村,4
崇文四路北站,4
市医药职业学校,4
市头村,4
市慈善医院,4
市桥中心小学,4
市桥大桥北,4
市民广场,4
市汽技校,4
布岭路(新业路口),4
平南市场,4
平洲宾馆,4
平西路口,4
广东华侨中学(金沙洲校区),4
广保大道北,4
广保大道南,4
广医二院(番禺院区)南门,4
广园路(科韵路口),4
广岭,4
广州二中天元学校站,4
广州商学院,4
广州国际物流中心,4
广州大桥南,4
广州空港博览中心,4
广珠城轨顺德站路口,4
广铁一中天峰中学,4
庄埔路口,4
庆丰广场,4
庆丰村,4
庆丰纺织一路,4
庐前山南路口,4
店头,4
康裕园,4
开发区二小,4
彩滨北路,4
彭边村西,4
怡安花园朗晴居(素社),4
恒宝广场总站,4
护林路(镇东路口),4
捷厉特车厂,4
教育路口,4
新世纪花园,4
新南村,4
新厅街,4
新塘中学,4
新塘南站,4
新塘汽车客运总站,4
新天地广场,4
新安路南,4
新开花谷,4
新扬市场,4
新扬村,4
新月明珠花园,4
新桥东,4
新桥头,4
新桥村,4
新水坑牌坊,4
新沙地铁站,4
新洲科技园,4
新港东路东站,4
新港路口站,4
新滘西路西,4
新田村,4
新谭路口,4
新造二师附小,4
新镇庄,4
新顺路北,4
明星新村,4
明珠管委会,4
星海广场,4
暨华医院(南安村),4
望岗村,4
朝阳东路,4
木摾水库,4
来安四街(珠江嘉园),4
杨二村,4
杨桃公园总站,4
板桥东,4
林场,4
枫下村,4
枫下村北,4
枫叶路,4
枫叶路口,4
棠村,4
榕树头,4
樟边村,4
横沥地铁站公交总站,4
欣荣路口站,4
比亚迪,4
民乐,4
民乐村委,4
民营科技园门口,4
氮肥厂,4
水沥村,4
水西路中,4
永利路,4
永和大道(常春藤),4
永和总站,4
永安路西,4
永富中路,4
永泰集贤路总站,4
汇彩路北总站,4
汇才一街,4
汉基工业区,4
江南大道南(地铁江泰路站),4
江城路,4
江夏东二路北,4
江泰路,4
江高小塘,4
江高总站,4
汽车城管委会,4
汽车小镇总站,4
汾水小区总站,4
沐陂村,4
沙东新村,4
沙凤二路,4
沙太货运站(临时站),4
沙涌村(市莲路),4
沙湾涌,4
沙溪村口,4
沙角村站,4
沙贝村,4
沥滘大埗头,4
沥滘路,4
沥滘路东,4
沥滘路中,4
泌冲,4
泮塘总站,4
泰康路,4
洛溪南浦总站,4
派潭敬老院,4
派潭派出所,4
海伦堡,4
海幢码头,4
海滨路站,4
润云路口,4
深井,4
深井文塔公园,4
深湾村站,4
渔沙坦,4
温泉农贸市场,4
温泉宾馆,4
湖洲,4
滨海半岛站,4
潢涌路口,4
潭洲市场,4
潭洲车站,4
濠涌风情街站,4
火村东,4
灵兴工业园,4
灵山东路西,4
狮岭大道中,4
狮岭汽车站,4
狮峰中学,4
玉德堂站,4
玉虚宫,4
环亚工业园,4
环宇城,4
珠宝城,4
珠岛花园,4
珠江公园南门,4
珠江学院,4
珠江新城总站,4
珠江泳场总站,4
珠江西一路,4
瑞和路,4
瑞和路南,4
瑞和路口,4
瑞宝乡总站,4
瑶华街,4
甘竹村,4
界河桥,4
番禺中学,4
番禺会议中心,4
番禺体校总站,4
番禺实验中学,4
白云索道,4
白米布,4
白蟮塘,4
百顺北路总站,4
盐步中学,4
盘古中路,4
直街社区,4
石化路(东勤路口),4
石化路总站,4
石北中学,4
石厦村路口,4
石塘六队,4
石头记,4
石榴岗,4
石沥村口,4
石湖村,4
石潭路,4
石潭路(南新大街),4
石碁镇政府,4
砺江桥,4
碧桂园豪园,4
祈福医院,4
神山大道西,4
神岗村,4
神舟路,4
福和车站,4
科学城(揽月路)总站,4
科学城彩频路总站,4
科技服务中心,4
科林路中,4
空港大道,4
站前路公交总站,4
笔岗村口,4
笔岗路,4
笔村立交南,4
第二人民医院,4
红珠路,4
红珠路口,4
纸厂横马路,4
维翔公司,4
绿庭雅苑,4
罗洞村口,4
美涂士,4
翟洞村,4
翰景路,4
联和墟,4
聚宝工业园,4
腊圃村,4
航空轮胎大科学中心,4
花东镇政府(小太阳幼儿园),4
花城大道(华穗路口),4
花城广场,4
花林湖畔总站,4
花果山公园,4
花溪路口,4
花都北兴总站,4
花都海关,4
芳一社,4
芳村体育中心,4
茅岗口,4
茅岗村,4
茶园市场,4
茶山庄,4
草庄东路口,4
荔城二小,4
荔城花园,4
荔湖城,4
荔红路总站,4
荔茵幼儿园,4
荔香路南,4
荷景路中,4
莫庄,4
莲塘南,4
莲港大道中,4
莲溪村站,4
莲花山港正门,4
萝岗会议中心,4
萝岗行政执法综合楼,4
萝峰村,4
蒲鱼庄,4
蓬涌,4
蔡边市场,4
蕉门地铁(区政府)站,4
虎门渡口站,4
蚬涌,4
蚬涌市场,4
蚬涌路口,4
蟹庄村口,4
行知学院,4
西增路,4
西宁西路,4
西湾路总站,4
警察学校,4
谷围新村,4
象圣中学,4
豪进广场,4
财富工业园,4
赤岗总站,4
赤沙公园,4
赤草村,4
越秀中路,4
迎海国际茶都,4
逸景路,4
邓岗,4
邓村路口,4
邝家庄东,4
郭塘,4
郭塘货场,4
郭塘路口,4
里水桥南,4
金沙丽水,4
金田工业区,4
金联市场,4
金谷南路,4
鑫隆世家,4
钟村交警中队,4
钟落潭文化广场(钟升东路),4
钟落潭高校园,4
钟陂头村,4
钻石花园,4
银印,4
镇龙医院,4
镇龙墟,4
长平村,4
长棠路口站,4
长江庄,4
长江路口,4
长沙路口,4
长腰岭(白云裘皮交易中心),4
长鹿农庄(龙洲路),4
阅江中路,4
阅江西路东,4
阳光城(澜悦)站,4
阳光城市广场站,4
陆村,4
陈家林,4
陈涌,4
陈涌市场,4
雄狮中路,4
雅居乐花园A,4
雅神路口,4
集贤庄,4
霞迳村,4
顺德客运总站,4
颐养院,4
飞粤大道中(九一村东),4
飞粤大道北(三凤村),4
飞粤大道南,4
飞鹅岭地铁总站,4
马场路中,4
骏达路中,4
高坡头,4
高增一村(方华公路),4
高铁庆盛站,4
高门村,4
鱼窝头中学站,4
鱼窝头二中,4
鱼窝头社区中心,4
鳌头卫生院,4
鹤洲村,4
鹤边军民西路,4
鹤边员村,4
麟龙西路站,4
麻三村,4
麻涌市场(古梅美食街),4
黄埔东路(石化南路)总站,4
黄埔体育馆南门,4
黄埔军校纪念中学,4
黄埔水库,4
黄埔造船厂,4
黄庄,4
黄村立交南,4
黄登村口,4
黄阁体育公园站,4
龙岗墟,4
龙归城总站,4
龙湾路口,4
龙溪中路,4
龙溪大道西(裕海路口),4
龙溪西路,4
龙潭市场,4
龙潭路口,4
龙珠中路,4
龙穴村尾,4
龙聚村委,4
1号航站楼,3
2号航站楼,3
一一五中学,3
一环路,3
万信达,3
万博中心总站,3
万洲村,3
万洲桥北站,3
万科海上明月总站,3
万达广场,3
三东东布,3
三丫车,3
三保工业区,3
三向村,3
三多路口站,3
三姓路,3
三水区总工会,3
三沙路口站,3
三涌,3
三达路跨线桥首末站,3
上南村,3
上围,3
上围村,3
上坳,3
上大埔路口,3
上山背村,3
上庄,3
下围路口,3
丛云路中,3
丛云路南,3
东凌工业园,3
东升农场站,3
东圃大马路北,3
东基,3
东山总站(署前路),3
东山龟岗(中共三大会址)总站,3
东布岭,3
东平南路,3
东平广场,3
东方村总站,3
东晓路(天园路口),3
东晖路,3
东沙,3
东沙村,3
东沙村天桥,3
东涌大桥站,3
东盛路总站,3
东艺路北,3
东艺路南,3
东莞庄(广花路),3
东莞庄一横路口,3
东莞村总站,3
东达路(永达路口),3
东风中路,3
东鹏大道,3
东鹏大道(宏景路口),3
两潭路口,3
两龙市场站,3
中下社,3
中医学院,3
中山六院知识城院区,3
中山大学孙逸仙纪念医院(花都院区),3
中山纪念堂(连新路),3
中心社,3
中教村站,3
中新圩,3
中旅社,3
中海锦城南,3
中码头,3
中科院明珠科学园,3
临时站,3
临时站,3
临江大道(员村二横路口),3
临江大道(员村南街口),3
丽江花园,3
丽江花园总站,3
丽江花园正门,3
丽江路口,3
乌石村,3
乌石村,3
九如村,3
九涌半,3
九涌桥,3
九潭南路,3
九龙二小九楼分校,3
九龙大道,3
二戒所,3
二棉厂,3
二汽车站,3
二沙岛西总站,3
二龙田心村,3
云城西路(机场路口),3
云山居,3
云山诗意,3
云山路中,3
云顶,3
互太印染厂,3
五一大道北,3
五岳庙,3
五星路口,3
五洲装饰城,3
五眼桥小学,3
五眼桥总站,3
五眼桥西约,3
亚运城山海湾西门,3
交警龙潭中队,3
交通学院,3
亭角南站,3
亭角大桥,3
亭角大桥东站,3
亭角村站,3
人和华成路口,3
人和华成路西,3
人民医院新院,3
亿源机电,3
从化交通运输局,3
从化供电局,3
从化大桥(向阳大车),3
从化救助管理站,3
仑头总站,3
仑头路口,3
仙塘村,3
仙宁路口,3
仙岭村,3
仙村大道北,3
仙村车站,3
仲元中学,3
仲恺农业工程学院,3
仲恺农业工程学院北门,3
仲恺路,3
伯奇桥,3
体育西路南,3
何大塘村,3
何家庄,3
供电大厦,3
侨宏花园,3
侨诚花园总站,3
保丰围,3
保利亚奥南苑,3
保利香逸花园,3
保税区(酒博城)总站,3
信息职业学校,3
傍西医院,3
傍雁路(亚运大道路口),3
儿童公园,3
儿童公园,3
儿童公园总站,3
元岗横路东,3
兆丰路,3
光谱中路,3
八坜布经济社,3
八斗村,3
八达岭,3
公路局南城分局,3
兴业大道西,3
兴业路口,3
内环西路,3
农工商,3
冯村,3
冼村路南,3
凤凰三横路南,3
凤凰南路,3
凤凰城,3
凤凰城大道南,3
凤凰岗,3
凤凰村,3
凤凰颐养山庄,3
凤巢,3
凤湖一路,3
凤湖中路,3
凤湖四路,3
凤秀家园,3
凤翔北路,3
凯德新玥,3
刘家路口,3
创业公园,3
创业路东,3
创信鞋厂站,3
创兴厂,3
创盈路中,3
利丰大道,3
前锋总站,3
北兴,3
北城白云花园,3
北太路(创新路口),3
北太路西,3
北山村(新滘东路),3
北岸花园,3
北村路,3
区人力资源市场,3
区婚姻登记处,3
区政府东门总站,3
医谷站,3
十九涌站,3
千灯湖地铁站,3
华侨中学,3
华侨工业园,3
华兴工业区,3
华南新城(沿江东路),3
华南新城临时公交总站,3
华南汽车城西,3
华南纺织创新科技园,3
华坑路,3
华峰路(红旗村),3
华工国际校区公交总站,3
华师,3
华师生活区(华师一路),3
华师附中,3
华师附属大学城小学,3
华成路总站,3
华景新城(翰景路)总站,3
华景新村,3
华景路口,3
华穗路,3
华立学院总站,3
华美学校,3
华美路(广汕路口),3
华观路东,3
协和神学院,3
南丰汇总站,3
南丰路,3
南云五路,3
南云五路东站,3
南京路小区,3
南华广场,3
南双玉工业区,3
南大干线(市新路口),3
南大干线(曾边村),3
南大干线(汽车小镇),3
南大干线(礼村),3
南大干线(金轩一路口),3
南大干线(金轩二路口),3
南头,3
南岗万达广场总站,3
南岭工业区五横路口,3
南方医科大学第七附属医院,3
南昌里,3
南村中学,3
南村文化广场,3
南横村站,3
南沙儿童公园总站,3
南沙湾总站,3
南沙湿地公园,3
南沙科技创新中心站,3
南沙资讯科技园,3
南洲路中,3
南洲路总站(小洲南路口),3
南珠路,3
南翔二路东,3
南翔二路中,3
南菱汽车城,3
南部快线桥底,3
博汇商业区总站,3
卫东,3
历一经济社,3
双岗向南庄,3
双沙(黄埔东路),3
变电站,3
叠北路口,3
叠溪花园,3
古楼村,3
司法学校,3
合劲科技创新城,3
合益村,3
合群路,3
同兴村,3
君华香柏华府,3
含珠村站,3
员工服务中心,3
周山岗总站,3
哑布村路口,3
喜盈雅境,3
嘉御豪庭,3
四联大布村,3
四联村委会,3
团结围总站,3
国光厂西门,3
土华总站,3
地铁南村万博站(番禺大道),3
地铁大沙地站,3
地铁新和站总站,3
地铁梅花园站,3
地铁江泰路站总站,3
地铁沙贝站总站,3
地铁沥滘站总站,3
地铁滘心站总站,3
地铁石壁站,3
地铁红卫站,3
地铁裕丰围站,3
地铁谢村,3
地铁车陂南站,3
地铁香雪站总站,3
地铁鱼珠站,3
地铁龙归站总站,3
坑头东线工业区,3
坑头村,3
坑贝地铁站,3
坑贝村,3
城际麻涌站,3
城鳌大道中,3
基岗村路口,3
塔岗村,3
塘头村,3
塘面村,3
增城宾馆,3
增城碧桂园学校,3
增城站公交总站,3
增江工业区,3
夏茅大道,3
夏茅市场,3
夏街村,3
大元帅府总站,3
大冈,3
大刀沙村委,3
大刀沙村尾,3
大塘工业园,3
大塘工业园东门,3
大学城科学中心总站,3
大布路,3
大新西,3
大朗中路,3
大朗中路口,3
大朗北路口,3
大桥头,3
大水村,3
大沥新庄,3
大洲村,3
大源路北,3
大罗村总站,3
大路脚,3
大龙中学(富怡路),3
大龙小学东门,3
大龙路口,3
天健创意园总站,3
天安番禺节能科技园,3
天峰二区,3
天慧路北,3
天河儿童公园北门总站,3
天河城广场,3
天泰二路,3
天蕴路,3
天贵路荔枝基路口,3
天鹿湖隧道北,3
太古仓码头,3
太和(丰泰横路)总站,3
太平洋工业区,3
太平路口,3
太营路(广从三路口),3
奥体南路口,3
奥林匹克中心南门,3
孟田村,3
宁埔大道北,3
安南大街,3
安博物流,3
安平村,3
安平路口,3
宏明路中,3
宏明路口,3
官塘村委,3
官庄路口,3
官湖地铁站,3
官窑车站,3
宜安村站,3
宜安路口站,3
宝月,3
宝盛路口,3
富力金港城总站,3
富园路,3
富山路,3
富康路,3
富怡路中,3
富田岗,3
对面社,3
小楼镇政府,3
小洲,3
小洲村,3
少年宫临时站,3
屈洞村路口,3
屋角,3
山口村,3
山子眉,3
山海湾南门,3
山海连城,3
岐头村,3
岐山路口,3
岗丰大道,3
岗贝路东,3
岭南印象园,3
岭南村,3
崇文二路(荔勤北路口),3
崇文二路北,3
工业大道口,3
工贸学院,3
左村,3
左村大围,3
市儿童公园总站,3
市南路站,3
市技师学院,3
市桥汽车站总站,3
市桥街派出所,3
市良路,3
市良路(青峰路口),3
平云路中,3
平云路北,3
平安路,3
平岗村委,3
平沙公园,3
平沙南街,3
平洲立交,3
年丰村,3
广东国防教育基地,3
广东培正学院,3
广东机电技术学院,3
广东电子信息中心,3
广东省中医院南沙医院站,3
广仁路总站,3
广从七路,3
广信中学,3
广医大(番禺校区),3
广园新村,3
广园新村总站,3
广大附中,3
广大附小,3
广州亿仁医院,3
广州北站总站(秀全大道),3
广州城建校,3
广州城职院,3
广州塔西站,3
广州市第二老人院,3
广州市第八医院,3
广州碧桂园总站,3
广州雅居乐北苑公交首末站,3
广州龙涛外国语学校,3
广工一路北,3
广工正门,3
广成铝业,3
广新路,3
广新路(马洞龙马路口),3
广晟海韵兰亭,3
广源铝业,3
广铁一中,3
广隆路口站,3
庆东村,3
庆盛枢纽公交总站,3
庙仔庄,3
庙南路中,3
庙贝村站,3
康南路北,3
康王路总站(上下九),3
建业路,3
建基路,3
开创大道(香雪八路路口),3
开创大道总站,3
开泰大道(东明三路口),3
开达路中,3
开达路北,3
张村,3
张边,3
彭边村东,3
思成路,3
思贤村,3
怡乐路,3
怡乐路总站,3
怡港花园,3
恒大山水郡,3
恒福路总站,3
悦峰三街,3
悦景路中,3
悦景路西,3
护林路(敬业路口),3
护林路(横沙村口),3
护林路东总站,3
招呼站,3
挂绿广场南,3
振兴小学,3
推广汽车总站,3
摇田河路中,3
政务中心,3
救助站,3
文化公园,3
文化公园东,3
文盛庄路,3
文锋东路,3
新业路(摇田河大街),3
新中医院,3
新乐路口,3
新同丰小学路口,3
新同安桥,3
新和北路中,3
新和南路,3
新园路,3
新围,3
新围村,3
新垦站,3
新塘大道,3
新塘总站,3
新塘白江地铁站,3
新屋吓村,3
新康花园北门,3
新村,3
新桂路,3
新楼村,3
新水坑总站,3
新洲前,3
新洲码头总站,3
新联村,3
新联村东,3
新联村西,3
新造职中,3
新顺路南,3
新鱼桥头,3
方华公路(高增村),3
旗岭医院,3
旗峰小学,3
旧水坑派出所(旧村南路),3
旧江村桥头,3
时代广场,3
时代廊桥,3
时代玫瑰园总站,3
昌岗路总站,3
明华综合市场,3
明珠大道南,3
明珠路口,3
星河东悦湾北门,3
星河湾六期,3
星河湾北门,3
星河湾四期,3
星河盛世站,3
星海中学(捷进中路),3
星海青少宫,3
曙光北路,3
朗陶居,3
望亭路口,3
望岗小学,3
望洪枢纽,3
望牛墩路口,3
朝阳开发区,3
木棉冚村,3
木棉小学,3
木棉木场,3
机关幼儿园,3
机务大街,3
机务段总站,3
机场信息大楼,3
杨三村,3
杨屋中心市场,3
杨屋村委,3
杨屋路口,3
松园街中,3
松园街北,3
林和西横路,3
林和西路口,3
桂城长者颐乐中心,3
桂江桥(怡翠尊堤东),3
桃园中学,3
桃园中路口站,3
桃园西路,3
桃园西路口,3
桥东小学,3
桥兴中学,3
桥福园(富华东路),3
棋杆墟,3
棠厦村,3
楼阁村,3
榄塘村委,3
榄核派出所,3
樟山,3
横岗南街,3
横涌,3
横溪,3
横潭市场,3
欧岗村,3
欧边,3
武警一中队,3
毛埔,3
民主村,3
民乐长岭,3
民兴村,3
民建村,3
民立村,3
民航中南管理局,3
民航售票处,3
民航子弟学校,3
民营工业园,3
水渭路口,3
水荫横路口,3
水荫路南站,3
水西,3
水西路,3
水西路北,3
永光村,3
永兴南街口,3
永兴庄总站,3
永利路口(临时站),3
永和贤江总站,3
永字街,3
永平圩,3
永盛路,3
永盛路东,3
永顺大道,3
永顺大道(新业路口),3
汇彩路口,3
汇彩路总站,3
汇才二街,3
汉湖村,3
江人路口,3
江北路总站,3
江南大道南(地铁江泰路站)总站,3
江南工业区,3
江南新村(骨伤科医院),3
江南村,3
江南桥,3
江塘坦,3
江山时代,3
江晓路口,3
江海路,3
江高(大松岗),3
江高总站,3
江高总站(大松岗),3
江高长兴路口,3
江龙桥,3
池田村,3
污水处理厂,3
沐陂村口,3
沐陂西,3
沙凤一路西,3
沙埔广场,3
沙墟一村,3
沙宁路口,3
沙尾一村站,3
沙岗村,3
沙岗村,3
沙庄街,3
沙涌,3
沙溪村牌坊,3
沥口村,3
沥滘路西,3
沥滘路西总站,3
河西路口,3
泌二新村,3
泌冲小学,3
泽德花苑总站,3
洛溪新城总站,3
洛溪桥底,3
洲仔,3
洲头咀公园,3
浣花东路,3
浮沙村,3
海傍小学,3
海傍村,3
海口村,3
海安社区,3
海涌路,3
海珠中路,3
海珠北路,3
海联中路,3
清塘地铁站,3
清布中学,3
清布站,3
清湖村委,3
清湖马田街,3
清音楼,3
渔东路,3
渔北路,3
渔沙坦总站(渔中路),3
温山吓村,3
温泉西路,3
港务局管理所站,3
湖山国际公交总站,3
湾谷新村,3
滘心东路,3
滘心小学,3
滘心工业区,3
滘心市场,3
滘心路口,3
滨江西路(洲咀大街),3
滨海公园,3
滨海绿道站,3
演艺中心南门,3
潭口,3
潭村总站,3
灌村中学,3
灌村围,3
火村东总站,3
灵山路口北站,3
炭步市场,3
炭步总站,3
热橙花园,3
热水,3
狮岭龙头市场,3
猎德污水处理厂,3
环市大道北站,3
环滘,3
环滘工业区,3
环镇路口,3
玲洲,3
珑翠花园,3
珠岛花园总站,3
珠江创业中心,3
珠江医院总站,3
珠江村镇银行,3
珠江街(灵新大道),3
珠电路中,3
琶洲塔公交总站,3
琶洲大道东,3
瑚琏农贸市场,3
瑞东花园,3
瑞东花园南门,3
瑞东花园总站,3
瑞东花园西,3
瑶田村,3
瓜岭村路口,3
甘蕉,3
田心村,3
田心路,3
田心路口,3
田美市场,3
电信局,3
电子五所社区,3
界涌桥,3
番山总部E谷,3
番禺区图书馆,3
番禺大桥底,3
番禺奥园,3
番禺汽车客运站,3
番禺监狱,3
番禺职业技术学院,3
番艺花园路口,3
白云仙馆,3
白云文化广场总站,3
白云机场T1航站楼,3
白云花园总站,3
白云货运站,3
白兔村桥二队,3
白兔村路口,3
白岗村,3
白水寨总站,3
白沙环村路,3
白石市场西,3
白象岭,3
百万葵园站,3
百花岭北街,3
百花岭北街口,3
百花路,3
百足桥,3
益群,3
盘古北路,3
盛路通信路口,3
省交警指挥中心,3
知识城北安置区(凤凰五路),3
知识城政务中心,3
矮岭,3
石井,3
石井大道(滘心大道口),3
石井大道(白云湖公园),3
石井大道(红星村),3
石井大道南,3
石井总站,3
石南村,3
石塘卫生站,3
石塘水泥厂,3
石塘路口,3
石壁中学,3
石壁小学,3
石壁街道办,3
石岗小学,3
石海村,3
石海村委,3
石湖村,3
石湖洲(社堂村),3
石滩沙园中路,3
石碁四中,3
石碁总站,3
石碁文化广场总站,3
碧桂园,3
碧桂园中新首府,3
碧桂园映象,3
碧桂园正门,3
碧桂园荔园,3
碧桂园路口,3
磨碟沙公园,3
祈乐苑,3
祈福新邨总站,3
祈福生活无限,3
神棋路口(G355线),3
福上下社,3
福德路口,3
福景路,3
福泰西路,3
福龙路口,3
禾丰村,3
禾丰路(永和大道口),3
秀水街口,3
秀盛路口,3
科丰路北,3
科创大道北,3
科创大道南路口,3
科学大道(映日路口),3
科教城东公交总站,3
科珠路口,3
科韵路总站,3
穗丰村,3
穗丰村委,3
穗丰村总站(兴太三路),3
穗盐桂澜路口,3
穗盐路总站,3
空港南六路,3
站前路总站,3
站南路总站,3
竹料墟,3
竹料税所,3
笔村立交北,3
简太路口站,3
米埗(从都),3
精益大厦,3
紫坭村口,3
紫坭村委,3
红山,3
红旗路口,3
纸厂横马路总站,3
细沥村,3
细沥桥站,3
细沥沙栏站,3
罗岗市场,3
罗岗村委,3
罗洞社,3
罗边实发市场,3
美术学院,3
美特厂,3
美的生活区站,3
美食广场西门,3
群贤路,3
职教园区公交站,3
联乡路总站,3
联和北,3
联围村路口,3
联滘路东,3
联滘路中,3
聚贤街口,3
育山一路中,3
育龙中学,3
腊圃医院,3
自在城市花园,3
致明苑,3
航海学院正门,3
良口墟,3
良新村委,3
良明,3
良沙一路,3
良沙一路(良城中路口),3
良沙路,3
良种场一区,3
花卉世界,3
花城,3
花山第二工业区,3
花林湖畔,3
花语阳光花园,3
花都一中站,3
花都区人民医院,3
花都区政务中心,3
花都湖,3
花都理工职业学校,3
花都美居中心,3
花都音像厂站,3
芳信路总站,3
芳和花园总站,3
芳园路,3
芳园路东,3
芳村小学,3
芳村葵蓬总站,3
茂新村,3
茅山新庄口,3
茅岗公寓,3
茅岗市场,3
茅岗新村站,3
茅岗路南,3
茶东东村,3
茶东村(富怡路),3
茶东村西,3
茶碑路北,3
荔勤北路中,3
荔圃宾馆,3
荔红中路,3
荔红路口,3
荷景路西,3
荷村路口,3
莘田村,3
莘田牌坊,3
莲塘市场,3
萝岗万达广场总站,3
萝岗大塱村站,3
萝岗村委,3
葵蓬小学,3
葵蓬西滘村,3
蔡三村,3
蔡三村口,3
蔡二新村,3
蔡边,3
蔡边村,3
蕉石岭,3
蕉西路中站,3
蕉门村牌坊站,3
虎门渡口(上湾小区)站,3
虎门轮渡码头总站,3
虎门高速联络道站,3
蚌湖市场,3
融创乐园,3
融创公交总站,3
蟹山,3
西丽工业区,3
西华路,3
西南工业区,3
西南市场,3
西城路站,3
西基,3
西岭社路口,3
西岭路口,3
西平岗,3
西村工业区,3
西村路口,3
观园一号,3
解放北路(应元路口),3
解放南路(沿江路口),3
誉山国际五区,3
谷诒路口,3
象新村路口,3
豪利花园,3
豪贤路,3
质监局(荷花世界路口),3
赤下社新村,3
赤坭工业区,3
赤珠岗,3
赵溪路,3
越华路,3
跑马地花园,3
车城大道中,3
车头,3
迎宾大桥,3
迎福路,3
逸景路西,3
邓岗,3
邓岗何西,3
邦一工业园,3
邮政局,3
邮轮母港,3
郭村小区,3
金光西大道(曾边村),3
金刚禅寺,3
金山大道路口,3
金沙洲码头总站,3
金洲村站,3
金荷六路,3
金鸡社,3
金龙路中,3
钟岗地铁站,3
钟村文化广场(钟屏路),3
钟落潭公交总站,3
钟落潭医院,3
钻汇广场南门(地铁市桥站),3
银锣湾广场,3
锦绣生态园南门,3
锦绣趣园,3
锦绣趣园东,3
锦绣香江,3
镇东村,3
镇龙水厂,3
镇龙邮局,3
长岗,3
长岗中学,3
长江数码花园,3
长洲街办,3
长福路口站,3
长福路总站,3
长贤路,3
阅江中路东站,3
阳光城站,3
陆祖庙,3
雁洲路口,3
雄丰路口,3
雄峰商城(105国道),3
雄峰商城总站,3
雅居乐总站,3
雅居乐锦官城,3
雅瑶中学,3
雅瑶小学,3
集邦货运市场,3
青云城内路口,3
韦涌村,3
韩村桥头,3
风度路口,3
飞达音响厂,3
飞马,3
飞鹅,3
飞鹅岭地铁口总站,3
飞鹰厂,3
香山路南,3
香港科技大学(广州)站,3
香雪八路中站,3
香雪八路南,3
香雪大道(下中路口),3
香雪大道图书馆北门,3
马场路口,3
马岭路口,3
马沥村,3
马洞小学,3
马洞村委,3
马洞森林公园总站,3
骏威小学,3
骏成路东,3
骏逸苑,3
高埔村委,3
高平墟,3
高新技术学校路口,3
高普路中,3
高普路北,3
高普路高科路口,3
高沙,3
高沙村委,3
高车埔,3
鱼良头,3
鱼茅路,3
鲁村路口,3
鳌头广场,3
鸡抱沙(四涌),3
鸡谷山路西,3
鸦岗路口,3
鸦湖公园,3
鹤洞总站,3
鹿颈牌坊站,3
麓湖公园,3
麻涌车站,3
黄场,3
黄场二社,3
黄埔军校总站,3
黄埔区图书馆站(香雪馆),3
黄埔区萝岗福利院站,3
黄塘路口,3
黄岐百货大厦,3
黄榜岭,3
黄海路,3
黄草埔,3
黄贝岭,3
黄边北路(广云路口),3
黄阁保利城,3
黎村,3
龙口检测站,3
龙塘幼儿园,3
龙岐村,3
龙岐村委,3
龙桥市场,3
龙洞总站,3
七境村,2
七彩澳游,2
七星岗路,2
七星岗路东,2
万和商场,2
万安工业区,2
万安村,2
万科里享家总站,2
万胜围总站,2
万顷沙公交总站,2
三元宫,2
三层路口,2
三桥北,2
三桥南,2
三江墟,2
三沙公路站,2
三沙村口,2
三洲二架桥,2
三洲市场,2
三洲牌坊,2
三雄极光,2
上下九步行街,2
上围朱仙路,2
上埔庄路口,2
上棚村,2
上油罗村,2
上涌果树公园,2
上涌果树公园南门,2
上渡头(独树岗),2
上白坭,2
上社路口,2
上邵工业区北,2
下元村,2
下南路口,2
下坑庄,2
下山门村,2
下岳村,2
丛云路(泰兴路口),2
东兴苑,2
东兴路口,2
东华村口,2
东向路口,2
东园新村,2
东圃二马路,2
东圃大马路,2
东境村,2
东山口总站,2
东平北路(横岗村口),2
东平市场,2
东拓三路口,2
东方一路,2
东方一路口,2
东方三路,2
东方广场B站,2
东方广场北门,2
东方广场西门,2
东明墟,2
东明片区候车亭,2
东星,2
东江逸珑湾,2
东泊,2
东海路,2
东涌公园,2
东湖公园,2
东环路口,2
东盛路,2
东秀路口站,2
东秀路总站,2
东联路口,2
东莞西站,2
东西路,2
东达路南,2
东镜市场,2
东门商业街,2
东雅图酒店,2
东风北路,2
东鹏大道中,2
两下村南,2
两龙南街,2
两龙总站,2
中企绿色总部,2
中信香樟墅,2
中八小学,2
中坚豪庭,2
中堂中学,2
中堂医院,2
中堂市场,2
中塘村路口,2
中大码头,2
中建映花悦府,2
中新医院,2
中村,2
中泰规划一纵路总站,2
中海金沙湾南门,2
中海锦城总站,2
中田村委,2
中田里,2
中西村,2
临时站,2
临时站,2
临时站,2
临时站,2
临时站,2
临时站,2
临时站,2
临时站,2
临时站,2
临时站(九霄缘钓鱼场),2
临时站(佳家民宿),2
丹乐食品站,2
丹水坑路中,2
丹水坑路南,2
丹水坑路口,2
丹水坑风景区总站,2
为民小学,2
丽景花园,2
丽雅苑,2
久裕商贸城,2
久裕村委,2
久裕村路口,2
义兴经济社,2
乌石,2
乐从交通中心(枢纽站),2
乐从红星美凯龙,2
乐城,2
乐安街,2
乐羊羊路(亚运城天骄)总站,2
九太路,2
九岭路,2
九潭村,2
九龙三小,2
九龙五金不锈钢城,2
九龙湖,2
云城南二路总站,2
云埔四路,2
云峰路口,2
云正大道,2
云良路东康路口,2
云苑新村总站,2
云路居委会,2
云路市场,2
云骏路,2
云龙路,2
云龙路南,2
云龙路口,2
五一大道中站,2
五一大道口站,2
五丰工业区,2
五丰村,2
五丰村,2
五山路(广园快速路口),2
五涌(龙穴大道),2
五溪御龙湾,2
五福路,2
井泉一路,2
井泉四路,2
亚运城天荟(临时站),2
亚运城综合体育馆(亚运南路),2
交通运输局,2
交通驾培中心,2
亭石北路口,2
亭石南路,2
亭石南路北,2
亭角北站,2
亲爱里站,2
人和二中,2
人和第六小学,2
人和聚贤街,2
人和鹤龙七路总站,2
人民公园南门,2
人社局,2
从化监狱,2
从樟一路路口,2
仙村公交总站,2
仙村镇政府,2
份田,2
低涌总站,2
低涌村委,2
低空经济创新中心,2
体育中心东门,2
体育西横街路口,2
何布村,2
何布村工业区,2
余荫山房总站,2
佛山大学南海仙溪校区南门,2
佛山大桥(乐安),2
侨威,2
保丰路,2
保利心语花园,2
保利星海小镇站,2
保良村,2
信华路口,2
健康港总站,2
元岗总站,2
元岗路(元辉街口),2
元汾村,2
元贝桥站,2
元贝站,2
先科一路,2
光宝路,2
光谱东路(新乐路口),2
光谱中路(创新路口),2
光谱中路东,2
光辉建材家具城东,2
八哥村,2
八斗立交北,2
八顷桥(临时),2
公安局,2
公汽公司,2
公用事业技校,2
公用技师学院,2
公益市场,2
兴业大道西,2
兴仁汽车站,2
兴国路,2
兴太三路,2
兴联村,2
兴龙一新村,2
兴龙大道,2
兴龙大道(迳头三社),2
农科院兽医研究所,2
冯安围,2
冯马一村总站,2
冯马三村站,2
冲岭路口,2
凌塘新村,2
凌边工业区,2
凤凰一横路,2
凤凰四路东,2
凤凰城五环岛,2
凤凰城交通中心,2
凤凰岗总站,2
凤凰湖(凤湖三路),2
凤凰苑南门,2
凤城酒店(清晖路),2
凤康路,2
凤林村,2
凤池,2
凤湖二路(开放一路口),2
凤湖二路东,2
凤湖四路西站,2
凤瑞环街口,2
出口加工区,2
创优路西,2
创强路中(A),2
创智路,2
创智路(智丰路口),2
创盈路西总站,2
创艺生态园,2
利迳村委(招呼站),2
到蔚村,2
前锋南路,2
前锋工业区,2
前锋村委,2
力源豪苑,2
加石路(七星岗路口),2
加石路(罗岗村),2
加石路中,2
励业染厂站,2
勤天小区,2
勾镰村,2
化龙医院,2
化龙大道中,2
北向庄,2
北园西路,2
北太路东,2
北太路中,2
北太路柏塘村口,2
北山公园,2
北斗桥底站,2
北村德星里,2
北村桥站,2
北海村总站,2
北海村水果批发市场,2
北湖三路,2
区二中,2
区市场监督管理局,2
区政府东门(永旺梦乐城)站,2
区税务局,2
十三涌,2
十二涌站,2
十涌,2
十里尚堤西苑,2
华侨农场,2
华侨城北门,2
华侨城欢乐海岸PLUS,2
华侨城欢乐海岸plus,2
华农大东北门,2
华凯燃气站,2
华南汽车城东,2
华南轮胎厂,2
华坑村,2
华坑生态村总站,2
华峰寺,2
华峰寺总站,2
华峰路口,2
华工北路,2
华工北路东,2
华师大南门,2
华师附中,2
华成路公园站,2
华景北路东,2
华景北路口,2
华润瑞府公交总站,2
华达汽车,2
华阳工业区,2
华阳村,2
华阳湖湿地公园,2
南云三路中,2
南云三路口,2
南云四路,2
南云四路(南翔三路口),2
南井村口,2
南区公园(南城路),2
南华东路,2
南华工贸高级技工学校,2
南双玉村总站,2
南周,2
南国小商品城,2
南坑口,2
南壆村,2
南安村,2
南岗万达广场站,2
南岭村委,2
南岭桥头南街口,2
南庭路,2
南方茶叶市场总站,2
南星汤屋社,2
南村,2
南村社区居委,2
南汉二陵博物馆,2
南沙体育馆站,2
南沙儿童公园站,2
南沙妇幼保健院站,2
南沙小学西门,2
南沙港务大厦,2
南沙港车站,2
南沙第一中学站,2
南泰路,2
南泰路东,2
南洲北,2
南洲工业区,2
南洲村,2
南洲花园总站,2
南浦三桥北,2
南浦岛(锦绣半岛)总站,2
南浦海滨花园,2
南浦车站,2
南海公安局,2
南海广场,2
南海第二人民医院,2
南湾总站,2
南滘路口,2
南燕路,2
南约,2
南翔二路,2
南航信息楼,2
南航碧路口,2
南街口,2
南边村,2
南边路总站,2
南部战区总医院,2
印象黄埔文化创意园,2
原野实业,2
友好老年公寓,2
双井村口,2
双和东街,2
双沙(信华路),2
发源路中,2
叠景路,2
叠景路口,2
口岸大厦站,2
合境村,2
合生君景湾,2
合群村委,2
吉山坑尾路,2
吉山坑尾路口,2
吉祥一路站,2
吉祥一路路口(水坑村),2
吉祥二路站,2
同和路总站,2
同德围总站,2
同德围总站,2
同德围总站,2
同福西路,2
向西大道中,2
向西大道口,2
向阳大街口,2
向阳村委,2
吓岗村,2
吕中,2
吕沙路口,2
员村,2
员村四横路,2
员村总站,2
和乐路,2
和平东,2
和平村,2
和桂中路,2
和桂工业园路口,2
和顺坡,2
和龙村,2
唐阁南总站,2
唐阁路东,2
唐阁路中,2
啟明工业区,2
嘉安花园站,2
嘉景华庭,2
嘉洲花园西门,2
嘉禾,2
四环岛,2
四角围驾校,2
团结小学,2
国光厂南门,2
国光厂宿舍站,2
国泰,2
图书馆,2
圆玄中学,2
土冚村,2
地铁东圃站总站,2
地铁东风站D,2
地铁东风站总站,2
地铁低涌站,2
地铁南浦站总站,2
地铁厦滘站总站,2
地铁大学城南站,2
地铁大沙地站总站,2
地铁官洲站总站,2
地铁沥滘站,2
地铁海涌路,2
地铁科学城站,2
地铁联和站,2
地铁菊树站,2
地铁萧岗站,2
地铁西村站总站,2
地铁镇龙站总站,2
地铁陈头岗总站,2
坑头,2
坑头工业区,2
坑头市场,2
坑头村生态公园,2
坑田,2
坑边路,2
坤和街口,2
坦尾总站,2
坦尾村站,2
城东停车场总站,2
城壕庄,2
城康村二社,2
城西市场,2
城际花都站,2
培智学校,2
培正路,2
塘美广场,2
塘边村,2
塘边村,2
塱头村,2
增南路,2
增城应元高中,2
增塘村路口,2
墩塘桥站,2
夏埔村口,2
夏埔村总站,2
夏茅总站,2
外环西路总站(青创汇),2
大冚坦,2
大冚村,2
大坦沙污水处理厂,2
大坳市场站,2
大坳村站,2
大埔东街,2
大埗路南,2
大基头总站,2
大塘汽车客运站,2
大塘边,2
大学城(广大)总站,2
大学城中部枢纽总站,2
大学城体育中心总站,2
大学城广中医总站,2
大学城广大总站,2
大学城星光下道总站,2
大学城穗石村总站,2
大安村,2
大封门,2
大岭,2
大岭村,2
大巷工业区,2
大巷涌路口,2
大排,2
大敦学校,2
大敦广场,2
大敦综合市场,2
大朗,2
大朗夏边总站,2
大朗工业路,2
大朗市场,2
大步公园,2
大步村,2
大氹村路口,2
大江里,2
大沙头总站,2
大沥商业步行街,2
大沥村(科强路),2
大沥欧庄,2
大沥综合市场,2
大涡村,2
大盛村,2
大石古村路口,2
大石岗,2
大罗塘珠宝小镇,2
大良安监分局,2
大转弯夹板城,2
大镇,2
天丰路,2
天丰路口,2
天慧路中,2
天慧路总站,2
天河北公交总站,2
天河电脑城,2
天生路,2
天盈路,2
天益工业区,2
天益村站,2
天益桥,2
天贵中路,2
天贵社区医院,2
天贵路北,2
天贵雅苑,2
天骄物流园,2
天鹿北路(兴太路口),2
天鹿北路中,2
天鹿湖森林公园北门,2
太和中学,2
太和地铁站A口,2
太和总站(沙亭岗村),2
太岗路中,2
太岗路西,2
太平村,2
太平村,2
太成,2
太石公交总站,2
太石工业区总站,2
奔马厂,2
奕西,2
奥体南路总站,2
奥园广场,2
奥园誉峰,2
好丽友,2
如丰厂,2
如意路,2
妇幼保健院,2
姚沙头村,2
孖沙二涌站,2
学岗路,2
学院正门,2
安良村,2
官坑村,2
官坦村站,2
官桥,2
官桥新村,2
官海街口,2
官湖村,2
官溪路口,2
官禄布村,2
官窑,2
官道村,2
宝峰路口,2
宝田基村,2
宝石东路,2
宝鸭北路,2
宣星村委,2
家具博览中心,2
富丽中学,2
富力悦禧花园总站,2
富力桃园(增埗村)总站,2
富豪山庄总站,2
富鹏市场东,2
富鹏市场北,2
寮采中路口,2
寮采北路,2
寮采村口,2
寿星大厦,2
小乌站,2
小乌第二工业区站,2
小坑村委,2
小坑村路口,2
小坪东路,2
小坪东路中,2
小塱总站,2
小塱村(开源大道口),2
小塱村口,2
小布,2
小迳路口,2
屋边,2
屏一村口,2
屏一村委,2
屏一桥,2
山下安置区,2
山塘村,2
山村,2
山水塘,2
山门村,2
山门牌坊,2
岗东村,2
岗尾,2
岗贝路,2
岭南小学,2
岭南第一技师学院,2
岳湖村,2
岳溪村,2
峰光实业,2
峻祥路(峻泰路路口),2
崇文二路中,2
崇文二路南,2
嵘都花园(西门),2
市交通技工学校,2
市八十六中,2
市十二人民医院(黄埔院区),2
市政务服务中心,2
市新路,2
市桥二桥南,2
市桥医院(捷进中路),2
市桥大桥,2
市胸科医院,2
市饲料研究所,2
布新,2
帽峰山西,2
平东大道玉器街站,2
平北,2
平南村委,2
平地,2
平沙总站,2
平洲中心小学,2
平洲总站,2
平西村,2
广东国防教育基地总站,2
广东文艺职业学院,2
广东白云学院(钟落潭校区),2
广东省环保技工学校,2
广东顺德文德学校,2
广中医路路口,2
广医妇儿医院西门,2
广医附属中医院总站,2
广地花园站,2
广外南国商学院,2
广外总站,2
广州交校,2
广州优尼冲压,2
广州医学院从化学院,2
广州南华工贸技工学校(质检院区),2
广州南汽车客运站(南站北路),2
广州南沙国际物流中心,2
广州和合路口,2
广州城电狮岭充电站总站,2
广州大道北总站,2
广州富力国际医院,2
广州市档案馆南总站,2
广州幼专,2
广州康复实验学校,2
广州科贸学院,2
广州雅居乐总站,2
广工一路南站,2
广工一路站,2
广新路(石化路口),2
广日电梯,2
广氮花园,2
广汽荻原基地,2
广清城际狮岭站,2
广珠城轨顺德站,2
广药路,2
广运车站,2
广附实验中学,2
广陈路,2
庄埔路中,2
庄头公园站,2
庆丰财智广场,2
庆沙路口站,2
庆隆路中,2
庆隆路口,2
应元路,2
庙贝工业区站,2
庙青村站,2
康南路,2
康怡公园,2
康耀大道东,2
康裕北苑总站,2
建业北路西,2
建华汇,2
建南村,2
建设大道路口,2
建设大马路,2
开创大道,2
开发区一小,2
开发区管委会,2
张槎路口,2
彭上德兴路,2
彭场村,2
彭城东路,2
得金工业区路口,2
御华园,2
德政中路,2
德星路总站,2
德棠路,2
德贤路,2
德贤路(时代雅苑),2
志高工业园,2
志高总装,2
志高钣金,2
思乡阁,2
怡发拉链厂站,2
怡新路,2
怡新路口,2
恒大汽车城站,2
恤孤院路,2
悠方购物公园站,2
悦云路口,2
悦成路,2
悦景路东,2
慕园村,2
护林路(江东村北),2
招呼站,2
招步村,2
拥军路口,2
振兴路中,2
捷荣锦江豪庭(东海大道),2
揽月路西,2
教师村,2
文冲市场,2
文冲社区,2
文昌南路,2
文盛庄,2
文翰第二小学,2
文边工业区,2
文边村,2
斗塘路东,2
斗塘路西,2
斯庄村,2
新世界大厦B,2
新业路,2
新业路中,2
新乐路,2
新兴路口,2
新围村委,2
新垦总站,2
新城派出所,2
新塘二中,2
新塘太阳城,2
新太村,2
新安路,2
新市云霄楼,2
新庄村,2
新星,2
新沙路口,2
新河浦路,2
新浦南路,2
新滘东隧道口,2
新滘西路(瑞宝村),2
新石村,2
新联,2
新联新村站,2
新联村,2
新联村委,2
新阳西路口,2
新隅路口,2
新隆牌坊,2
方华公路(方坑),2
方石村,2
旅游大厦,2
旗岭,2
旧水坑总站,2
旧水坑村,2
旧西福桥,2
旭日雅苑,2
时代倾城,2
时代玫瑰园,2
旺寮,2
旺角海鲜舫,2
昊龙花园(福景路),2
明珠大道北(健朗医用),2
明珠市场,2
明珠湾小学站,2
明珠湾展览馆东,2
明珠科学园(万新大道),2
明珠路(宝石路口),2
明经村,2
星域动漫科技城,2
星岛环北路(螺旋二路路口),2
星汉大道北,2
星河湾酒店,2
星荟(B),2
春园路,2
春满街,2
显纲,2
晓港湾总站,2
景云路,2
景新国际,2
景泰直街总站,2
曙光路北,2
曙光路隧道口,2
曹边,2
朗兴路,2
朗头村,2
望岗大马路(地铁口),2
望沙路口,2
朝亮南路,2
朝天路,2
木广塘站,2
朱仙路中,2
朱宁路口,2
朱家庄,2
朱村医院,2
机场交警支队,2
机场路口,2
机械城,2
杉边马新村,2
杜鹃二街,2
杨屋新村,2
杨山村,2
杨山村委,2
杨梅岗,2
松园中西街,2
松园中西街南,2
松岗,2
松岗公园,2
松柏路中,2
板桥村(金源路口),2
枫下二社,2
柠檬长廊,2
树吓村,2
根竹山,2
格塘,2
桂城中学,2
桂城交管所,2
桂城儿童公园,2
桂澜海六路口,2
桃红西街,2
桃莲村委,2
桔树村,2
桥中总站,2
桥栏,2
梅山工业区站,2
梅田村路口,2
梅花居委,2
梅花岭,2
梯面卫生院,2
梯面市场,2
梯面联民村,2
棋杆市场,2
棠乐路口,2
棠涌村委,2
棣园站,2
森林公园路口,2
椰林山庄,2
榄核中学站,2
榄核涌,2
榕景路,2
榕林路口,2
横塱小学,2
横塱工业二路,2
横塱工业路,2
横岗村,2
横江路口,2
横沥中街口,2
横沥北街口,2
横沥南环街口,2
正大公司,2
步行街,2
殷家庄,2
民安村,2
民汇一路(政务中心),2
民科园北门,2
民航学院总站,2
水乡中心医院,2
水元东路,2
水秀一路(花涧四街),2
水秀一路中,2
水秀一路总站,2
水秀一路西,2
水秀二路,2
水秀二路总站,2
水荫路总站,2
水西村路口,2
水韵蓝湾,2
永丰市场,2
永乐村,2
永兴村,2
永兴村委,2
永华路,2
永和医院,2
永和总站,2
永大社区,2
永宁庄,2
永安大道东,2
永安大道中,2
永安学校,2
永泰新村总站,2
永泰集贤路,2
永顺大道(新安路口),2
永龙大道中,2
汀塘村,2
汇侨路总站,2
汇才二街口,2
汇泉路(中海锦城北),2
汇泉路东,2
汇盛路,2
江人路(广花路口),2
江兴村,2
江南商业城小区,2
江埔村,2
江埔村委,2
江湾立交,2
江高(广技师白云校区),2
江高(广技师白云校区)总站,2
江高小塘总站,2
江高总站(夏荷路),2
汽车博览中心,2
汽车城,2
沐陂东路,2
沐陂南路口,2
沐陂工业园,2
沐陂路,2
沙亭北路,2
沙亭南路,2
沙亭苏庄,2
沙凤一路西总站,2
沙北村,2
沙园村,2
沙园路口,2
沙埔市场,2
沙堤路口,2
沙塘村,2
沙太货运站总站,2
沙尾二村站,2
沙挞路口,2
沙村,2
沙步大道,2
沙河横马路,2
沙涌(里水),2
沙涌南总站,2
沙湾三街,2
沙湾东村,2
沙湾总站,2
沙湾派出所,2
沙溪综合市场,2
沙滘村口,2
沙田村,2
沙陇村,2
沙面新城总站,2
沥滘大埗头总站,2
沧头桥,2
沧联二路,2
沧联小学,2
沧联市场站,2
沧联社区,2
河东中学,2
河东社区,2
河塱沙中庄,2
河村口,2
河沙中路,2
河田社,2
河联村,2
河西大道东,2
沿河路总站,2
法政路,2
法院检察院,2
洞庭路,2
洪石坊,2
派潭医院,2
派潭村,2
流溪河国家森林公园,2
浪口,2
海傍桥,2
海傍路,2
海八路龙表路口,2
海港大道站,2
海滨大厦,2
海珠儿童公园,2
海珠桥脚,2
海联路,2
海龙湾总站,2
涛乐街,2
润云路中,2
润云路南,2
润水埔,2
淘迪公司,2
深涌村,2
深航花园,2
清布卫生站,2
清布安置区,2
清晖园,2
清湖村总站(苏元庄),2
清湖牌坊,2
渔中路口,2
渔兴路,2
渔兴路口,2
渔北路中,2
温泉明月山溪总站,2
湴塘,2
湴湄村站,2
源湖村,2
源祥路,2
溪头村,2
滘口汽车站总站,2
滘心大道,2
滨江左岸,2
滨江绿园,2
滨江西路,2
滨海珺城站,2
滨海花园,2
漳澎村,2
漳澎村委,2
潭山村,2
瀛洲生态公园总站,2
灌村墟,2
灌村文化广场,2
灌村路口,2
灵山墟,2
灵山岛便民分中心,2
炭步中学,2
炭步交管所,2
炭步大桥北,2
炭步大桥南,2
燕塘村,2
燕岗桥,2
爱莲村,2
牛仔城,2
牛牯潭牌坊,2
牛角村,2
牛角桥北,2
物流基地三期,2
物流基地二期站,2
犀牛角村总站,2
猛涌村,2
猿啼岭,2
玉兰路(喜乐路口),2
玉树大街口,2
玉树新村总站,2
玉树新村路口,2
玖龙宿舍1站,2
玖龙宿舍2站,2
环城小学,2
环城路北段入口,2
环岛南路路口,2
环镇北路,2
环镇西路,2
玻璃厂,2
珊瑚,2
珊瑚里村站,2
珠光路,2
珠宝产业园,2
珠村总站,2
珠江一路站,2
珠江万科城,2
珠江东岸站,2
珠江嘉苑总站,2
珠江花城总站,2
琶洲塔公园,2
琶洲大桥底,2
琶洲石基村总站,2
瑞云路,2
瑞发路中,2
瑞发路南,2
瑞岭华南小学,2
瑞边村,2
瑶华街口,2
瑶台西街,2
甘棠村,2
甘泉小学,2
生水塘,2
田心,2
田心村(农家乐),2
田心花园,2
田心路口,2
田桥村,2
田美村,2
田美路西,2
申通物流,2
电机厂,2
番禺创新科技园(一期路口),2
番禺区中心医院总站,2
番禺区第二人民医院,2
番禺区职业技术学校(北校区),2
番禺市桥汽车站总站,2
登塘村口,2
白云大道北地铁站,2
白云山中药厂,2
白云机场1号航站楼(25号门),2
白云机场T1航站楼A区,2
白云湖公园北门,2
白云社会福利服务中心,2
白兰花园,2
白山村广场,2
白岗市场,2
白水寨路口,2
白沙,2
白沙总站(中海金沙湾),2
白田岗墟,2
白石市场,2
白石村委,2
白石站,2
白蟮塘北,2
白马服装市场(站前路),2
百寿南路,2
百湖村,2
百花山庄,2
百顺北路(岭南新世界)总站,2
皇冠音响厂,2
皇母,2
益丰街口,2
盐步三中,2
盐步公园,2
盛泰花园,2
直巷,2
眉山村口,2
知新路(凤凰湖三路口),2
知明路南,2
知明路口,2
石井(广东兵工厂旧址)站,2
石井大道(工业园),2
石井大道(滘心村),2
石井大道(龙湖),2
石井大道中,2
石井大道北,2
石井潭村总站,2
石井鸦岗总站,2
石兴大道南,2
石南白沙社,2
石南路,2
石南路口,2
石坑,2
石坑田寮社,2
石基村口,2
石岗村,2
石岗路,2
石岗路口,2
石庙村,2
石桥社,2
石楼镇群众服务中心,2
石榴岗总站,2
石槎路总站,2
石洛市场,2
石海小学,2
石湖部队,2
石溪村,2
石迳村,2
石龙,2
石龙档铺街,2
碧桂园豪庭站,2
祈福工业区,2
神岗村委,2
祥凤,2
福冠路口,2
福和一桥,2
福新村,2
福景路(龙岐路口),2
福洞村路口,2
福田村,2
禾丰四街,2
禾丰路中,2
禾仰,2
禾岭路中,2
禾岭路南站,2
科丰路,2
科创大道南,2
科城山庄总站,2
科泓路,2
科珠路(科研路口),2
科甲水牌坊,2
科睿路,2
科翔路(尖塔山路口),2
科翔路(香山路口),2
科达路,2
秧溪,2
穗港产学研基地站,2
穗港智造管理中心站,2
立新西路东,2
站前横路,2
竹一村,2
竹坑,2
竹山工业区,2
竹山村,2
竹山村(番禺大道),2
笔岗村,2
米围,2
米岗牌坊,2
紫薇路,2
红旗中心(博罗庄),2
红旗中心路口,2
红旗童庄中心街路口,2
红旗路,2
红旗路北,2
红旗路南,2
红莲路,2
纸厂总站,2
纽恩泰,2
细沥村,2
经委大厦,2
经济贸易职业学校,2
综合楼,2
缠岗牌坊,2
缸瓦沙,2
罗冲围总站,2
罗屋村站,2
罗屋社,2
罗庄村,2
罗村中心广场,2
罗村医院,2
美国工业园,2
美尼美,2
群岗村委,2
翟洞村路口,2
翡翠绿洲南门,2
翡翠蓝湾社区站,2
联兴村委,2
联安村(村委),2
聚德西路,2
聚豪新村站,2
育山四路中,2
背荫,2
胡屋,2
胡忠产科医院,2
腾龙大道,2
良洞,2
良田一小,2
良田大道,2
良田村委总站,2
良种猪场,2
良角站,2
良豪,2
节能科技园总站,2
芙蓉花园,2
芦苞旧车站,2
芦苞行政服务中心,2
花侨市场,2
花地大道南总站(鹅公村),2
花山中学,2
花山医院(106国道),2
花果山公园北门,2
花田路口,2
花苑广场,2
花都宝井,2
花都富力金港城总站,2
芳村码头总站(信义路),2
芳村花园南门总站,2
芳村车管所,2
苏元庄东街口,2
茅山,2
茅山村委会,2
茅岗工业区,2
茅草庄,2
茶东小学,2
茶东总站,2
茶东村(茶东路),2
茶山下,2
茶滘路总站,2
草场居委会,2
草场村,2
草庄南路,2
草庄村,2
草庄村总站,2
草暖公园,2
草河小学,2
草河村委,2
荔勤南路(崇文四路口),2
荔城中学,2
荔城街党群中心,2
荔枝小镇,2
荔香路,2
荷村,2
莱茵汇总站,2
莲塘村,2
莲花市场,2
莺涌,2
菱王电梯,2
萝岗总站,2
萝岭路(永顺大道口),2
萧岗齐富二横路,2
蓝山村,2
蓝山村委,2
蓝珠一社,2
蔴地岗,2
蕉利北,2
蕉利南,2
蕉门村站,2
藤业一路中,2
虎塘村,2
蚌湖,2
蚌湖公园,2
融创文旅城,2
融通路中(滨江1号),2
螺旋四路东,2
螺旋四路西,2
螺旋大道西,2
蟹坑村,2
裕丰钢铁厂站(南门),2
裕海路,2
西丽桥北,2
西二村,2
西华寺,2
西华村总站,2
西华路尾总站,2
西南村,2
西向,2
西坑(益民服装城),2
西堤小区,2
西塱社区总站,2
西境村,2
西头村,2
西头高速路口,2
西山村,2
西山村,2
西成村委,2
西涌,2
西环路中,2
西瑶,2
西瓜岭村,2
西线公路口站,2
西边站,2
解放庄,2
谢屋村,2
谢边,2
谷诒路,2
象贤中学北门,2
豪景苑,2
购书中心,2
购书中心,2
贵冲,2
赤山工业区路口,2
赤山村委会,2
赤岗红木家具厂,2
越秀北路,2
越秀桥(越秀北路),2
越秀造纸厂,2
路边村,2
车公庄,2
车陂北路,2
软件信息园路口,2
轻工中专站,2
轻工职业学校,2
轻工路口,2
达溪,2
迎福里,2
迎龙路(华快桥底),2
迎龙路北,2
进港大道西,2
连珠,2
迳口村,2
迳吓村,2
逸景西路总站,2
逸景路口,2
邓山村,2
邓村,2
邵边,2
郭石路口,2
都那村总站,2
里官路西,2
金业别墅花园,2
金埔路口,2
金山大道谭山村口,2
金山小学,2
金山村委,2
金山谷花园总站,2
金峰园路,2
金市路,2
金时花园,2
金沙洲码头,2
金湖住宅区,2
金湖工业区,2
金湾生活区,2
金盆中路,2
金盆村委,2
金盆永福路口,2
金盆钱岗庄,2
金盆骑马街口,2
金盘岭教练场,2
金碧御水山庄总站,2
金科博翠明珠站,2
金竹一路西,2
鑫诺家具,2
钟一,2
钟一工业区,2
钟村屠场,2
钟村敬老院,2
钟楼公园,2
钟楼古村,2
钟落潭茅岗村,2
钟边立交,2
铁塔路,2
铜雀台站,2
银坑,2
银林卫生站,2
银林村口,2
银林村委,2
锦兴染厂站,2
锦城花园(东风东)总站,2
锦涡3桥,2
锦绣银湾,2
镇泰小学,2
镇龙西地铁站(A出口),2
镇龙西地铁站(D出口),2
长丰苑,2
长堤中路,2
长大公司,2
长安社,2
长岗,2
长岭国家健身登山步道入口(坳背路口),2
长平路口,2
长沙埔村委站,2
长洲码头总站,2
长湴北街,2
长福路东,2
长虹岭工业园,2
阅江路总站(珠江啤酒厂),2
阳光南路,2
阳光城(丽景湾)站,2
阳光城丽景湾站,2
阳光路口(金狮大道),2
阿里巴巴菜鸟园,2
陂下(光辉村),2
陆宅一队,2
陈屋,2
陈庄,2
陈洞村,2
障岗村,2
隧南路,2
隧南路西,2
雁洲村,2
雄丰街口,2
雅居乐三千院,2
雅居乐花园,2
雅瑶公交总站,2
雅瑶幼儿园,2
雅瑶环卫站,2
青年农场,2
青年路东,2
青年路中,2
顺峰山公园,2
顺河路口,2
领地海纳天河,2
颐和盛世总站,2
颜峰,2
风正街,2
风神厂东门,2
风茂街,2
飞鹅小学,2
飞鹅岭地铁口,2
食品集团,2
香山湖,2
香山湖总站,2
香山湖路口,2
香山路,2
香山路中,2
香景花园,2
香蜜路中,2
马克村总站,2
马克路站,2
马坑社,2
马山,2
马山宿舍,2
马岭路口,2
马村,2
马洞马新路(茅岗新岗路口),2
马滘河站,2
骏业路西,2
骏功路(连云路口),2
骏威客车厂,2
骏景豪庭,2
高坣,2
高坣总站,2
高增大桥北,2
高尔夫球场,2
高架桥东,2
高桥大街,2
高桥大街口,2
高田村口,2
鱼珠码头总站,2
鱼窝头市场站,2
鳌头公交总站,2
鸡洲市场,2
鸡洲庙,2
鸿利光电,2
鹅兜村,2
鹤亭西路口,2
鹤前东路,2
鹿鸣山总站,2
麒龙西路站,2
麦村,2
麻奢,2
麻奢医院,2
麻涌镇政府,2
麻车村,2
黄丽街,2
黄冈中学,2
黄围,2
黄围,2
黄埔东路(石化南路),2
黄埔古村南广场总站(落客点),2
黄埔古村总站,2
黄埔图书馆(大沙馆),2
黄埔大道东,2
黄埔村南村口,2
黄埔港总站,2
黄山鲁东门站,2
黄村,2
黄村路(大观南路口),2
黄村路(王园路口),2
黄水口,2
黄沙头村,2
黄泥田社,2
黄石东(白云尚城)总站,2
黄石北路口,2
黄阁公交总站,2
黄麻村口,2
黄麻村经济合作社,2
黄麻路,2
黄龙带,2
齐富路,2
龙兴中路口,2
龙口西路北,2
龙坳桥,2
龙塘中街,2
龙塘中街口,2
龙塘进龙街,2
龙威材料城,2
龙岐路口(西环路),2
龙岗大桥南,2
龙岗小学,2
龙岗小学,2
龙岗村,2
龙岗村牌坊,2
龙归地铁站总站(B出口),2
龙水井,2
龙泉路,2
龙洞东路(天源路口),2
龙洞东路中,2
龙洞北路东,2
龙洞总站,2
龙洲路三洲路口,2
龙湖村口,2
龙湖村委,2
龙湖煤气站,2
龙湖路口,2
龙溪地铁C出口,2
龙溪大道总站,2
龙溪村委总站,2
龙珠新村站,2
龙眼洞森林公园东,2
龙表路,2
龙角村路口,2
15队中桥站,1
1978文化创意园,1
1978电影小镇创意园,1
一号航站楼(26-29号门),1
一德西总站,1
一涌站,1
丁坑村委,1
七十七站,1
七星七队,1
七星体育公园,1
七星六队,1
七星北路路口,1
七星小学,1
七星岗,1
七星岗,1
七星岗工业路,1
七星岗工业路南,1
七星岗总站,1
七星市场,1
七涌站,1
七队站,1
万信达公寓,1
万寿路东,1
万寿路中,1
万寿路总站,1
万水塘路口,1
万江医院,1
万江桥,1
万洲村,1
万洲村委站,1
万洲水闸总站,1
万洲水闸站,1
万石,1
万科四季花城(南门),1
万科城,1
万科小学,1
万科广场南公交站,1
万科第五城,1
万能村,1
万豪商业街,1
万达广场,1
万达广场(双山大道)站,1
万达广场站(双山大道),1
万锦豪园西站,1
万顷沙公交站,1
三东新村西区,1
三乐路,1
三乐路伟业路口,1
三乐路北滘站,1
三乐路烈士路口,1
三乡路西站,1
三亚塘景区,1
三元里人民抗英斗争纪念馆,1
三元里地铁站A口,1
三元里抗英斗争纪念公园,1
三其大街,1
三坑水库,1
三坪路口,1
三坭涌站,1
三墩,1
三姓围村,1
三安村路口,1
三将军村委路口,1
三山大道东,1
三山立交,1
三德路口,1
三星,1
三星村,1
三星村委,1
三村村委路口站,1
三村海丰南,1
三村路口,1
三桥丹山水闸,1
三棵松工区站,1
三水大塘中心广场,1
三水大塘中心广场总站,1
三水总站,1
三江关村,1
三江居委,1
三江敬老院,1
三江田心村,1
三江石三路口,1
三江车站,1
三洪奇牌坊,1
三洲居委会(碧桂路),1
三涌(万环西)站,1
三涌村路口,1
三涌龙穴岛站,1
三环岛,1
三百洞村委,1
三百洞村委总站,1
三盛,1
三联村委会,1
三联路口,1
三角路口,1
上中坑村,1
上九坡村,1
上九陂村,1
上元,1
上卢塘,1
上合,1
上围,1
上坭小学站,1
上基村路口,1
上塘小学,1
上塘村,1
上塘村委,1
上屋,1
上扶罗,1
上新,1
上村,1
上柏,1
上步总站,1
上水广州老人院,1
上沙竹园,1
上游路总站,1
上白泥,1
上罗村委,1
上西村路口站,1
上邵工业区,1
上高潭,1
下亮,1
下佰坑村,1
下元村南,1
下北村站,1
下南路,1
下围村,1
下基村,1
下塘路口,1
下大步,1
下新村,1
下新村公园,1
下新村永和街,1
下新村街,1
下柏立交,1
下柏立桥,1
下横栏桥站,1
下横沥大桥站,1
下洞,1
下洞,1
下溪村路口,1
下漕,1
下罗市场,1
下蒌元村,1
下西村委,1
下车路站,1
世农茂生鲜市场,1
世外桃源,1
世环环保公司,1
丘屋,1
东乐路东,1
东乐路西,1
东井村公交站,1
东众路,1
东儒村,1
东兴路,1
东凤南路,1
东凤村委,1
东升,1
东华南路总站(江湾桥脚),1
东向桥,1
东圃客运站,1
东圃珠村总站,1
东坑村委,1
东坑村路口,1
东城万达广场,1
东城体育公园,1
东城体育公园停场,1
东城花园,1
东太村,1
东导小学站,1
东导村委站,1
东导桥站,1
东山体育场站,1
东山口(中山大学附属第一医院),1
东山总站(龟岗),1
东平大道,1
东平大道东,1
东平小学,1
东平广场,1
东平横岗东街口,1
东成庄,1
东方二路站,1
东方广场北门总站,1
东方红村站,1
东昌社,1
东明居委,1
东星,1
东星村委,1
东星社,1
东晓南路口,1
东晖路(夏园农民公寓),1
东村,1
东江大道中站,1
东江大道南,1
东江市场,1
东江村,1
东江村,1
东江首府,1
东江首府东,1
东汾村,1
东沙工业园总站,1
东沙桥底,1
东泰工业区,1
东泰花园西,1
东洞村,1
东洲工业园,1
东海北路中,1
东海北路口,1
东涌万兴路,1
东涌名苑站,1
东涌地铁站,1
东涌地铁站总站,1
东湖路北,1
东漖教师新村总站,1
东濠中路,1
东环街道办,1
东璟街,1
东盛路中,1
东盛路北,1
东线大道口,1
东线路北,1
东线路南,1
东联村委,1
东莞国贸中心首末站,1
东莞庄(广花路),1
东莞庄路,1
东莞庄路中,1
东莞庄路南,1
东西庄村,1
东西部扶贫市场,1
东西门总站,1
东软学院,1
东郊村,1
东镜村总站,1
东隆村站,1
东风,1
东风公交站,1
东风北路,1
东风南路,1
东风村,1
东风村十四社,1
东风村委,1
东风路,1
东风路中,1
东风路口,1
两上村口,1
两上村委,1
两下村委,1
两潭路,1
两龙,1
两龙市场(106国道),1
两龙汽车总站,1
丫塘路,1
中二队站,1
中交汇通中心站,1
中交汇通中心西站,1
中元村,1
中兴市场,1
中区,1
中医医院街口院区,1
中医院,1
中医院(福宁路),1
中华姓名博物馆,1
中南花园,1
中南花园总站,1
中南路北,1
中和,1
中和路,1
中国电信,1
中国软件CBD站,1
中国陶瓷城,1
中埠村委站,1
中埠村站,1
中堂城轨站,1
中大南方学院总站,1
中大新华学院(东莞校区)总站,1
中大皮革城东,1
中小企业园,1
中山八路2,1
中山大学孙逸仙医院(花都院区),1
中心大道,1
中成路口,1
中新映像站,1
中村军营,1
中泰天境花园,1
中洞村,1
中海万锦豪园东,1
中海金沙湾,1
中海金沙里,1
中片区,1
中科院化学所,1
中粮新沙,1
中船东路路口站,1
中西卫生站,1
丰年路,1
丰泰城市公馆,1
丰泰小区,1
丰泽纺织,1
丰田合诚配件厂,1
丰穗农业生态园,1
丰达电机厂,1
临时上下点,1
临时站,1
临时站,1
临时站,1
临时站,1
临时站,1
临时站,1
临时站,1
临时站,1
临时站,1
临时站,1
临时站,1
临时站,1
临时站,1
临时站,1
临时站,1
临时站,1
临时站,1
临时站,1
临时站,1
临时站,1
临时站,1
临时站,1
临时站,1
临时站,1
临时站,1
临时站,1
临时站,1
临时站,1
临时站,1
临时站,1
临时站,1
临时站,1
临时站,1
临时站,1
临时站,1
临时站,1
临时站,1
临时站,1
临时站,1
临时站,1
临时站,1
临时站,1
临时站,1
临时站,1
临时站,1
临时站,1
临时站,1
临时站,1
临时站,1
临时站,1
临时站,1
临时站,1
临时站,1
临时站,1
临时站,1
临时站,1
临时站,1
临时站,1
临时站,1
临时站,1
临时站,1
临时站,1
临时站,1
临时站,1
临时站,1
临时站,1
临时站,1
临时站,1
临时站,1
临时站,1
临时站,1
临时站,1
临时站,1
临时站,1
临时站,1
临时站,1
临时站,1
临时站,1
临时站,1
临时站,1
临时站,1
临时站,1
临时站,1
临时站,1
临时站,1
临时站,1
临时站,1
临时站,1
临时站,1
临时站(119省道),1
临时站(东镜国际装饰材料城),1
临时站(从化区旗杆中学),1
临时站(大街公园),1
临时站(志华农庄),1
临时站(永发大道),1
临时站(流溪河林场安吉小区),1
临时站(清华科技园),1
临时站(白坭桥),1
临时站(科珠路),1
临时站(茭塘新村),1
临时站(葵蓬茶文化产业园),1
临时站(观音古庙),1
丹山新村,1
丹山村(西环路),1
丹桂社区居委会,1
丹灶公交总站,1
丹灶劳边村,1
丹灶医院站,1
丹灶徐边村,1
丹灶沙滘村站,1
丹灶税务分局,1
丹灶翰林湖(徐边村),1
丹灶金沙城区站,1
丹灶金沙邮电局,1
丹灶镇政府,1
丹邱村,1
丹邱村,1
为民中路,1
主山市场,1
丽峰路,1
丽日商业广场,1
丽水湾,1
久裕牛仔街,1
义坑村,1
义山村委总站,1
义山村总站,1
义沙桥站,1
义沙站,1
乌土村委总站,1
乌头石村,1
乌头石村(招呼站),1
乌榕村,1
乌溪村总站,1
乌溪路,1
乌石岗村,1
乌石总站,1
乌石村,1
乌石村,1
乌石村北,1
乌石田村,1
乌石美村,1
乌石美站,1
乐从交通中心(佛山大道南),1
乐从路口,1
乐嘉路中,1
乐嘉路西,1
乐天创意园总站,1
乐安桥,1
乐意居花园总站,1
乐敦路口,1
乐明,1
乐有汇超市,1
乐陶街口,1
九五二小九楼分校,1
九佛二中北门,1
九塘社,1
九头,1
九峰山农庄,1
九曲村路口,1
九曲涌桥,1
九比村总站,1
九江上东四约村,1
九江中学,1
九江交警中队,1
九江大道公交枢纽站,1
九湖村幼儿园,1
九潭,1
九王庙村站,1
九腌地路口,1
九谭,1
九龙二小大坦分校,1
九龙大道南,1
九龙岗,1
九龙江,1
九龙涌公交场,1
九龙湖公园南门,1
九龙镇政府,1
九龙镇新市场,1
二号航站楼(45-48号门),1
二涌站,1
二湾社区站,1
二龙卫生院,1
二龙山生态园景区,1
云城东路,1
云城东路中,1
云城东路口,1
云城中一路,1
云城中三路,1
云山隧道,1
云康南路,1
云星钱隆天誉,1
云生二路路口站,1
云祥居委,1
云祥路,1
云霄街总站,1
五一大道北,1
五一大道路口,1
五丰新村,1
五丰新村,1
五坊,1
五星村,1
五星村,1
五沙一村,1
五沙三村,1
五沙大桥收费站(顺凯北路),1
五沙大桥收费站(顺番路),1
五沙小学,1
五洲材料装饰城,1
五洲装饰材料城,1
五涌,1
五涌站(龙穴大道),1
五环岛,1
五羊邨总站,1
五联村,1
五联村,1
五花村,1
五龙岗,1
井头李,1
井岗大道北街,1
井岗大道北街口,1
井岗大道南街口,1
井岗村,1
井岗村委,1
井岗村委,1
井岗菜场,1
亚口冚,1
亚太木业城,1
亚如冚,1
亚洲国际材料城,1
亚运城,1
亚运城山海湾,1
亚运城广场,1
亚运城总站,1
亚运大道东站,1
交投集团,1
交警吕田中队,1
交警大队,1
交通大厦东,1
京师励耕学校,1
京师励耘学校,1
京溪南方医院,1
京珠高速桥底,1
亭石南路中,1
亭石南路南,1
亭石南路口,1
亭角村(进港大道)站,1
亮星村,1
人保信息中心,1
人力资源和社会保障局,1
人和北后东街口,1
人和华成路公园站(总站),1
人和华盛南路,1
人和华盛南路口,1
人和地铁站,1
人和墟(万家福广场)总站,1
人和墟总站(万家福广场),1
人和大街,1
人和总站(东华村),1
人和村,1
人和聚贤街东,1
人和聚贤街西,1
人民医院,1
人民广场(图书馆)站,1
人民村站,1
人民路口站,1
仁厚直街,1
从化博物馆,1
从化婚姻登记处,1
从化客运站地铁站,1
仑头,1
仑头公园,1
仑头村委会,1
仙人岭,1
仙塘路口站,1
仙娘溪,1
仙师宫,1
仙村一路南,1
仙村铁路桥底,1
仙溪,1
仙溪路口,1
企岗村,1
会元学校,1
会展东路,1
会江地铁站,1
会江学校,1
会江村,1
会江村委,1
伴河路,1
伴河路(瑞祥路口),1
低碳园总部,1
体育路,1
体育路东,1
体育路口,1
何屋村,1
何排村,1
何贤医院(环城东路),1
佛公路(九龙大道口),1
佛塱山贝,1
佛塱村委,1
佛子庄,1
佛山乐城站,1
佛山大学站,1
佛山家博城,1
佛山市第五人民医院,1
佛山模具城,1
佛山西站,1
佛平桂澜路口站,1
佛平路口,1
佛田路口,1
佛陈路农贸市场,1
佛陈路大都村口站,1
佳仕达工业园总站,1
佳兆业凤鸣山,1
依岸康堤花园,1
侨港路口,1
保利城,1
保利天悦,1
保利时代,1
保利紫云,1
保盈大道东,1
保盈大道西,1
信合大厦,1
信达珺悦蓝庭,1
倚绿山庄,1
倚莲半岛,1
假日半岛幼儿园,1
儿童公园,1
儿童公园南门,1
允塘,1
元下田三路口,1
元下田南路口,1
元岗市场,1
元岗村,1
元岗横路中,1
元新街,1
元杰纪念公园,1
元洲,1
元美村,1
先烈南路总站,1
光塔路,1
光塔路总站,1
光明冯坎头,1
光明大窿路口,1
光明村,1
光明路,1
光耀村,1
光辉村,1
全球通,1
全盛花园,1
八坊天桥,1
八斗村总站,1
八涌站,1
公园路,1
公安基地,1
六二社,1
兰桂街,1
兰溪村,1
共和路,1
共星市场,1
共星村委,1
共星村文化中心,1
共青路口,1
关村,1
兴业新村,1
兴业路口,1
兴丰村总站,1
兴和市场,1
兴唐路口,1
兴园南路中,1
兴园南路北,1
兴园南路南,1
兴太一路东,1
兴太三路口,1
兴渔路,1
兴裕大道临时公交总站,1
兴贤牌坊,1
兴隆东路口,1
兴隆中路,1
兵种训练营,1
其岭,1
内环东路,1
军桥,1
军桥东,1
军民路,1
农产品生产基地,1
农机汽车城,1
农机站,1
农讲所总站,1
冯村,1
冯村村委,1
冯村村委,1
冯马一村八队站,1
冯马一村站,1
冯马二村委,1
冯马二村站,1
冯马学校站,1
凌环南路,1
凌环西路(凌边村),1
凌边村,1
凤凰三路,1
凤凰下街,1
凤凰中学,1
凤凰五路,1
凤凰五路(粤芯路口),1
凤凰五路中,1
凤凰古围,1
凤凰城东门商业街,1
凤凰城四环岛,1
凤凰城大道,1
凤凰城总站,1
凤凰城路口,1
凤凰实验小学,1
凤凰小学,1
凤凰山,1
凤凰村,1
凤凰村委总站,1
凤凰路北,1
凤华路,1
凤和村,1
凤尾,1
凤尾村委总站,1
凤岐村委,1
凤晴苑总站,1
凤池市场,1
凤池新村,1
凤湖一路西,1
凤湖中路(凤湖三路口),1
凤盈苑南门,1
凤翔中路站,1
凤翔里,1
凤荔苑,1
凤西二路,1
凤鸣路,1
凯德新玥(三期)站,1
凯德新玥三期站,1
凯旋国际,1
凯景酒店路口,1
凰埔村,1
分水岰,1
分水总站,1
分水村委,1
刘家村,1
创业南路,1
创业路东,1
创业路西,1
创业路西,1
创享湾,1
创兴工业园,1
创意园,1
创新大道(凤湖五路口),1
创新大道中,1
创新大道南,1
创盈路东,1
创盈路中总站,1
创盈路西,1
创立路,1
创誉路西,1
初溪村,1
初溪村委,1
利农村委,1
利坑,1
利大鞋业站,1
利达路,1
前光总站,1
前峰路,1
前进北街,1
前进大街口,1
前锋村,1
剑岭,1
剑岭村,1
剑桥郡医院,1
力康路,1
加石路口,1
务庄市场,1
动物园总站,1
劳教所,1
劳边,1
勤发市场,1
化龙中学,1
化龙产业园,1
化龙教练场,1
化龙驾驶人考场,1
北兴中学,1
北兴中心小学,1
北城公交总站,1
北城公交站,1
北山总站,1
北山村总站(新滘东路),1
北山路口,1
北师大实验学校西门,1
北星路口,1
北流村口,1
北流村站,1
北滘交警中队,1
北滘公园,1
北滘商业广场,1
北滘文化广场,1
北滘行政服务中心,1
北环路,1
北环路(圃结街路口),1
北环路东,1
北环路中,1
北环路北,1
北社路,1
北社路中,1
北站总站,1
北站社区,1
北站路,1
北较场横路,1
北较场路,1
北龙路站,1
区公汽东门,1
区行政服务中心,1
医药职业学校,1
医院西站,1
十三社,1
十三队站,1
十二岭路,1
十二队站,1
十八亩,1
十八罗汉景区正门站,1
十六涌站,1
十四涌水产市场,1
十四队站,1
十字滘村,1
十字路口站,1
十涌半临时站,1
十里江湾,1
十里江湾北,1
千泷沟站,1
千灯湖公交总站,1
千鹤街中,1
千鹤街总站,1
千鹤街路口,1
半坑,1
半岛花园总站,1
半径站,1
华严寺总站,1
华乐大厦,1
华侨中学,1
华侨城主题公园,1
华农基地,1
华创产业园一期总站,1
华创动漫产业园路口,1
华南家电研究院,1
华南师范大学(南海校区),1
华南师范大学附属南沙中学,1
华南新城(沿江路),1
华发峰尚花园,1
华坑生态村,1
华堂街,1
华夏北,1
华夏学院总站,1
华夏陶瓷城西门,1
华山路,1
华峰路口总站,1
华工国际校区南门,1
华工广州国际校区北门,1
华工正门,1
华师大厦酒店,1
华师附中总站,1
华师附小(东悦湾校区)站,1
华扬路,1
华文航空学校,1
华景新城,1
华泉社区,1
华海工业区,1
华海街口,1
华润涂料捷信厂,1
华润热电厂,1
华腾路,1
华腾路口,1
华软南门,1
华辉路东,1
华阳南路,1
华风技工学校,1
华风技校,1
南一市场站,1
南云一路中,1
南云二路中,1
南云二路北,1
南云二路南,1
南亭村总站,1
南园花园大街,1
南国奥林匹克花园总站,1
南国幼儿园,1
南城路北,1
南埔街,1
南塘经济社,1
南大干线(汽车小镇),1
南大干线(金轩一路),1
南山,1
南山公园,1
南山西路南,1
南岗(总站),1
南岗码头,1
南岗西路口,1
南岭中路,1
南岭中路口,1
南岭工业区中路,1
南岭工业区八横路,1
南岭工业区南路,1
南岭工业区南路东,1
南岭工业区四横路,1
南岭村总站,1
南岸路口,1
南平村委,1
南庄,1
南庄中学,1
南庄医院站,1
南庄大道一环路口,1
南庄大道东,1
南庄大道中,1
南庄大道公交临时站,1
南庄大道罗格路口,1
南庄文化中心站,1
南庄枢纽站,1
南庄道班站,1
南庄镇政府站,1
南方医院(白云分院)总站,1
南方医院(白云院区)总站,1
南方医院增城院区站,1
南方医院总站,1
南方学院后门总站,1
南方村委,1
南昌社,1
南星村,1
南村,1
南村尾,1
南村车站,1
南桂桥,1
南楼村路口,1
南横市场站,1
南水路,1
南水路西,1
南沙区人民政府西门,1
南沙图书馆站,1
南沙小学(西门)站,1
南沙数聚大厦,1
南沙村站,1
南沙科创中心站,1
南沙蕉门公交总站,1
南油,1
南泰路(南石路口),1
南泰路(南边路口),1
南泰路口,1
南泰路西,1
南洋学校,1
南洋庄,1
南派村,1
南派花场,1
南浦村,1
南浦村总站,1
南浦综合市场,1
南海中学,1
南海体育馆,1
南海信息技术学校站,1
南海公交总站,1
南海区全科医院,1
南海外国语学校(三山校区),1
南海大道海四路口,1
南海快线枢纽中心,1
南海技师学院站,1
南海旅游公交总站,1
南海第二人民医院北,1
南海管业城,1
南海路北,1
南涌口路站,1
南湖一路,1
南湖半岛花园总站,1
南湖总站,1
南湾水乡总站,1
南源街,1
南漖,1
南漖(立白科技园)总站,1
南漖村,1
南潢路口,1
南石西(地铁棣园站)总站,1
南石路,1
南站小学,1
南箕路总站,1
南粤技工学校,1
南翔一路东,1
南翔一路中,1
南翔三路站,1
南航机务工程部,1
南航综合楼,1
南航货运部,1
南英站,1
南贤路口,1
南边路口,1
南镇牌坊,1
南顺一村尾站,1
南顺一村站,1
南顺二村中路站,1
南顺二村尾总站,1
南顺二村尾站,1
南顺二村站,1
南香山,1
博爱广场,1
博盈站,1
博罗村,1
博艺幼儿园,1
博隽商务园,1
卢屋村站,1
卢溪村西,1
卫生局,1
卫生职业学院北门,1
原尚物流站,1
叁悦广场,1
友谊路口,1
双合寮,1
双和三路,1
双和二街,1
双和公园,1
双和工业区二路,1
双和庄,1
双塘村,1
双头村,1
双岗市场,1
双桥公园,1
双菱扎钢,1
双菱轧钢,1
叠溪花园总站,1
口岸综合楼,1
古东工业区,1
古东村尾,1
古塘社,1
古岗,1
古树大道南,1
古树大道路口,1
古梅北,1
古田,1
古西村口,1
古西老人中心,1
可园,1
叶新围总站,1
叶边市场,1
叶边村,1
司法学校总站,1
合兴村,1
合和路,1
合成东路,1
合成五街,1
合成村委,1
合成西路,1
合景誉山国际南门,1
合水店村,1
合沙村站,1
合生湖山国际峰景,1
合群,1
合群村委总站,1
合耕新村路口,1
合进大道中,1
合进大道北,1
吉利墟,1
吉利市场站,1
吉山新路街(吉山村委),1
吉岐路,1
吉星村,1
吉祥二路路口站,1
吉祥北道,1
吉祥路,1
同乐村,1
同声小学,1
同声小学正门,1
同宝路,1
同康路,1
同江医院,1
同济西,1
后海村口,1
后海村总站,1
后海村路口,1
后滘村口,1
后滘西大街,1
后街牌坊,1
吓坜村,1
吓岗村总站,1
吕新,1
吕田公交总站,1
吕田社区,1
吕田第二小学,1
启德路,1
启源大道中,1
启源大道西,1
吴家涌路(鹤田)路口,1
员村南街,1
员村同乐花园总站,1
员村家乐福,1
员村西街西,1
周屋村,1
周门,1
周门街,1
和丰村委,1
和基花园,1
和平村(招呼站),1
和平路,1
和平路口,1
和桂中路南,1
和桂工业园A区,1
和睦小学,1
和睦村,1
和郁同心路口,1
和顺路口,1
和顺车站,1
和顺车站总站,1
和龙村委,1
唐宁花园,1
唐洪枢纽站,1
唐美村,1
唐阁村总站,1
唯品会总部大厦,1
唯美集团,1
商业大厦,1
商业大道北(北社),1
商业步行街,1
商贸城,1
善贤街,1
喜乐登活动中心,1
喜来登大酒店站,1
嘉梦工业园总站,1
嘉湖花园,1
嘉禾八一科技园,1
嘉禾制药厂,1
嘉禾总站,1
嘉禾金铂天地,1
嘉禾长湴总站,1
嘉禾长湴街总站,1
嘉美小镇,1
嘉逸华庭,1
四丰村,1
四十七中汇景实验学校,1
四十七中汇景实验学校北门,1
四涌(万环西)站,1
四涌半(万环西)站,1
四涌站,1
四联路口,1
团丰,1
团结围站,1
团结市场,1
团结村总站,1
团结村站,1
园圃路口,1
园坛岭路,1
园坛岭路总站,1
园夏村南,1
园夏村总站,1
国防技校站,1
国际1号货,1
国际文化中心,1
图书馆,1
土华路西,1
土江村,1
圣丰混凝土公司,1
地勤公司,1
地玄村,1
地铁三溪站,1
地铁三溪站总站,1
地铁东晓南站总站,1
地铁东涌站,1
地铁东湖站,1
地铁五羊邨站总站,1
地铁南村万博总站,1
地铁双沙站,1
地铁夏园站总站,1
地铁大金钟路站,1
地铁天河智慧城总站,1
地铁官洲站,1
地铁市二宫站2号分站(北行)改为停靠,1
地铁新造总站,1
地铁晓港站,1
地铁桂城站,1
地铁植物园(世纪绿洲)站,1
地铁江夏站总站,1
地铁沙贝站,1
地铁浔峰岗站总站,1
地铁海傍站总站,1
地铁燕山站总站,1
地铁白云公园站总站,1
地铁竹料站总站,1
地铁红卫站总站,1
地铁金坑站,1
地铁长平站总站,1
地铁飞沙角(广隆苑)站,1
地铁飞沙角站,1
均冲站,1
均和村,1
均田,1
均禾上村,1
均禾工业区总站(清湖村),1
坑头东线,1
坑头村总站,1
坦尾牌坊,1
坦尾西路,1
坪地,1
坭紫市场,1
坳头村,1
城东粤运汽车站,1
城中公园,1
城区中学,1
城区小学,1
城南路口,1
城市广场,1
城市规划展览中心,1
城康,1
城康总站,1
城建学院,1
城建学院总站,1
城际官桥北站,1
城际广州莲花山,1
城鳌大道,1
埔南路(翡翠绿洲)总站,1
埔心村,1
埔心路口,1
基业花园北,1
基岗大道南,1
塔竹坑路口,1
塔脚,1
塘下村十社,1
塘下村委,1
塘下江,1
塘丰,1
塘厦村,1
塘口,1
塘口村,1
塘基,1
塘基村委,1
塘头村,1
塘尾,1
塘尾村委,1
塘星村,1
塘田,1
塘联市场,1
塘联旧社,1
塱边村,1
塱边村口,1
塱边村尾,1
增城公交站,1
增塘村,1
增沙村站,1
增龙车站,1
壁珑湾站,1
士官训练学校,1
复甦B,1
夏东,1
夏南二大街,1
夏园总站,1
夏平路(清风路口),1
夏茅大道口,1
夏茅总站,1
夏西工业区北站,1
夏西工业区南站,1
夏西新路,1
大丘园,1
大丰街,1
大井村站,1
大份村,1
大兴,1
大冈小学,1
大冈村口,1
大冈村总站,1
大冈街,1
大农公社,1
大华社区中心,1
大吉村,1
大同村公交站,1
大同村委站,1
大围,1
大围村,1
大地通讯,1
大坑社(深水社),1
大坝桥,1
大坦居委,1
大坪,1
大坪,1
大坳村三合涌站,1
大坳村委站,1
大坳村路口站,1
大埔围,1
大塘工业园,1
大塘镇政府,1
大夫田路口,1
大学城(广工)总站,1
大学城体育中心西,1
大学城北商业区,1
大学城南亭村总站,1
大学城总站,1
大学城总站,1
大学城总站(中部枢纽),1
大宜岗(李家村),1
大尖山戒毒所,1
大山李,1
大山路口,1
大岗中学站,1
大岗农科所站,1
大岗园林宾馆路口站,1
大岗文化中心,1
大岗新客运站,1
大岗村,1
大岭,1
大岭北街,1
大岭南路,1
大岭围,1
大岭村委,1
大岭村总站,1
大岭村总站,1
大岭村龙漖路口,1
大岭顶路,1
大岭顶路东,1
大布沙,1
大干围,1
大平市场,1
大平村,1
大弄庄站,1
大心田村,1
大新路,1
大朗中学,1
大朗总站,1
大朗村,1
大朗火车站,1
大板工业区,1
大正新城,1
大正路东,1
大步口村,1
大步工业区,1
大江直街北,1
大江直街南,1
大江苑总站,1
大汾田公路口,1
大沙东总站,1
大沙地西(中山大道路口),1
大沙村委,1
大沙桥东,1
大沙桥西,1
大沙路口,1
大洞,1
大洞村口,1
大洲路口,1
大洲路口,1
大涌地铁公交站(B出口),1
大涌路西,1
大湾区文体中心（灵新大道）,1
大湾路口,1
大生村委站,1
大田商业步行街,1
大田围,1
大田围路口,1
大田小学,1
大田村总站,1
大田社,1
大石中学总站,1
大石地铁站总站,1
大稳村牌坊站,1
大稳村社区服务中心站,1
大稳水上绿道站,1
大窝塱,1
大纲领村总站,1
大罗村(银平路),1
大罗村总站,1
大良实验小学,1
大菀路口,1
大陂(地派)总站,1
大鹏路口站,1
大麦庄,1
大龙头村,1
大龙头村西,1
大龙村路口,1
天云街,1
天健广场,1
天光墟,1
天和村,1
天园路,1
天城庄路东,1
天安科园总站,1
天安科技园总站,1
天宝地铁站,1
天就站,1
天河城站,1
天泰路,1
天泰路北,1
天涯亭华南制药厂,1
天涯亭市场,1
天湖峰境,1
天湖峰境总站,1
天源路总站,1
天玺湾北门站,1
天玺湾西门,1
天益村第二工业区站,1
天益第二工业区站,1
天誉小学,1
天适樱花悠乐园,1
天陆桥,1
天顺路(思蕴路口),1
天鹅谷(峨山经济社)总站,1
天鹅谷总站,1
天鹿湖老年人护理中心总站,1
太和,1
太和,1
太和人行天桥,1
太和公交总站,1
太和农行,1
太和堂,1
太和岗路,1
太和岗路口,1
太和总站(丰泰横路),1
太和派出所,1
太和镇政府,1
太子坑,1
太平南工业园,1
太平镇政府,1
太港城,1
太石市场站,1
太石村委,1
太石村站(南沙大道),1
太购百货超市,1
太阳升村站,1
头陂村委,1
奇才新村,1
奇槎路口,1
奥园入口,1
如意坊总站,1
威乐工业区,1
威尔登酒店,1
嫩北村,1
子沙村委站,1
孖塘站,1
学富路口,1
学苑路,1
学院站广师大站,1
宁埔大道(创学路口),1
宁埔大道(陈家林路口),1
宁埔大道西,1
宁西政务中心,1
安博基业公司,1
安山,1
安怀外工村,1
安新路,1
安新路北,1
安新路南,1
安良小学,1
安顺涌站,1
宋屋街,1
宏光路中,1
宏岗市场,1
宏岗沥口村,1
官地市场,1
官地首末站,1
官塘村总站,1
官庄达塘,1
官桥牌坊,1
官洞,1
官派,1
官派北,1
官涌村(石清公路),1
官湖地铁站B出口,1
宜家家居,1
宝丰路,1
宝城花园南,1
宝安汽车站(107国道),1
宝峰北路,1
宝溪村一队,1
宝溪村委,1
宝趣玫瑰世界,1
宝隆路,1
家埔村,1
宸悦路,1
宸悦路总站,1
密石村,1
密石村委总站,1
富丰广场,1
富南路北,1
富悦街,1
富景幼儿园,1
富民商务中心,1
富民路,1
富民路口,1
富源一路,1
富豪山庄小学,1
富雅都市华庭,1
寮竹,1
寮采南路口,1
寮采总站,1
寮采村委总站,1
寮采路,1
寺右南街,1
将军塘,1
小坪桥口,1
小城花园,1
小塘北路,1
小塘车站,1
小塱,1
小学北路东,1
小布,1
小布七队,1
小平工业区总站,1
小平牌坊,1
小平路口,1
小杉村委,1
小杉路口,1
小沙村委站,1
小洞村,1
小洲东路,1
小洲南路,1
小洲总站,1
小洲村口总站,1
小罗村,1
小罗村口,1
小迳村,1
尚东阳光,1
居雅装饰城,1
屈洞,1
屏一村公园,1
屏一村新合苑,1
屏一村篮球场,1
山下村委,1
山下村路口,1
山塘,1
山子尾,1
山底下社路口站,1
山心总站,1
山村路,1
山海连城总站,1
山清水秀花园,1
山田村委站,1
山田社,1
山美村站,1
山边,1
山边,1
山马塘,1
山龙村北,1
山龙村委,1
岐东市场,1
岐山村,1
岐山村,1
岐山村口,1
岐山村市场,1
岐山环村南街,1
岐洲路口,1
岐田十字路口,1
岐田村委,1
岗埔街,1
岗头大街,1
岗头村,1
岗尾村,1
岗岭路口,1
岗板村,1
岗贝路口,1
岗贝路总站,1
岭东第一技师学院,1
岭南V谷总站,1
岭南电缆厂站,1
岭南路中,1
岭南路北,1
岭南路南,1
岭头,1
岭西南路,1
岭西路口,1
岳利沙,1
岳埔村,1
岳村站,1
峡石村,1
峡石村总站,1
峰湖御境总站,1
峻泰路,1
峻福路南,1
崇文四路,1
崖鹰石路,1
崖鹰石路北,1
崧岗,1
嵩山路,1
州峰站,1
州洞村委,1
州洞站,1
工业南路中,1
工业南路北,1
工业南路南,1
工业大道中,1
工业大道北,1
工伤康复医院,1
工研院总站,1
工研院站,1
市七十三中学,1
市东下路,1
市二中,1
市国家档案馆(大学城)总站,1
市妇幼保健院(新院区北门),1
市委党校,1
市工人疗养院,1
市政务服务中心,1
市政大学,1
市桥医院(西环路),1
市桥街计生办,1
市民服务中心,1
市法院,1
市红会医院北门总站,1
帝田村委,1
帽峰山,1
帽峰山总站(高屋村),1
帽峰山森林公园,1
帽峰山青年中医药科普园,1
平一路口站,1
平东村委,1
平东社,1
平乐路,1
平北村委,1
平南顺利市场,1
平坦,1
平山路口,1
平岭头村,1
平洲中队,1
平洲玉器街总站,1
平西村安置区,1
广东仲元中学附属学校总站,1
广东兵工总厂中共支部史迹展,1
广东培正学院总站,1
广东工业设计城,1
广东省机械技师学院总站,1
广东粤剧学校,1
广东药学院总站,1
广东警官学院,1
广东财经大学北门,1
广东轻工职业技术大学(南海),1
广东轻工职业技术学院(南海),1
广东青年职业学院总站,1
广中医路,1
广佛钟边路口,1
广医一院总站(靖海路),1
广医二院总站(番禺院区),1
广外北门,1
广外南路口站,1
广外正门,1
广大正门,1
广大附中南沙实验学校站,1
广大黄埔研究院正门,1
广州东站汽车站总站,1
广州佐航花都雅瑶恒通汽车站总站,1
广州信息学校,1
广州动车段总站,1
广州区块链国际创新中心,1
广州医科大学,1
广州华南商贸职业学院总站,1
广州南华工贸技工学校(质检园区),1
广州南汽车客运站(石浦大道南),1
广州南站公交总站,1
广州商贸职业学校站,1
广州国际商品展贸城,1
广州圆,1
广州圆总站,1
广州塔东站,1
广州塔地铁站A口,1
广州塔地铁站A口站点,1
广州大剧院西门站,1
广州大学总站,1
广州工商学院,1
广州工商学院,1
广州工商学院(花都),1
广州市中级法院,1
广州市儿童公园,1
广州市儿童公园北门总站,1
广州市南沙区中心医院站,1
广州市档案馆南(大学城)站,1
广州市疾病中心,1
广州海事博物馆,1
广州火车东总站,1
广州理工学院,1
广州电装公司,1
广州白云站东广场总站,1
广州科学城总站(长安村),1
广州空港实验中学正门,1
广州空港实验中学站,1
广州立白公司,1
广州第三代半导体创新中心,1
广州纺织学院,1
广州花卉博览园总站,1
广州芳村汽车客运站,1
广州血液中心,1
广州金沙洲,1
广州飞机维修公司,1
广新路中,1
广新路口,1
广本研究公司,1
广榕路站,1
广汕一路总站(林机街),1
广汕公路(邓屋路口),1
广汕路口(邓屋路口),1
广汽乘用车,1
广汽传祺东二门,1
广汽传祺东五门,1
广汽日野站,1
广汽研究院,1
广清城际乐同站,1
广物汽车城,1
广珠城轨碧江站,1
广生路站,1
广纳院总站,1
广花一路(夏花一路口)总站,1
广花五路中,1
广花五路口,1
广药生活区,1
广裕祠东门,1
广钢新城(崇文二路)总站,1
广钢新城(荔勤南路)总站,1
广铁一中亚运城小学,1
广雅中学花都校区北门,1
广雅路,1
广龙路(钟落潭村),1
广龙路(龙大庄),1
庆丰一路,1
庆丰一路口,1
庆丰二路口,1
庆槎路,1
庆槎路北,1
应元学校,1
庙埔,1
庙尾村,1
庙排,1
庙潭村,1
庙青9队站,1
庙青中滘桥站,1
庙青大滘涌桥站,1
庙青大滘涌桥站,1
庙青大滘涌桥站(S111),1
庙青排水站,1
康健公司,1
康南路,1
康卫路,1
康大路口,1
康平路,1
康康幼儿园,1
康泰园,1
康湖大街,1
康裕北苑(西环路),1
康裕西园,1
建设新街,1
建设横马路,1
开发区(珠江嘉园)总站,1
开发区总站,1
开发区技工学校,1
开发区电大,1
开发大道立交桥北,1
开拓路口,1
开泰大道(东荟城),1
开泰大道(东荟城路口),1
开萝大道总站,1
开萝大道站(地铁香雪站),1
开达路北总站,1
开达路南,1
张家边路口,1
张松工业区站,1
张松村桥站,1
张松村站,1
弼唐,1
彩滨北路北,1
彩虹桥,1
彩虹社区,1
彭上幼儿园,1
彭上村口,1
彭上综合市场,1
彭西幼儿园,1
彭西祠堂,1
影村总站,1
影田,1
影田卫生站,1
得胜南隅,1
得胜村,1
心和村站,1
心岭村,1
志诚大道东,1
思亭路北,1
思亭路总站,1
思亲园,1
思成路北,1
怡乐路南,1
怡翠公园,1
怡翠花园,1
怡趣路,1
恒大御景半岛花园,1
悦云路口总站,1
悦和公园,1
悦方城,1
惠云园,1
惠云园公交首末站,1
惠联路口,1
慈岭村站,1
成丰生态园农业公园,1
打顶围,1
打鼓岭,1
执信中学,1
执信中学天河校区南门,1
执信增城学校总站,1
执德路,1
扬帆路口,1
报德祠,1
拔蛟窝,1
拖罗村委,1
拖罗路口,1
招呼站,1
招呼站,1
招呼站,1
招呼站,1
招呼站,1
招呼站,1
招呼站,1
招呼站,1
招呼站,1
招呼站,1
招呼站,1
招呼站,1
招呼站,1
招呼站,1
招呼站,1
招呼站,1
招呼站,1
招呼站,1
招呼站,1
招呼站,1
招呼站,1
招呼站,1
招呼站,1
招呼站,1
招呼站,1
招呼站,1
招呼站,1
招呼站,1
招呼站,1
招呼站,1
招呼站,1
招呼站,1
招呼站,1
招呼站,1
招呼站,1
招呼站,1
招呼站,1
招呼站,1
招呼站,1
招呼站,1
招呼站(东涌荣威汽修厂),1
招呼站(凯创),1
招呼站(安顺小桥),1
招呼站(邝维煜纪念中学),1
招村大街,1
指南桥站,1
振兴大街,1
捷进中路,1
推广汽车站总站,1
摇田河大街,1
摇田河大街(里享家),1
摩天轮,1
放马村站,1
政民路,1
政通路,1
故乡里,1
教思亭,1
教育路南,1
散围总站,1
敦和街口,1
敦和路,1
敦和路中,1
敬业路,1
文一,1
文冲地铁D出口,1
文冲街党群服务中心站,1
文化中心,1
文岗,1
文德路总站,1
文教路口,1
文昌北路站,1
文登隧道,1
文礼路口,1
文船生活区东区,1
文边小学,1
文阁,1
斗岗村,1
斗朗社区,1
斯迳路(腰坑水库),1
新三涌,1
新三路口,1
新世纪豪园西,1
新业路北(斗塘路口),1
新中心区南,1
新丽路,1
新光快速,1
新兴村卫生站,1
新兴村站,1
新兴路,1
新凌路(凌边村),1
新华影院,1
新南村楼下社,1
新南海医院,1
新南海医院南门,1
新和北路北,1
新和地铁站,1
新和村,1
新和村,1
新围中心公园,1
新围八队总站,1
新围村,1
新围村,1
新城市场,1
新城路,1
新基村总站,1
新堤路中,1
新塘,1
新塘,1
新塘动车所,1
新塘商会,1
新塘总站,1
新塘总站,1
新塘汽车客运站总站,1
新塘海关,1
新塘牛仔城A站,1
新塘盛世名门总站,1
新填地,1
新境,1
新安,1
新屋,1
新屋,1
新屋村,1
新屋社站,1
新山吓村,1
新岑四路,1
新市南街,1
新市头路,1
新市头路南,1
新市新街中,1
新市新街口,1
新市新街西,1
新庄二路站(新安路口),1
新庄路口,1
新开埔顶,1
新惠路中,1
新扬四队,1
新新大道中,1
新星村,1
新材料C区,1
新村,1
新村,1
新村,1
新村,1
新村,1
新村一巷,1
新村党建公园,1
新村居委会,1
新村村委,1
新桂路南,1
新桥小学,1
新桥村,1
新民九队,1
新水坑,1
新水坑文化中心,1
新水坑村生态园,1
新沙公园,1
新沙大道北,1
新沙市场站(北),1
新沙村站(东),1
新沙港务公司,1
新沙路口,1
新河路北,1
新洲大道,1
新洲村委,1
新浦路口,1
新海村卫生站,1
新海村总站,1
新涌村委站,1
新湴路,1
新湴路口,1
新滘东路总站,1
新滘东路总站(龙潭村),1
新滘中路(龙潭),1
新田居委会,1
新田市场,1
新田村,1
新田村口,1
新田村委,1
新石一环路口,1
新社,1
新福大道中,1
新科上村,1
新约,1
新群,1
新翁祐中学,1
新耀北路中,1
新耀北路南,1
新老屋,1
新联五路(中船大道路口)临时站,1
新联五路(云生四路口)临时站,1
新联五路中站,1
新胜南街,1
新苗学校,1
新誉北路口,1
新誉横路口,1
新造路,1
新镇地,1
新队站,1
新龙大桥东站,1
新龙特大桥临时站,1
方正路中,1
旗冚村,1
旗岭华严寺总站,1
旗岭市场东,1
旗峰路南,1
旗美村,1
日田,1
日立公司站,1
旧寨村,1
旧山吓村,1
旧水坑中心街,1
旧水坑村口(城区大道),1
旧水坑村委,1
旧水坑村尾,1
旧福山村委总站,1
旧高埔村,1
旧黄茅,1
旧黄茅,1
时代广动动力电池临时总站,1
时代广汽动力电池临时总站,1
时代方洲总站,1
时代玫瑰园二期,1
时代花园,1
旺发大街,1
旺岗村,1
旺村东,1
旺村北,1
旺村文体广场,1
旺水口,1
明德路,1
明月一路,1
明泉街总站,1
明珠农业公园站,1
明珠开发大厦站,1
明珠湾体育馆,1
明珠湾开发大厦站,1
明珠管委会总站,1
明珠路南,1
明科四路北,1
明科四路南,1
明贤实验高级中学站,1
明达路口,1
易发步行街(繁华路),1
星尚名玥花园总站,1
星岛环南路(星汉二路路口),1
星岛环南路北,1
星智少儿成长服务中心,1
星汇云城,1
星汇云城总站,1
星汇金沙二期,1
星汇金沙二期总站,1
星汉大道站,1
星海大道万安6队站,1
星海大道万安工业区站,1
星海大道子沙路口站,1
星海大道绿村路口站,1
星海青少年宫,1
映日路东,1
映日路中,1
映月湖北,1
春分路总站,1
昶联厂站,1
显华家电站,1
显子岗(南国桃园路口),1
显子岗站(南国桃园路口),1
显西村,1
晒缯涌站,1
晓港西马路,1
景泰坑临时总站,1
景泰坑总站,1
晶正科技园,1
智择电子厂站,1
智通人才市场,1
暨南大学南校区,1
暹岗村口,1
曙光中路,1
曲寮吓村,1
曾边大道口,1
月亮湾公园,1
月荣村路口,1
朗兴路北,1
朗头中街口,1
望东,1
望岗工业一路,1
望岗西岭总站,1
望牛墩文化广场,1
望顶村北,1
望顶村南,1
朝一,1
朝顺路,1
木棉社,1
木棉脚,1
木潭村,1
朱兜埔,1
朱屋,1
朱屋,1
朱岗尾,1
朱村中学,1
朱村小学,1
朱村牌坊,1
机保段新村,1
机场南13号门,1
机场南出口,1
机场国内货站,1
机场西路尖彭路口,1
机电技工学校,1
机电技工学校总站,1
杉山巷路口,1
李伯坳,1
李家埔,1
李屋,1
杏花大街,1
杜钊路口,1
来安三街,1
杨屋围,1
杨桃公园,1
杨荷路口,1
松云街口,1
松南路,1
松园村委,1
松园社,1
松夏东风路,1
松夏大道东,1
松夏工业园市场,1
松柏塘,1
松柏里,1
松树院,1
松浪社,1
林村,1
果园村,1
果岭,1
枫下村西,1
枫木塱,1
柏兴东路,1
柏兴中路,1
柏兴中路东,1
柏塘中心公园,1
柏塘工业区总站,1
柏悦湾,1
柏林艺术馆,1
柯子岭总站,1
柯子岭总站(河田路),1
柯岭路站(原镇龙水厂站),1
柯木塱南路,1
柯木塱南路北站,1
柯木塱南路南站,1
柯木塱大坪街,1
柯木塱西路,1
柯木迳,1
柯村,1
柳桥北路口,1
柳桥南路,1
树元(新围路口),1
格塘二社,1
格塘村委总站,1
格木岗,1
格涌村,1
桂丹颐景园,1
桂园市场,1
桂城一中,1
桂城加油站,1
桂城地铁站,1
桂城街道办事处,1
桂峰村委,1
桂峰路,1
桂平美食城,1
桂江桥东,1
桂江桥站(怡翠尊堤东),1
桂澜海三路口,1
桂澜路南海家天下,1
桂畔水利枢纽,1
桂香街,1
桃北村口,1
桃园一路站,1
桃园东路,1
桃园中学,1
桃园中路,1
桃园西路北,1
桃园路,1
桃坑,1
桃源北东街,1
桃花岭路口,1
桃花源记站,1
桐油树社,1
桔洞,1
桥东小区总站,1
桥中北路,1
桥中南路,1
桥头小学路口,1
桥头村委,1
桥山工业区,1
桥山村,1
桥福园(东环路),1
桥联正街,1
桥西,1
梁銶琚职校,1
梅东路总站,1
梅园路东,1
梅园路中,1
梅园路总站,1
梅园路西,1
梅树村委,1
梓元岗路中,1
梓元岗路口,1
梓元岗路西站,1
梯面(临时站),1
梯面镇政府,1
棉村,1
棉村市场,1
棋杆中学,1
棋杆慈济医院路口,1
棠下路口,1
棠埔东路,1
棠安路,1
棠安路总站①,1
棠安路总站②,1
棠德东路,1
棠德花苑西总站,1
棠涌南街,1
棠溪车场总站(粤溪北路),1
森林湖,1
森语大街路口,1
植之元站,1
植物园西门,1
楼山下路口,1
楼星村委,1
榄塘村,1
榄塘村总站,1
榄核镇公交总站,1
榕树下,1
榕树冚村,1
榕树吓,1
榕树头,1
榴花中学,1
槎滘,1
槎滘深联纸厂,1
樟洞坑村,1
樟边村委,1
樟边路口,1
横三路口,1
横二队路口站,1
横坑,1
横坑径,1
横坑村,1
横坑路口,1
横塱工业区,1
横塱村委,1
横岗路口,1
横岭八队(横岭村委路口),1
横岭村,1
横朗工业路,1
横枝岗,1
横枝岗总站,1
横枝岗路北,1
横楼,1
横槎,1
横江庄,1
横江村委,1
横沙村,1
横沙路,1
横海,1
横滘小区,1
欧洲工业园路口,1
正果寺,1
正迳,1
正隆村委,1
步云村,1
步律,1
武警广州指挥学院正门,1
武警指挥学院,1
毛铺站,1
民乐村委总站,1
民心学校站,1
民生路北,1
民航技术学院,1
民航生活区,1
民防办,1
气象局番禺站,1
水元东路(水东街口),1
水利二桥,1
水南加油站,1
水南大道中,1
水南大道西,1
水南村,1
水口冚村,1
水口坊,1
水口村,1
水口村,1
水口村,1
水口社,1
水口营,1
水围村,1
水均田村,1
水均田路,1
水均田路中,1
水均田路北,1
水埔,1
水埔村委,1
水头路口,1
水尾,1
水平,1
水濂小学,1
水牛头渡口总站,1
水牛头渡口站,1
水美村,1
水藤加油站,1
水藤站,1
水藤路口,1
水西村,1
水西村委,1
水西路总站,1
水边街(三元里大道口),1
水龙村路口,1
永丰路(华峰路口),1
永乐村(水渭路口),1
永兴,1
永兴村,1
永兴路口,1
永利路西,1
永和,1
永和(木古村),1
永和中学总站,1
永和大道(常春藤)总站,1
永和大道(斗塘路口),1
永和小学,1
永和开发区总站,1
永和总站,1
永和禾丰新村总站,1
永宁大道东,1
永宁总站,1
永安大道西,1
永安站,1
永宽路,1
永康路,1
永康路中,1
永新,1
永福,1
永顺大道东(摇田河大街),1
永顺大道东(新元路口),1
永龙大道(七木桥村),1
永龙大道南,1
氹迳,1
汀根小学,1
汀根村委,1
汇侨新城,1
汇太东金贸街,1
汇景新城东总站,1
汇杰科技园,1
汉田,1
江丰路口,1
江兴村(光明一路),1
江南农批市场,1
江南大道南总站,1
江南富图花园,1
江南新村站,1
江南西路总站,1
江南路临时站,1
江同东路,1
江同路口,1
江夏安置区,1
江夏村安置区,1
江尾,1
江府路东,1
江府路西,1
江心村,1
江怡路,1
江怡路口,1
江新路(镇龙),1
江晓路,1
江晓路口总站,1
江景路,1
江村车站派出所,1
江村车站生活区,1
江欧尾,1
江欧村委会,1
江海街办事处总站,1
江湾二路,1
江滨皮革厂,1
江畔湾北门,1
江联村新围,1
江西坳,1
江贝村,1
江贝村运动场,1
江高(大松岗)总站,1
江高南岗村总站,1
江高新楼村总站,1
江高镇人民政府,1
江鸥村,1
江鸥村委会,1
池岭村,1
污水处理厂,1
汽东城管委会,1
汽车东站,1
汽车东站西,1
汽车城地铁站(市南大道),1
汽车城消防中队,1
汾水小区,1
汾水村委,1
沈山下路口,1
沐陂村总站,1
沙亭广兴路,1
沙亭村委,1
沙亭西路,1
沙元埔,1
沙凤一路中,1
沙北村总站,1
沙南村,1
沙南路,1
沙坑牌坊,1
沙埔医院,1
沙埔大道北站,1
沙塘村口站,1
沙塘路口站,1
沙太路北总站,1
沙头,1
沙头中学,1
沙头南,1
沙头市场,1
沙头村,1
沙头村,1
沙尾一路口站,1
沙尾村,1
沙尾桥底,1
沙尾水闸,1
沙尾站,1
沙洛工业园,1
沙洛市场,1
沙洛村委,1
沙洛村站,1
沙洲,1
沙海村,1
沙涌南(凤翔公园)总站,1
沙渡路,1
沙湾一街,1
沙湾五街,1
沙湾珠宝产业园,1
沙湾珠宝产业园总站,1
沙溪村,1
沙溪社区,1
沙滘,1
沙滘村,1
沙滘路口,1
沙田村委会,1
沙田村总站,1
沙螺湾村站,1
沙角村委,1
沙迳村委,1
沙面小学(大坦沙校区),1
沙龙尾,1
沥一经济社,1
沥心沙东路,1
沥心沙东路口,1
河东派出所,1
河宕东,1
河村村口,1
河柳街,1
河沙中路西,1
河洞,1
河洞,1
河田西路,1
河西大道中,1
河西小学,1
河西市场,1
沿江路中,1
沿江路总站,1
泌一新村站,1
泮霞村,1
泰山路中,1
泰禾广州院子,1
洋田塘口,1
洋田村,1
洋田村总站,1
洋田白石岗总站,1
洛三,1
洛平路,1
洛浦医院,1
洛溪,1
洛溪西一村,1
洞企石路,1
洪奇沥大桥北(南沙交警二中队),1
洲仔围,1
活力体育中心,1
派潭养护站,1
流溪半岛总站,1
流潮,1
流花路小学,1
浔峰花苑,1
浪拔村,1
浪网大道路口,1
浮山大街口,1
海中八路,1
海中北路,1
海中小学,1
海中村总站,1
海中村站,1
海中高得,1
海五桂澜路口站,1
海傍幼儿园,1
海傍水乡,1
海北中学,1
海北市场,1
海南南丫东,1
海南南丫村口,1
海南南丫西,1
海南生北坊,1
海南连生坊,1
海大集团(化龙大道),1
海大集团总站,1
海安路站,1
海安路西站,1
海心村,1
海心沙公园,1
海心沙码头,1
海愉苑,1
海珠南路,1
海珠广场总站(侨光西),1
海珠涌大桥北,1
海珠涌大桥南,1
海琴湾总站(下渡路),1
海畔花园,1
海龙路口,1
消防中队站,1
涌北大街口,1
涌口工业区,1
涌边村,1
润江南路中,1
润江南路总站,1
淘金东路,1
淘金北路总站,1
淘金街,1
淘金路,1
淘金路口,1
深井码头总站,1
深沙尾,1
深沙村,1
深涌工业区,1
深涌村,1
清布街,1
清流村,1
渔中路站,1
渔沙坦(中山村)总站,1
渔沙坦(旺岗)总站,1
渔沙坦(渔东路)总站,1
渔沙坦总站(旺岗),1
渔沙坦总站(渔东路),1
温南路口,1
温塘肚,1
温屋社,1
温泉交警中队,1
温泉明月山溪,1
温泉牌坊,1
港前路(电厂东路口),1
港前路东,1
港前路口,1
港口大道南,1
港头,1
湖东西社村,1
湖景湾北门,1
湖滨南路,1
湛翠综合市场,1
湴汾村,1
湴湄村口站,1
湴湄村委站,1
湴湖卫生站,1
湴湖村委,1
湴湖黑叶园,1
湾扶,1
源和村,1
源和村西,1
源湖村五社,1
溪东村,1
溪东桥,1
溪头,1
溶洲路口,1
滘口地铁站,1
滘口客运站,1
滘心村,1
滘心村(滘心路口),1
滘心村总站,1
滨江东路总站,1
滨河路,1
滨河路西,1
滨海实验学校(南校区)站,1
滨海路站,1
滴水岩森林公园总站,1
潘屋,1
潘屋,1
潘屋社(临时站),1
潢涌体育馆,1
潢涌公寓,1
潢涌商业城,1
潭山中学站,1
潭山小学,1
潭村,1
澳洲山庄,1
濠迳村,1
火炬职院,1
火炬路,1
火炬路(雅居乐),1
火炼树,1
火车站(福宁路),1
火车站综合体,1
灯布社,1
灯湖东路中,1
灯湖西路南,1
灵山岛儿童公园,1
炭步,1
炭步二中,1
炭步镇二小,1
烨辉站,1
爱民路口,1
爱群村委,1
牛仔谷,1
牛利岗南街,1
牛古潭,1
牛心岭总站,1
牛路,1
牛轭洞,1
物流园,1
独树岗,1
独树岗市场,1
独树岗牌坊,1
狮地村,1
狮城国际(合和路),1
狮山大学城总站,1
狮山派出所松岗警务区,1
狮山海逸桃源花园,1
狮山石门高级中学,1
狮山高级中学,1
狮山高速路口,1
狮岭利和路,1
狮岭前进村卫生站,1
狮岭工商学院,1
狮岭汽车站总站,1
狮民村总站,1
狮诚医院站,1
狮象村委,1
猪肠桥,1
玉兰路,1
玉兰路中,1
玉兰路南,1
玉枕村,1
玉麟一路,1
王园路,1
王圣堂牌坊,1
王子山公园总站,1
王洞社,1
王洲湾1号东,1
玖龙宿舍,1
玖龙纸厂,1
玫瑰园,1
环城东路南,1
环城西路,1
环山新村,1
环山村,1
环岛南路东(科睿路口),1
环岛南路中,1
环市东南国路口,1
环村北路中,1
环村北路北,1
环村北路南,1
环村南路,1
环洲二路东,1
环洲二路北,1
环洲四路,1
环湖路,1
环滘旧桥头,1
环滘村总站,1
环滘村路口,1
环翠南路,1
现龙街,1
玲洲总站,1
珀丽酒店,1
珊景步行街(和乐路),1
珊瑚村委,1
珊瑚村委总站,1
珑耀华府,1
珠光路总站,1
珠吉街,1
珠吉路北,1
珠宝小镇总站,1
珠岛花园公交场,1
珠村七夕广场,1
珠江东路站,1
珠江南景园总站,1
珠江学院(东北门),1
珠江源昌花园,1
珠江灯光高新科技园,1
珠江街卫生服务中心,1
珠江街政务中心站,1
珠湖村,1
珠电路口站,1
琶洲保利总站,1
琶洲大桥北总站,1
瑞南路,1
瑞南路口,1
瑞宝乡,1
瑞宝南路,1
瑞岭大新站,1
瑞岭村委站,1
瑞机手袋厂,1
瑞祥路,1
瑞祥路东,1
瑞祥路西,1
瑞边村路口,1
瑶田路口,1
璧珑湾站,1
瓜岭村,1
瓦窑岗,1
瓦窑社(公里社),1
甘岗村委站,1
甘岗村站,1
甘竹山公园,1
生南,1
生态小镇,1
生活二区路口,1
生物产业园人才公寓,1
生物岛叠翠园,1
生物岛水墨园,1
田南路,1
田园路(新元路口),1
田园路中,1
田塘站,1
田心,1
田心,1
田心中心路,1
田心围,1
田心村,1
田心村,1
田心村委,1
田心村总站,1
田美村委,1
田美西村,1
电力机车,1
电厂东路,1
电厂东路口,1
电子五所,1
留东村东基站,1
留东村口,1
留新路站,1
留耕堂,1
番中路口,1
番安教考场,1
番村,1
番禺健力宝总站,1
番禺创新科技园西门,1
番禺区政务服务中心,1
番禺区第二人民医院总站,1
番禺博物馆,1
番禺大桥,1
番禺奥园南门,1
番禺客运站公交站,1
番艺花园(东环路),1
畲族村,1
疗养院,1
登穗路口,1
白云区图书馆,1
白云区气象局,1
白云山西门,1
白云机场T1A区4号门外4号位,1
白云机场T1A区到达大厅,1
白云机场T1B区到达大厅,1
白云机场T2西客运站,1
白云机场一号航站楼(25号门),1
白云湖公园西湖北门,1
白云空港商务区,1
白云花园,1
白云高尔夫花园总站,1
白兰站,1
白土,1
白土村,1
白坭,1
白坭小学,1
白天鹅京溪小学,1
白天鹅花园,1
白天鹅花园总站,1
白山村,1
白山村尾,1
白山村居委,1
白山村广场,1
白岗村,1
白岗路口,1
白水寨,1
白江湖森林公园,1
白沙公交总站,1
白沙公交站场,1
白沙商贸街,1
白沙小学,1
白沙村口,1
白沙村总站,1
白沙桥站(临时站),1
白沙社区,1
白洞桥,1
白湖村,1
白田岗,1
白石冚,1
白石岰,1
白石村,1
白石站,1
白米巷站,1
白蚬壳码头,1
白面石村(招呼站),1
白马塘,1
白鳝塘总站,1
白鹅潭艺术中心码头,1
白鹤沙总站,1
白鹤沙路,1
白鹤洞码头,1
百乐门食街,1
百亩园,1
百年光电厂站,1
百稔庄,1
百花古寺,1
百花路口,1
百鹤路口,1
皇岭社,1
皇庭峰景壹号,1
皮具文化园站,1
盈丰路总站,1
益海嘉里,1
益禾公寓站,1
益群村(金狮大道),1
盐步老龙公园,1
盘古王公园总站,1
盛世名门,1
盛龙社区,1
省妇幼保健院(金新大道),1
省质检基地,1
省贸易学校路口,1
省轻工学院,1
眉山工业区,1
眉山村,1
看守所,1
知新路(九太路口),1
知新路(博华六路),1
知新路(含英一路口),1
知新路(汤村),1
知新路(玉兰大道口)站,1
知新路(龙马路口)站,1
知新路南,1
知新路总站(万科幸福荟),1
知明路(何棠下),1
知明路(建设新街路口),1
知明路中,1
知明路南(广州泰和肿瘤医院),1
知行园,1
知识城南(地铁何棠下站)总站下客区,1
知识城南站,1
矮岗村,1
矮岗村委,1
石东路口,1
石二社,1
石井,1
石井,1
石井(广东兵工厂旧址)站,1
石井(朝阳村),1
石井(红星小学)总站,1
石井庆丰总站,1
石井总站,1
石井总站,1
石井总站(滘心村),1
石井总站(红星村),1
石井朝阳村,1
石井红星村总站,1
石井路口,1
石伦里,1
石化南一街,1
石化小学,1
石化路口,1
石南大桥,1
石南路,1
石南路东,1
石厦村,1
石古塘,1
石合路口,1
石吉,1
石吓村,1
石咀村委,1
石咀村路口,1
石围塘码头,1
石基小学站,1
石基村,1
石基村委站,1
石基村市场站,1
石基村站(市南路),1
石塘村委,1
石壁一村,1
石壁中学总站,1
石头村,1
石安路,1
石安路东,1
石岗东街,1
石岗二桥,1
石岗西基街,1
石岗路(绿地滨江汇),1
石岗路(绿地滨江汇)总站,1
石岭村委,1
石庆路北,1
石床,1
石新路南,1
石明村委,1
石楼官塱路,1
石楼碧桂园,1
石榴岗总站,1
石湖总站,1
石湖村东,1
石湖路口,1
石湖镇东路总站,1
石湾公园,1
石湾客运站,1
石滩客运站,1
石滩汽车站,1
石滩路口,1
石燕村,1
石牌东路北,1
石牌东路南,1
石牌村牌坊站,1
石碁成校,1
石碣市场,1
石碣路口,1
石联小学,1
石联村委,1
石联村委,1
石脚下,1
石西路口,1
石门街,1
石马公交场总站,1
石马德圣社区,1
石马总站,1
石马涌边大街中,1
石马涌边大街北,1
石龙大围,1
石龙火车站隧道口,1
矿泉街道办,1
碑记街北路口,1
碑记街路口,1
碧山村总站,1
碧映路东,1
碧映路西,1
碧桂园,1
碧桂园,1
碧桂园(会所),1
碧桂园假日半岛,1
碧桂园芷兰湾,1
碧桂西苑,1
碧桂路三乐路口,1
碧水新村,1
碧水新村总站,1
碧翠华庭站,1
磻溪村委,1
礌岗公园南门,1
礌岗地铁站,1
礼传三街,1
礼岗路,1
礼岗路口,1
社边街,1
祈福新村总站,1
祈福新邨,1
神山医院,1
神岗大桥,1
神州路,1
神舟路中,1
神舟路员工楼,1
祥云路总站,1
祥元路,1
祥岗东街,1
祥岗社区,1
福上下社一站,1
福上下社二站,1
福从路东,1
福和,1
福和医院,1
福和敬老院,1
福安村站,1
福愉西路,1
福星社,1
福洞小学,1
福洞村,1
福洞村尾,1
福盛花园,1
禺山高级中学(福贤路),1
禺秀园,1
禾丰新村东门,1
禾丰新村西门,1
禾丰环路南,1
禾丰路(春分路口),1
禾丰路东,1
禾仓村,1
禾堂岭,1
禾石站,1
秀亭二路中,1
秀亭二路北,1
秀亭二路南(白云湖西湖),1
秀全中学,1
秀塘五队,1
秀塘村委,1
秀水,1
秀水村,1
秋枫村委,1
秋风路口,1
科兴西路,1
科兴路,1
科华路,1
科学城南部公交场总站,1
科学城路口总站,1
科学大道(揽月路口),1
科技小镇东,1
科教城小学,1
科教城西公交总站,1
科教城西总站,1
科新路,1
科新路口,1
科林路总站,1
科泓路(科创大道路口),1
科甲居委会站,1
科目二考场,1
科翔路,1
移民新村,1
税务新村,1
穆院村,1
穗凌公司,1
穗华中学,1
穗园小区总站,1
窑下冚,1
窖吓村,1
立德街,1
立景创新科技总站,1
站前横路口站,1
站前路,1
站前路,1
站前路(西郊大厦)总站,1
童心北,1
竹三村总站,1
竹园头,1
竹坑保安亭,1
竹坑小学,1
竹坑村,1
竹坑村委,1
竹山总站,1
竹山村,1
竹山村口,1
竹料一中,1
竹料公交场,1
竹料综合市场,1
竹湖村,1
笔岗新村总站,1
笔村总站,1
第一国际,1
第三水厂,1
简塘村,1
米岗村委会,1
米岗村总站,1
米岗西门,1
米田社,1
粤新船厂总站,1
粤溪村,1
紫云阁,1
紫石岗,1
紫金城,1
紫霞山庄,1
红卫岗,1
红山村,1
红岭,1
红庄社,1
红旗中心路中,1
红旗坊,1
红旗村,1
红星南路,1
红星工业路北,1
红星工业路南,1
红星平安大道南,1
红星村站,1
红星路口,1
红海货场,1
红港村站,1
红湖村路口站,1
红田围,1
红石村委,1
红联,1
红联,1
红谷尚品站(临时站),1
纳帕溪谷,1
纵五路口,1
纸厂市场,1
纺织路,1
绀现站,1
经贸学校,1
综合市场,1
综合管理中心,1
绿地香树花园总站,1
绿地香树花城总站,1
绿景路口,1
绿村村委站,1
缠岗,1
罗仙村,1
罗仙村安置区,1
罗坑村,1
罗岗村,1
罗岗村委,1
罗庄,1
罗村,1
罗村二中,1
罗村敬老院,1
罗水楼,1
罗洞新塘,1
罗溪中路,1
罗溪村委,1
罗溪村总站,1
罗溪路,1
罗窑路,1
罗隐路口,1
美国工业区,1
美林湖,1
美林湖仓库,1
美的大道江山路口,1
美的工业区,1
美的工业园(南珠大道),1
美的工业园站,1
美的生活电器公司,1
美荔公园,1
美食广场南门,1
群星新村,1
群爱村,1
群爱村委,1
群爱村路口,1
群结村,1
群结村路口站,1
翠宝路,1
翠山路,1
翠竹园总站,1
翡翠蓝湾社区总站,1
老屋村,1
老干部活动中心,1
耕寮村,1
聆雨路口,1
联东U谷总站,1
联丰卫生站,1
联丰村,1
联丰村委,1
联丰村委,1
联和墟总站,1
联安,1
联安村四队,1
联安村委,1
联平村委,1
联广路东,1
联广路中,1
联广路西,1
联星,1
联星村,1
联星西街,1
联河路中,1
联溪洞牌坊,1
联滘路东,1
联益村,1
联群村委,1
联表,1
联诺科技站,1
联边文体公园,1
聚德中路,1
聚胜花园,1
聚贤街牌坊,1
聚龙地铁站D口,1
聚龙城,1
聚龙村,1
肇庆体育中心西门,1
肇庆长途站,1
肉联厂,1
育才东路,1
育才路何家庄,1
育水一路中,1
育英路,1
背阴村,1
胜塘,1
胜洲村,1
胡宅路口,1
胡忠儿童医院,1
胡忠儿童医院总站,1
能源路,1
腊布医院,1
腾冲牌坊,1
腾龙路北,1
良口公交总站,1
良园一路,1
良园一路口,1
良地埠站,1
良墩,1
良平村委,1
良田中路,1
良田保税路总站,1
良田南路,1
良田村站,1
良田环村西路,1
良田良狮路口,1
艺苑南路,1
艺苑南路口,1
芒林街,1
芙滨中路,1
芙滨路西,1
芙蓉东门,1
芙蓉大道路口,1
芙蓉度假村站,1
花东中学路口,1
花卉世界,1
花博大道,1
花园路,1
花园路口,1
花城北路,1
花城大道(平云路口),1
花城广场西总站,1
花城村卫生站,1
花城村卫生站,1
花山两龙,1
花山医院(106国道站),1
花山城西村,1
花山村,1
花岭,1
花港大道路口,1
花湾路,1
花都120指挥中心,1
花都儿童公园,1
花都儿童公园总站,1
花都区青少宫,1
花都区驾驶人考场,1
花都大道东,1
花都大道西,1
花都港综合办公楼,1
花都理工学校正门,1
花都飞鹅岭地铁口,1
芳二社,1
芳村丰年路总站,1
芳村合兴苑总站,1
芳村码头(信义路)总站,1
芳村花园(花园东街),1
苏坑,1
苏溪村,1
茂敦路口,1
范湖工业园,1
范湖市场,1
范湖机场,1
茅坪,1
茅山大道北,1
茅山大道南,1
茅山新二社,1
茅岗新岗路,1
茅田村,1
茅田路口,1
茘红路总站,1
茭塘东村牌坊,1
茭塘西,1
茶元岗文化室,1
茶叶市场,1
茶塘村,1
茶山,1
草场工业园,1
草埔,1
草塘村,1
草墩,1
草庄公园,1
草弄庄站,1
草河牌坊,1
草罗村,1
荔信三街,1
荔勤南路,1
荔勤南路总站,1
荔园,1
荔星大道北,1
荔景中学,1
荔枝园西,1
荔湖城总站,1
荔湖社区总站,1
荔湾图书馆,1
荔湾湖西门,1
荔香公园,1
荣兴路,1
荷塘村,1
荷景路,1
荷村牌坊(荷岳公路),1
莘田小学,1
莘田工业区,1
莘田村委,1
莞香水果市场,1
莫庄村,1
莲塘村,1
莲塘村,1
莲塘村,1
莲塘村委站,1
莲塘村总站,1
莲山中路,1
莲峰书院,1
莲溪大道站,1
莲花山庄,1
莲花山港总站,1
莲花砚路,1
莹湖公园站,1
菠萝山,1
菰坂塘,1
菰板塘,1
萝岗中医院,1
萝岗区青少年宫,1
萝岗行政执法楼,1
萝岭路南,1
营三街,1
萧岗市场,1
萧岗明珠北路,1
萧岗涌北大街,1
葵湖村,1
葵蓬一队,1
葵蓬西滘市场,1
蒋村,1
蒋村总站,1
蒙花布,1
蓄能电站,1
蓝天高级技校站,1
蓝山上坊社,1
蓝楹街长岗中学,1
蓝珠,1
蓝珠二社,1
蓝田村,1
蓼江上梁,1
蓼江村,1
蓼江村小学,1
蔗山村口,1
蔡二村(番禺大道),1
蔡边村(番禺大道),1
蔡边村总站,1
蕉园路口,1
蕉西路北站,1
蕉门公园站,1
蕉门地铁总站,1
藏书院村,1
藤业一路西,1
虎塘村委总站,1
虎沙大道,1
虎窿村总站,1
虎门渡口总站,1
虾角,1
蚌湖桥南,1
蚌湖清河大街总站,1
蛇龙南,1
蛟潭,1
蛤地地铁站,1
蜜仔窿,1
融穗澜湾,1
螺旋三路,1
蟹山西,1
蟹庄村,1
蟹庄村总站,1
蟾龙北路,1
行政中心,1
袁家涌南门楼,1
裕丰围总站,1
裕丰桥,1
裕安围,1
裕安围东约,1
裕海路总站,1
西一村,1
西一村下北,1
西一村工业路,1
西三村口,1
西三村总站,1
西丽小学,1
西乡二路路口,1
西二村市场,1
西南加油站,1
西南村委会,1
西南鹏城小学,1
西后街,1
西向村,1
西和牌坊,1
西园,1
西园村,1
西场总站,1
西塘村,1
西塘村六塘,1
西塘村委会,1
西塘矮岭仔,1
西塘稻草农业公园,1
西山村口,1
西山村委,1
西山白屋站,1
西岭村,1
西岭村东,1
西平轨道站,1
西平轨道站南,1
西庄,1
西庄路口,1
西成路,1
西成路中,1
西村,1
西村,1
西樵城区(官山二桥),1
西樵幼儿园总站,1
西樵幼儿园站,1
西樵村委站,1
西江社,1
西河村,1
西洲北路(增槎路口),1
西洲北路尾总站,1
西洲大道,1
西洲总站,1
西浦联谊会,1
西海东一村,1
西海大桥北,1
西湖滩路口,1
西湾路(唐宁花园),1
西溪桥,1
西环路北,1
西瓜岭,1
西瓜岭后街,1
西电广研院总站,1
西窖村,1
西约,1
西胜街(云道入口),1
西胜街总站,1
西苑南街,1
西街中,1
观海路,1
观绿桥,1
观龙岛十七队,1
观龙岛总站,1
观龙桥脚,1
规划局,1
解放路,1
誉山国际五区总站,1
誉山国际北门总站,1
讴村,1
诗书路,1
诜村总站,1
诜村村委会,1
诜村路口,1
谢岗,1
谢石公路(汉溪大道东路口),1
谢石公路中,1
谭边村,1
谷涌南,1
谷裕市场,1
豆角岭,1
象山村,1
象新村路口,1
象贤中学(福北路),1
象骏中学,1
贵斗村,1
资政大夫祠,1
资源热力电站,1
赤坭医院总站,1
赤坭工业园站,1
赤坭幼儿园,1
赤坭西莲塘村委总站,1
赤岗大塘总站,1
赤岗站(江海大道),1
赤岗西,1
赤村路口,1
赤树路口站,1
赤沙村口,1
赤沙茅园岗大街,1
赤沙路,1
赤沙路中,1
赤滘,1
走马夫,1
走马岗路,1
超视堺南门站,1
超视堺西门,1
超邦化工厂,1
越峰电子厂,1
越秀可逸阳光,1
越秀滨海新城站,1
车城大道西,1
车城路口,1
车步,1
车洞村委,1
车辽,1
车陂西路(广氮大道口),1
轻工职业学院,1
辛庄,1
辣塘路口,1
边潭村站,1
达鑫江滨新城,1
过境路口,1
迎宾大道中,1
迎宾路口,1
迎龙路,1
迎龙路(石门禅院)站,1
运动员国际区,1
远安路南,1
连丰,1
连兴,1
连塘,1
连塘市场,1
连塘村委,1
连塘村路口,1
连溪大道站,1
迪安路口,1
迳头九社总站,1
迳头二小分校,1
迳头二社,1
迳头六社,1
迴龙亭街口,1
通坑村,1
逢沙三会站,1
逢沙东利,1
逢沙会龙,1
逢沙新区,1
逢沙旧渡口,1
逢涌村委会,1
逢涌桥,1
逸景翠园,1
道滘城轨站,1
邓屋村,1
邓岗小区,1
邓村路口,1
邦盛二路,1
邮政物流中心,1
邮轮母港公交总站,1
邱屋龙溪谷田园世界,1
郭塘,1
郭塘加油站,1
郭塘小学,1
郭塘村,1
郭塘村口,1
郭塘村尾,1
郭塘西岭工业区,1
郭塘货场,1
郭庄,1
郭庄,1
郭村,1
郭石路中,1
都那牌坊,1
酒店商业街,1
里官路东,1
里水城区,1
里水客运站,1
里汾,1
里汾村,1
里汾村委,1
重岗村,1
金信路总站,1
金兰寺村,1
金地上城,1
金坑站,1
金宇花园总站,1
金属冶炼厂,1
金山产业园,1
金山北路,1
金山大道草堂村口,1
金山村委总站,1
金山谷尚层,1
金山路口,1
金岭南路口公交站,1
金州新邨,1
金新大道,1
金新大道中,1
金桔咀桥,1
金棕榈湾,1
金水里东,1
金水里村口,1
金水里西,1
金沙人家,1
金沙邮电局,1
金洲公交站,1
金渡大花坛,1
金湖雅苑总站,1
金源花园站,1
金溪科技园,1
金燕庄,1
金狮大道中,1
金狮大道西,1
金盆北路,1
金盆北路口,1
金盆村骑马场,1
金盆金沙路口,1
金碧路总站,1
金禧路西,1
金穗路总站(马场路口),1
金荷二路站,1
金菊花园,1
金融大厦站,1
金谷路口,1
金轩三路(广汽爱信),1
金轩三路(祺盛动力),1
金逢路口,1
金钟,1
金隆小学海滨路校区,1
金隆小学滨海路校区,1
金鸡,1
金龙城财富广场,1
钓鲤,1
钟岭村站,1
钟联路(白水塘)站,1
钟联路(赤米塘)站,1
钟落潭(钟升东路),1
钟落潭市场,1
钟落潭村委会,1
钟落潭高校站,1
钟边村,1
钢铁基地站,1
钱岗东向,1
钱岗古村,1
铁山村,1
铁路文化广场,1
铁路物流园,1
银利新邨,1
银利街,1
银场村(招呼站),1
银平路,1
银沙工业区站,1
银河路路口,1
锦一总站,1
锦三村委,1
锦二村委,1
锦园路南,1
锦村村委总站,1
锦绣趣园(105国道),1
锦龙站,1
镇中路,1
镇标站,1
镇泰东门,1
镇泰厂站,1
镇泰工业城,1
镜湖工业区总站,1
长七,1
长坦总站,1
长坦村口,1
长塘路口,1
长塘路口,1
长安北站,1
长安商贸城公交站,1
长安村口,1
长安社区,1
长安霄边派出所公交站,1
长山埗,1
长岗村总站,1
长岗路口,1
长岭总站,1
长岭村,1
长岭路总站(贤江西),1
长布村,1
长平村总站,1
长庚村,1
长新路口,1
长江路口,1
长江路总站,1
长沙卫生站,1
长沙埗长荔街口,1
长洲,1
长洲码头,1
长洲路口,1
长流村委,1
长湴中路,1
长湴工业一路,1
长湴工业街,1
长湴工业街口,1
长湴市场,1
长湴街,1
长源路,1
长盛路中,1
长盛路北,1
长盛路南,1
长盛路口,1
长福路,1
长福路中,1
长红广场,1
长红村总站(长湴街口),1
长红西路,1
长莫村委站,1
长贝二路(恒兆广场)总站,1
长贤路,1
长贤路东,1
长隆旅游度假区总站,1
长隆熊猫酒店,1
长隆酒店,1
门口岗总站,1
阳光家园,1
阳升村总站,1
阳升路口,1
阿里巴巴大厦,1
陆仕水产总站,1
陈塘社,1
陈太路(军民路口),1
陈家林路南,1
陈家祠总站(中山七路),1
陈洞村总站,1
陈洞村龙田庄,1
陈洞枝峰街口,1
陵园西路,1
陵岗,1
陶都站,1
隔塘大街,1
隔山村,1
隔岸,1
雁塔大桥东,1
雁洲村总站,1
雄丰村,1
雅居乐,1
雅居乐,1
雅居乐总站,1
雅山村口,1
雅致,1
集安街,1
集成电路产业园,1
集星路口,1
集贤村,1
集贤苑教师新村总站,1
雨洪公交总站,1
青少宫,1
青年路西,1
青萝路口,1
青迳村,1
面带路口,1
韦海路,1
韦海路(中建四局),1
顺德一中高中部,1
顺德区政府,1
顺德区税务局,1
顺德学院地铁站,1
顺德客运总站上客点,1
顺德职院站,1
顺成·大融城北门,1
顺昌路,1
顺河村委站,1
颐养院,1
风信路,1
风味园,1
风神六号门口,1
飞扬西路,1
飞粤大道中(九一村西),1
飞鹅墓园,1
飞鹅村,1
飞鹅路,1
飞鹅路,1
饮食风情街,1
香凝学校,1
香山大道中,1
香山大道南,1
香江野生动物世界总站,1
香草世界,1
香荔二路,1
香荔路,1
香荔路北,1
香雪二路,1
香雪山南,1
马修村,1
马修谢屋村,1
马克村站,1
马兰形,1
马前村口站,1
马前村站,1
马务大街,1
马务联和西街,1
马口圳,1
马岗岭街口,1
马岭村委,1
马庄村,1
马新路(广新路口),1
马洞广新路东,1
马洞广新路中,1
马洞马新路东,1
马溪总站,1
马溪村,1
马鞍山公园东,1
驳塘街,1
驹荣北路地铁站,1
骆村,1
骆村市场,1
骏功路,1
骏功路西,1
骏达路东,1
高丰总站,1
高唐路中,1
高塱,1
高增村,1
高岗路,1
高峰村委,1
高平桥,1
高新沙桥北站(北),1
高新沙桥北站(南),1
高沙2队路口站,1
高沙村站(北),1
高滩村,1
高滩路口,1
高田村委,1
高脊,1
高路大巷,1
高车村,1
高边,1
高速公路口,1
高铁庆盛总站,1
高铁庆盛站总站,1
高门村路口,1
鱼塘边,1
鱼洞村委,1
鱼珠总站,1
鲤塘村,1
鳌头公交站,1
鳌头工业园,1
鳌头第三中心小学,1
鳌头综维稳中心站,1
鳌头镇第二中心小学,1
鳌鱼岗大街牌坊总站,1
鳌鱼岗总站,1
鸡抱沙四涌(临时站),1
鸡笼岗路口,1
鸡龙岗路口,1
鸦湖方石村,1
鸦湖村口,1
鸭一村,1
鸭湖村,1
鸿图科技,1
鸿福东路东,1
鸿福商业中心,1
鸿福地铁站,1
鹅仓,1
鹤亭工业区北二路口,1
鹤亭工业区北六路口,1
鹤岗村,1
鹤龙东路站,1
鹤龙五路口,1
鹤龙四路(龙兴西路口)1站(原行知学院站),1
鹿田村水口站,1
鹿颈村牌坊站,1
麒麟中学站,1
麒麟新城三期总站,1
麦村村委,1
麦村村委,1
麦田生态园站,1
麻一木棉站,1
麻三村委,1
麻二大房站,1
麻二村委,1
麻冚村,1
麻冚村委,1
麻涌一中,1
麻涌中学,1
麻涌文化广场,1
麻涌码头,1
麻车村委,1
黄华路,1
黄华路口,1
黄园路,1
黄围,1
黄埔体育中心公交站场,1
黄埔区天誉小学站,1
黄埔区少年宫,1
黄埔新城(沙步一横路)总站,1
黄埔新城总站(沙步一横路),1
黄塘村,1
黄屋村,1
黄屋村,1
黄山鲁西门总站,1
黄岐中学,1
黄岐办事处总站,1
黄岐医院,1
黄岐海北广场,1
黄岐第一城总站,1
黄岐行政服务中心,1
黄岐高级中学,1
黄旗印象,1
黄村北总站,1
黄村北路,1
黄村训练基地总站,1
黄沙塘,1
黄沙岛花园,1
黄沙氹村口,1
黄沙路中站,1
黄沙路北站,1
黄河路中,1
黄泗围,1
黄泗围路口,1
黄洞村,1
黄登村,1
黄登村北,1
黄登村总站,1
黄石路南,1
黄竹塱,1
黄竹塱一队,1
黄竹塱工区六队,1
黄竹塱新村,1
黄船二街口,1
黄船技工学校,1
黄船文化中心总站,1
黄船集体宿舍,1
黄茅村委,1
黄茅村总站,1
黄葛坝站,1
黄边北路中,1
黄边北路总站,1
黄边北路西,1
黄边南街,1
黄边地铁站B口,1
黄边小学,1
黄边牌坊,1
黄阁南路,1
黄陂湿地公园,1
黄陂社区总站,1
黄鹤路总站,1
黎园酒家,1
黎家塘成德街口,1
黎家塘村口,1
黎家塘社岭街口,1
黎岗路口,1
齐富路总站,1
龙博路,1
龙口东路北,1
龙口东路南,1
龙口西(穗园小区)总站,1
龙口西路中,1
龙口西路南,1
龙古村口站,1
龙古村站,1
龙和路,1
龙地村,1
龙圳村,1
龙城医院,1
龙塘北路,1
龙塘村,1
龙岗大岭东,1
龙岗村口,1
龙岗村路口,1
龙岗风柜口,1
龙峰路口,1
龙归城(地铁夏良站)总站,1
龙归永兴村总站,1
龙怡路,1
龙新村,1
龙新村委,1
龙星,1
龙星工业园,1
龙星村,1
龙星村,1
龙星村,1
龙星村(2),1
龙星村卫生站,1
龙江交通中心公交枢纽站,1
龙江侨社,1
龙江村总站,1
龙江片区,1
龙江镇政府,1
龙河中路,1
龙河中路口,1
龙洞路,1
龙洞路南,1
龙津路口,1
龙湾村,1
龙溪公交保养场,1
龙溪地铁站,1
龙潭埔,1
龙潭村委,1
龙狮璟珑府总站,1
龙田,1
龙田村委,1
龙苑山庄,1
龙虎路东,1
龙角村委,1
龟岗站,1
龟岭村,1
